time,flow_id,path,hop_count,security_req,priority,path_available,resource_feasible,secure_feasible,key_feasible,Q,C,q_share,trust_path,latency_path,risk_path,degradation_path,qber_path,H_path,risk_trust,risk_noise,risk_qber,security_level,security_margin,free_energy,cost,functional_score,qkd_edge_fraction,p_raw,q_raw,method,selection_score,selection_status,allocated,seed,scenario
0,F1,SAT_1 -> UAV_1 -> BS_2 -> DC_1,3,0.58,1.0,True,True,False,True,0.2298588777669591,1.0,0.18689857992838274,0.8510320718177433,45.72916610590805,0.23177703294877136,0.8662602379831796,0.09876497805804062,0.46506839656972077,0.14896792818225665,0.17746621179835687,0.4460064069089953,0.543649438571731,-0.03635056142826898,0.6769173253976463,0.36340277516090425,-0.7859381579459175,0.6666666666666666,10.741949054773412,0.018388710221356727,proposed_hybrid,-0.7859381579459175,best_effort_allocated,True,42,nominal
0,F2,SAT_2 -> SAT_1 -> GW_1 -> BS_1,3,0.52,0.94,True,True,False,False,0.0,0.7711299161122326,0.0,0.8656868640727723,54.943166845401784,0.25990687729307516,0.946756995474066,0.11335870475769162,0.5099644355329767,0.13431313592722763,0.22363614943311072,0.529500485183558,0.31745957234651456,-0.20254042765348546,0.9269896313186134,0.4064014452785416,-1.0489100649021759,0.6666666666666666,7.711299161122326,0.0,proposed_hybrid,-1.0489100649021759,best_effort_allocated,True,42,nominal
0,F3,UAV_1 -> BS_2 -> DC_1,2,0.48,0.88,True,True,True,True,1.0,0.7701024307422758,0.564939058120303,0.869020263475716,19.123933205915833,0.1801301069839718,0.5382958251569114,0.0747991306340464,0.38358307506417955,0.1309797365242839,0.12080323779623772,0.3397930168366909,0.8677305517986817,0.38773055179868177,0.3092237651101505,0.1892450216276072,-0.36599727159843265,0.5,7.701024307422758,0.104124626952701,proposed_hybrid,-0.36599727159843265,secure_allocated,True,42,nominal
0,F5,UAV_2 -> BS_2 -> BS_3,2,0.46,0.82,True,True,True,True,1.0,1.0,0.5,0.8593362511433145,8.50458744801092,0.17484559999764537,0.5748919741478009,0.061829833610092685,0.33466625215378115,0.1406637488566856,0.1421722469558458,0.27558095570153257,0.9690539752515291,0.5090539752515291,0.19329310778585657,0.1396880747573843,-0.23519953021307186,0.5,14.607405388253023,0.1232946951076598,proposed_hybrid,-0.23519953021307186,secure_allocated,True,42,nominal
0,F4,GW_2 -> UAV_2 -> BS_2 -> BS_1,3,0.44,0.78,True,True,True,True,0.7079144410496466,1.0,0.4144905763631684,0.8469788609009554,25.261902498472285,0.20762268895803224,0.8762235544091825,0.08004283672601692,0.4023301100787807,0.1530211390990446,0.15329055337210118,0.3711040414073272,0.8056882919755158,0.36568829197551583,0.3883244455752939,0.267888878326204,-0.4686911090731551,0.6666666666666666,11.107405388253023,0.05663315528397173,proposed_hybrid,-0.4686911090731551,secure_allocated,True,42,nominal
1,F1,SAT_1 -> UAV_1 -> BS_2 -> DC_1,3,0.58,1.0,True,True,False,False,0.15308973205217913,1.0,0.13276480381082048,0.8797412253676625,43.85823054607408,0.22236960666882027,0.8778980310969096,0.10201278245862208,0.47534368372187175,0.12025877463233747,0.17442635536477025,0.4637010058993493,0.5077424222095842,-0.07225757779041575,0.7111598217218529,0.3546717425483457,-0.8175613444863565,0.6666666666666666,10.739917232579351,0.01224717856417433,proposed_hybrid,-0.8175613444863565,best_effort_allocated,True,42,nominal
1,F2,SAT_2 -> GW_2 -> UAV_2 -> BS_2 -> BS_1,4,0.52,0.94,True,True,False,False,0.0,0.6471918181020402,0.0,0.8243359722409979,71.98221851117795,0.28170473359156706,0.9824755825607117,0.13072703439959515,0.5594287136887139,0.17566402775900225,0.267506146810698,0.4896163082272265,0.2525902320389376,-0.2674097679610624,1.014034076499446,0.5359170197188304,-1.174809182415095,0.75,6.471918181020402,0.0,proposed_hybrid,-1.174809182415095,best_effort_allocated,True,42,nominal
1,F3,UAV_1 -> BS_2 -> DC_1,2,0.48,0.88,True,True,True,True,1.0,0.7899726715151262,0.5586677472307707,0.894935521825618,19.40252611765486,0.17161006069846882,0.5566203839949331,0.07519936222116569,0.3850337177482405,0.10506447817438203,0.11817940118864212,0.35550890065361707,0.8823735169834428,0.4023735169834428,0.2911094397679283,0.1905451218823893,-0.3482729763326451,0.5,7.899726715151262,0.09428910377288659,proposed_hybrid,-0.3482729763326451,secure_allocated,True,42,nominal
1,F5,UAV_2 -> BS_2 -> BS_3,2,0.46,0.82,True,True,True,True,1.0,0.9959849694706143,0.5010057767445139,0.8645590085467709,8.543938963676629,0.1717383413933647,0.6257007190807369,0.06137435918974374,0.3328766240567561,0.13544099145322913,0.15104938686003894,0.26190031672559966,0.9683962181420661,0.508396218142066,0.19210519149913702,0.13987171516382427,-0.2340667060482843,0.5,9.959849694706143,0.09990166018139507,proposed_hybrid,-0.2340667060482843,secure_allocated,True,42,nominal
1,F4,GW_2 -> UAV_2 -> BS_2 -> BS_1,3,0.44,0.78,True,True,True,True,0.5846517905804699,0.6459849694706143,0.4750807139518575,0.8413304357694118,26.308959697295442,0.21087261546277924,0.8790082806641727,0.07791402024523716,0.3947861214961758,0.15866956423058828,0.16297335235089885,0.3623172234149794,0.5773444169503055,0.13734441695030547,0.6162447903819891,0.2727751452540454,-0.6980773339582027,0.6666666666666666,6.4598496947061435,0.046772143246437595,proposed_hybrid,-0.6980773339582027,secure_allocated,True,42,nominal
2,F1,SAT_1 -> UAV_1 -> BS_2 -> DC_1,3,0.58,1.0,True,True,False,True,0.28496821516344933,1.0,0.22177063354613877,0.87268374157081,43.372068086642564,0.2195643253561873,0.8741261118202842,0.09522796133945567,0.4536834241589963,0.12731625842919,0.18267281269272048,0.4298806610209427,0.5787229414854752,-0.0012770585145247537,0.6335018609645582,0.35240298440433193,-0.7392227562858578,0.6666666666666666,10.357472888350804,0.022797457213075946,proposed_hybrid,-0.7392227562858578,best_effort_allocated,True,42,nominal
2,F2,SAT_2 -> GW_2 -> UAV_2 -> BS_2 -> BS_1,4,0.52,0.94,True,True,False,False,0.0,0.6912411964130498,0.0,0.8339737642247289,72.76087533201536,0.2751261033555229,0.9815239914053946,0.13122524297704916,0.5607888692571567,0.16602623577527112,0.26891000901043766,0.47896517821407836,0.2745327665153127,-0.2454672334846873,0.9894711973089617,0.539550751549405,-1.1513364227737832,0.75,6.912411964130499,0.0,proposed_hybrid,-1.1513364227737832,best_effort_allocated,True,42,nominal
2,F3,UAV_1 -> BS_2 -> DC_1,2,0.48,0.88,True,True,True,True,1.0,0.7445286245667626,0.5732207462335797,0.8924700633983742,17.999310833708513,0.16678777531418865,0.5426336278812266,0.07237595790059274,0.3747283513542953,0.10752993660162574,0.12183563470049988,0.32739445373322845,0.8613812950026856,0.3813812950026856,0.30735529172727316,0.18399678389063973,-0.3625543268944651,0.5,7.445286245667626,0.10926045364603229,proposed_hybrid,-0.3625543268944651,secure_allocated,True,42,nominal
2,F5,UAV_2 -> BS_2 -> BS_3,2,0.46,0.82,True,True,True,True,1.0,1.0,0.5,0.8702370544947889,8.368896270220178,0.16944390024911948,0.6307749362575656,0.05616717634432133,0.3120382811977559,0.12976294550521106,0.15585684201512778,0.2571740886689446,0.9714521519888536,0.5114521519888535,0.18280717342268915,0.13905484926102749,-0.2245236282009974,0.5,10.057026633468416,0.11467971482873808,proposed_hybrid,-0.2245236282009974,secure_allocated,True,42,nominal
2,F4,GW_2 -> UAV_2 -> BS_2 -> BS_1,3,0.44,0.78,True,True,True,True,0.6365479199751377,0.6557026633468416,0.4925886110561998,0.8493205428873143,26.052155623564968,0.2036910661795197,0.8743537235457152,0.0765010223317322,0.3897287010843273,0.1506794571126857,0.1637772127971522,0.34700858655866185,0.6120180739276136,0.17201807392761365,0.5770750811242521,0.2715767262433032,-0.6585480989972431,0.6666666666666666,6.557026633468416,0.05092383359801102,proposed_hybrid,-0.6585480989972431,secure_allocated,True,42,nominal
3,F1,SAT_1 -> UAV_1 -> BS_2 -> DC_1,3,0.58,1.0,True,True,True,True,0.29551175805402513,1.0,0.22810426552817265,0.865983759919216,41.77313804356214,0.22329553381583472,0.8810233468772581,0.0946590741143592,0.45183290879281024,0.13401624008078405,0.18054739944881967,0.435296023779344,0.5830478941119414,0.003047894111941396,0.6303933233033868,0.3449413108699566,-0.7338757165643738,0.6666666666666666,10.359544619053382,0.02364094064432201,proposed_hybrid,-0.7338757165643738,secure_allocated,True,42,nominal
3,F2,SAT_2 -> SAT_1 -> GW_1 -> BS_1,3,0.52,0.94,True,True,False,False,0.0,0.7379911661299825,0.0,0.8811389395564572,50.264828343265805,0.25875472499495095,0.9589981319795673,0.11100362417409784,0.5029357895585649,0.11886106044354276,0.26135868806498863,0.5074385655034405,0.3059465914609127,-0.21405340853908733,0.9362269821764565,0.38456919893524044,-1.0515977418570286,0.6666666666666666,7.3799116612998255,0.0,proposed_hybrid,-1.0515977418570286,best_effort_allocated,True,42,nominal
3,F3,UAV_1 -> BS_2 -> DC_1,2,0.48,0.88,True,True,True,True,1.0,0.7526231654693316,0.570573309598023,0.8745346526240824,17.888140864655913,0.17756198424116665,0.5652900396412568,0.07497575402134578,0.38422365868521907,0.12546534737591764,0.12249710255571916,0.3374137886211519,0.8610780480384973,0.3810780480384973,0.31488075954133243,0.1834779907017276,-0.3699241567518507,0.5,7.526231654693316,0.09138808724908393,proposed_hybrid,-0.3699241567518507,secure_allocated,True,42,nominal
3,F5,UAV_2 -> BS_2 -> BS_3,2,0.46,0.82,True,True,True,True,1.0,1.0,0.5,0.8664601324581716,7.971721087756919,0.15957360678069263,0.6317939510905499,0.05440621197092214,0.3048272498184507,0.1335398675418285,0.1515892708181433,0.21601554056570726,0.9706212291407977,0.5106212291407977,0.17739370636512664,0.13720136507619896,-0.21855411588798632,0.5,14.061354041788407,0.1302019324809008,proposed_hybrid,-0.21855411588798632,secure_allocated,True,42,nominal
3,F4,GW_2 -> BS_2 -> UAV_1 -> GW_1 -> BS_1,4,0.44,0.78,True,False,False,True,0.6689859298495399,0.25262316546933156,0.7258890274060008,0.8694188929385407,36.63133170930868,0.18731870181215693,0.8849038857246244,0.07584707512388726,0.38737432503984925,0.13058110706145934,0.1391915724281185,0.34719892762425875,0.4528948423249251,0.012894842324925104,0.7282421547505078,0.37094621464344046,-0.83952601914354,0.5,2.5262316546933157,0.05351887438796319,proposed_hybrid,-0.83952601914354,degraded_unallocated,False,42,nominal
4,F1,SAT_1 -> GW_1 -> UAV_1 -> BS_2 -> DC_1,4,0.58,1.0,True,True,False,False,0.0,0.9064103781555488,0.0,0.8755774782257082,49.69786462248524,0.22916187997443602,0.9758297316705553,0.1104168930533852,0.5011721542589782,0.12442252177429186,0.20007222818435783,0.4526003068827893,0.3805117153796527,-0.19948828462034723,0.8479041691735881,0.43192336823826444,-0.9774811796450674,0.75,9.064103781555488,0.0,proposed_hybrid,-0.9774811796450674,best_effort_allocated,True,42,nominal
4,F2,SAT_2 -> SAT_1 -> GW_1 -> BS_1,3,0.52,0.94,True,False,False,False,0.0,0.4064103781555488,0.0,0.8704179279974168,49.808861979235274,0.26038949621288726,0.9592204608070964,0.1104168930533852,0.5011721542589782,0.12958207200258323,0.25880534529348165,0.4977438408947213,0.15437661432942865,-0.3656233856705714,1.0880916975311152,0.3824413559030979,-1.2028241043020447,0.6666666666666666,4.064103781555488,0.0,proposed_hybrid,-1.2028241043020447,degraded_unallocated,False,42,nominal
4,F3,UAV_1 -> BS_2 -> DC_1,2,0.48,0.88,True,True,True,True,1.0,0.7568278806313149,0.569207724345,0.8918429571969686,16.791546732291742,0.15673415515673073,0.563685779391701,0.0712914706766678,0.3707247890259173,0.10815704280303134,0.12070812340616312,0.2874041954940708,0.8667779968674247,0.38677799686742476,0.29643357020958344,0.17836055141736146,-0.34994173563479186,0.5,7.568278806313149,0.09791436984498066,proposed_hybrid,-0.34994173563479186,secure_allocated,True,42,nominal
4,F5,UAV_2 -> GW_2 -> BS_3,2,0.46,0.82,True,True,True,True,0.6117958384237776,1.0,0.37957402782604943,0.8627551194602219,21.40445015627187,0.19328032375097698,0.825071785925761,0.07722443007065918,0.3923229818904571,0.13724488053977807,0.11234706208559816,0.39126403552958955,0.7562938374143265,0.2962938374143265,0.42876305374622736,0.19988743406260207,-0.488729283965008,0.5,13.7445950262873,0.04894366707390221,proposed_hybrid,-0.488729283965008,secure_allocated,True,42,nominal
4,F4,GW_2 -> SAT_2 -> SAT_1 -> GW_1 -> BS_1,4,0.44,0.78,True,True,False,False,0.0,0.4064103781555488,0.0,0.8496511838805304,96.76090202453616,0.31865658597342117,0.9938530084901397,0.1276997019208313,0.5510956898268529,0.15034881611946962,0.348214798060733,0.5861407172057599,0.14980793062371364,-0.2901920693762864,1.131361455521039,0.651550876114502,-1.3268267183553895,0.75,4.064103781555488,0.0,proposed_hybrid,-1.3268267183553895,best_effort_allocated,True,42,nominal
5,F1,SAT_1 -> GW_1 -> UAV_1 -> BS_2 -> DC_1,4,0.58,1.0,True,True,False,False,0.025350087414113223,0.8890843608938483,0.027722148330063638,0.8675203292569715,49.62104857687044,0.234271079949578,0.9772976640674517,0.10792522426012008,0.4936259139927663,0.1324796707430286,0.1948744773715297,0.4647715396150248,0.38488498291652773,-0.19511501708347223,0.8439434815589739,0.4315648933587287,-0.9734129495665925,0.75,8.890843608938484,0.002028006993129058,proposed_hybrid,-0.9734129495665925,best_effort_allocated,True,42,nominal
5,F2,SAT_2 -> UAV_2 -> BS_2 -> BS_1,3,0.52,0.94,True,True,False,False,0.0,0.5006143605566884,0.0,0.8049526143022292,40.80867582449295,0.29749352983171407,0.9284501630891259,0.1217561138525165,0.5343877822277422,0.1950473856977708,0.33901116675276316,0.4320754249675531,0.1823660373970002,-0.3376339626029998,1.0851029965842067,0.3404404871809671,-1.1872351427384968,0.6666666666666666,5.0061436055668835,0.0,proposed_hybrid,-1.1872351427384968,best_effort_allocated,True,42,nominal
5,F3,UAV_1 -> BS_2 -> DC_1,2,0.48,0.88,True,True,True,True,0.9635613692776405,0.7102779654055448,0.5756594132494908,0.8794821943253042,16.6074814523934,0.1680486615461566,0.6054641203467561,0.0753996378106137,0.38575836978658373,0.12051780567469583,0.12300407181671548,0.30765770979011536,0.8230699202867643,0.3430699202867643,0.3489915698556521,0.17750158011116918,-0.40224204388900286,0.5,7.102779654055448,0.07708490954221124,proposed_hybrid,-0.40224204388900286,secure_allocated,True,42,nominal
5,F5,UAV_2 -> BS_2 -> BS_3,2,0.46,0.82,True,True,True,True,1.0,0.9635390201738068,0.5092845060504491,0.8641554647035528,8.357722320297976,0.1704657109942808,0.6619162431181518,0.055352710742965126,0.3087137421902624,0.1358445352964472,0.15955490668374622,0.24587679242302277,0.9537067613129947,0.4937067613129947,0.20018124418199723,0.13900270416139054,-0.24188205543041438,0.5,9.635390201738067,0.11199248245953959,proposed_hybrid,-0.24188205543041438,secure_allocated,True,42,nominal
5,F4,GW_2 -> UAV_2 -> BS_2 -> BS_1,3,0.44,0.78,True,True,True,True,1.0,0.6135390201738067,0.6197556969476216,0.8605757863022002,25.78331766285237,0.19066089472198683,0.8726528635756631,0.0702636675909081,0.3669068372036606,0.13942421369779975,0.16169352301957035,0.31764776660842325,0.7954192320646971,0.3554192320646971,0.3821048798611121,0.27032214909331104,-0.4632015245891054,0.6666666666666666,6.135390201738067,0.08676198271804975,proposed_hybrid,-0.4632015245891054,secure_allocated,True,42,nominal
6,F1,SAT_1 -> GW_1 -> UAV_1 -> BS_2 -> DC_1,4,0.58,1.0,True,True,False,False,0.02505375892715291,0.9292967676887172,0.026252156024887015,0.8749029804699765,50.71326237498995,0.2298766841228412,0.9769534697651202,0.10787051875223513,0.4934591966330262,0.12509701953002353,0.1978540497957044,0.4569072415824772,0.4044417685732516,-0.17555823142674837,0.8223675384402835,0.43666189108328646,-0.9533661057652695,0.75,9.292967676887171,0.0020043007141722327,proposed_hybrid,-0.9533661057652695,best_effort_allocated,True,42,nominal
6,F2,SAT_2 -> UAV_2 -> BS_2 -> BS_1,3,0.52,0.94,True,True,False,False,0.0,0.5037740198885385,0.0,0.8031562937274241,39.28824058922369,0.2970179469394425,0.9275944739544048,0.12059492861931576,0.5310685549287243,0.19684370627257586,0.3492758120747572,0.4146221419774247,0.18339269356987564,-0.3366073064301244,1.0830325212850545,0.3333451227497105,-1.1830360581099677,0.6666666666666666,5.037740198885386,0.0,proposed_hybrid,-1.1830360581099677,best_effort_allocated,True,42,nominal
6,F3,UAV_1 -> BS_2 -> DC_1,2,0.48,0.88,True,True,True,True,1.0,0.7630826873014955,0.5671883725037085,0.8962486737571969,17.471743129767457,0.1566694294407776,0.5869977982112672,0.06969423911728984,0.3647815739283298,0.10375132624280314,0.1182942671090016,0.2979722099952628,0.8705619175122562,0.3905619175122562,0.2911347192181762,0.18153480127224814,-0.34559515959985065,0.5,7.630826873014955,0.09881603919614808,proposed_hybrid,-0.34559515959985065,secure_allocated,True,42,nominal
6,F5,UAV_2 -> BS_2 -> DC_1 -> BS_3,3,0.46,0.82,True,True,True,True,1.0,0.9924857980482488,0.5018856350090706,0.9029930002223843,13.21101917568298,0.13192311925635228,0.6734591048224057,0.05141571367098325,0.292380637522348,0.09700699977761573,0.12747502233411748,0.2001098506247598,0.9752770691706365,0.5152770691706365,0.15718349387530903,0.21165142281985388,-0.2206789207212652,0.3333333333333333,9.924857980482487,0.08557353743020404,proposed_hybrid,-0.2206789207212652,secure_allocated,True,42,nominal
6,F4,GW_2 -> BS_2 -> UAV_1 -> GW_1 -> BS_1,4,0.44,0.78,True,False,False,True,0.47867802507816576,0.26308268730149553,0.6453267436374551,0.8694569816683594,35.100204478637195,0.1860968521733797,0.895949465366007,0.07688216319867233,0.3910968724532897,0.13054301833164061,0.134893172820601,0.3475381683118445,0.3529406590457032,-0.0870593409542968,0.8285771425456402,0.36380095423364023,-0.9377174288157323,0.5,2.6308268730149553,0.03829424200625326,proposed_hybrid,-0.9377174288157323,degraded_unallocated,False,42,nominal
7,F1,SAT_1 -> UAV_1 -> BS_2 -> DC_1,3,0.58,1.0,True,True,True,True,0.3276848292023045,1.0,0.2468091989867679,0.8680761587396241,43.08586905055353,0.2087882233904892,0.8983454160323151,0.09221768163066396,0.4438291488485152,0.1319238412603759,0.17083575527113157,0.3926870729679222,0.6012034109839848,0.021203410983984816,0.6037085767538641,0.35106738890258316,-0.7090287934246391,0.6666666666666666,10.221902745577474,0.026214786336184362,proposed_hybrid,-0.7090287934246391,secure_allocated,True,42,nominal
7,F2,SAT_2 -> SAT_1 -> GW_1 -> BS_1,3,0.52,0.94,True,True,False,False,0.06556135930728017,0.7106501624407324,0.08446326480652765,0.8657960050061239,50.89132467167822,0.25385516918545875,0.9589428966704341,0.10420086417960149,0.48217229963685443,0.13420399499387614,0.23743701605838077,0.48892906648280104,0.32632644181868087,-0.19367355818131915,0.9084514592239892,0.3874928484678317,-1.0246993137643388,0.6666666666666666,7.106501624407325,0.0052449087445824135,proposed_hybrid,-1.0246993137643388,best_effort_allocated,True,42,nominal
7,F3,UAV_1 -> BS_2 -> DC_1,2,0.48,0.88,True,True,True,True,1.0,0.7257790324275707,0.5794484584699977,0.8872096052009766,17.096356348810396,0.15600738706213596,0.6096624903317813,0.06847956421197585,0.36022389399852833,0.11279039479902347,0.11614041688385962,0.2816383373496701,0.8517866777366218,0.3717866777366218,0.3084726199409715,0.1797829962944485,-0.36240751882930605,0.5,7.257790324275707,0.09971569784350028,proposed_hybrid,-0.36240751882930605,secure_allocated,True,42,nominal
7,F5,UAV_2 -> BS_2 -> DC_1 -> BS_3,3,0.46,0.82,True,True,True,True,1.0,1.0,0.5,0.8961876826972756,12.822354800840255,0.13336478270086427,0.6671564234674408,0.05371233235910142,0.3019621198265656,0.10381231730272437,0.1273468256988022,0.1937807688199905,0.9771612901934006,0.5171612901934006,0.15834339197862973,0.20983765573725452,-0.2212946886998061,0.3333333333333333,14.113252740144928,0.08944687794046854,proposed_hybrid,-0.2212946886998061,secure_allocated,True,42,nominal
7,F4,GW_2 -> UAV_2 -> BS_2 -> BS_1,3,0.44,0.78,True,True,True,True,1.0,1.0,0.5,0.8448205710616534,24.014209113805407,0.1963913201048957,0.8719530172976002,0.06940442715805405,0.3636971491313239,0.1551794289383466,0.16398984460135255,0.3094544948089359,0.9658605256335637,0.5258605256335638,0.21343985569647034,0.26206630919775853,-0.2920597484557979,0.6666666666666666,10.613252740144928,0.087032282304994,proposed_hybrid,-0.2920597484557979,secure_allocated,True,42,nominal
8,F1,SAT_1 -> UAV_1 -> GW_1 -> BS_1 -> DC_1,4,0.58,1.0,True,True,True,True,0.34466397201140675,0.9916649805503471,0.2579185097731236,0.8672527765483405,45.10327559798143,0.1987881646343837,0.9483213687555413,0.0860146481806345,0.4230254364210334,0.13274722345165949,0.1576567936245593,0.3670195039750766,0.6066100366945648,0.026610036694564854,0.5886009964961663,0.41048195279058,-0.7117455823333403,0.5,9.916649805503472,0.027573117760912542,proposed_hybrid,-0.7117455823333403,secure_allocated,True,42,nominal
8,F2,SAT_2 -> SAT_1 -> UAV_1 -> GW_1 -> BS_1,4,0.52,0.94,True,True,False,True,0.3294959580171101,0.49166498055034713,0.401256248978339,0.8574199553427511,63.15999897303413,0.23511945428715741,0.9805173166118119,0.08911793507917537,0.43351872637155575,0.14258004465724888,0.18361986582030315,0.46348989778121796,0.37110440833247205,-0.14889559166752797,0.8430790276896377,0.49474666187415917,-0.9915030262518855,0.75,4.9166498055034715,0.02635967664136881,proposed_hybrid,-0.9915030262518855,best_effort_allocated,True,42,nominal
8,F3,UAV_1 -> GW_1 -> BS_1 -> DC_1,3,0.48,0.88,True,True,False,True,0.24333591901710516,0.5638991456947859,0.30144369298917134,0.8872657318551359,19.878633851096044,0.16298320715698275,0.803314370820305,0.0791152692385802,0.3990540889300334,0.11273426814486413,0.1256628916311436,0.29821567600980325,0.3627878320301914,-0.1172121679698086,0.8103181334229592,0.24276695797178152,-0.8831482208144936,0.3333333333333333,5.63899145694786,0.019466873521368413,proposed_hybrid,-0.8831482208144936,best_effort_allocated,True,42,nominal
8,F5,UAV_2 -> BS_2 -> BS_3,2,0.46,0.82,True,True,True,True,1.0,1.0,0.5,0.8481436377046927,7.59784180606443,0.1728338643673843,0.6485487308384579,0.05239782791878816,0.29649673308175667,0.1518563622953073,0.1614783044579698,0.22422003998842038,0.9665916002950324,0.5065916002950324,0.18530782194072964,0.13545659509496732,-0.22594480046921983,0.5,15.023551993467889,0.13873242711846456,proposed_hybrid,-0.22594480046921983,secure_allocated,True,42,nominal
8,F4,GW_2 -> UAV_2 -> BS_2 -> BS_1,3,0.44,0.78,True,True,True,True,1.0,1.0,0.5,0.8515439940321633,23.441666030154547,0.1923692396160997,0.8751225625663581,0.06639941930670014,0.352341000449116,0.1484560059678367,0.16566285881299794,0.30346071714669526,0.9673396786870759,0.5273396786870759,0.20731172925244792,0.25939444147405455,-0.28513006169466426,0.6666666666666666,11.523551993467889,0.09409990782679026,proposed_hybrid,-0.28513006169466426,secure_allocated,True,42,nominal
9,F1,SAT_1 -> GW_1 -> UAV_1 -> BS_2 -> DC_1,4,0.58,1.0,True,True,False,False,0.01231006989095567,0.9756503535220657,0.01246008402687745,0.8561857275510136,49.242870790557504,0.235788504450312,0.9751674844578091,0.10905419382781623,0.4970565134393004,0.14381427244898645,0.17881992177697525,0.469704421260702,0.4141740575861782,-0.16582594241382176,0.8161948977762874,0.4298000636892683,-0.9451349168830678,0.75,9.756503535220657,0.0009848055912764536,proposed_hybrid,-0.9451349168830678,best_effort_allocated,True,42,nominal
9,F2,SAT_2 -> GW_2 -> UAV_2 -> BS_2 -> BS_1,4,0.52,0.94,True,True,False,False,0.0,0.6461340106833879,0.0,0.8327687562296541,62.83737781663923,0.25873909135651496,0.9812000041046871,0.12200603706500403,0.5350997990773485,0.16723124377034587,0.25239854610279183,0.4310618713160872,0.25396943117804843,-0.2660305688219516,0.9962381097017203,0.4932410964776497,-1.1442104386450151,0.75,6.461340106833879,0.0,proposed_hybrid,-1.1442104386450151,best_effort_allocated,True,42,nominal
9,F3,UAV_1 -> BS_2 -> DC_1,2,0.48,0.88,True,True,True,True,1.0,0.7060828964196361,0.5861379901871048,0.8829445726342484,17.128757262962026,0.16093951442366758,0.5947924926334485,0.07278864675621621,0.3762452022278536,0.11705542736575164,0.12092431225330616,0.28794911373235,0.8419851093683709,0.3619851093683709,0.3244989726792429,0.17993420056048942,-0.3784792328473897,0.5,7.060828964196361,0.08529220472288339,proposed_hybrid,-0.3784792328473897,secure_allocated,True,42,nominal
9,F5,UAV_2 -> BS_2 -> BS_3,2,0.46,0.82,True,True,True,True,1.0,1.0,0.5,0.8581484651141534,7.379575489713197,0.16927307394445967,0.6432506707693687,0.05958409034973677,0.3257916960458532,0.14185153488584656,0.14587383420009187,0.2467109319432046,0.9687926623251137,0.5087926623251138,0.18882814496135641,0.13443801895199492,-0.2291595506469549,0.5,10.57369859093751,0.11295826366389207,proposed_hybrid,-0.2291595506469549,secure_allocated,True,42,nominal
9,F4,GW_2 -> UAV_2 -> BS_2 -> BS_1,3,0.44,0.78,True,True,True,True,1.0,0.707369859093751,0.5856961774707599,0.8521814340264368,22.861278024726204,0.18809451056094,0.8725711958365511,0.06031585854608593,0.3286974856527508,0.14781856597356322,0.15223332378973617,0.3036246349436628,0.8357963520780042,0.3957963520780042,0.33102054908760653,0.2566859641153889,-0.4080263383222232,0.6666666666666666,7.073698590937511,0.09786269463935787,proposed_hybrid,-0.4080263383222232,secure_allocated,True,42,nominal
10,F1,SAT_1 -> GW_1 -> UAV_1 -> BS_2 -> DC_1,4,0.58,1.0,True,True,False,False,0.0,0.9596811435038888,0.0,0.835980032904745,50.01629615447861,0.2412187453565578,0.9734774761977312,0.11389412789512561,0.5115512251385282,0.1640199670952551,0.17046440466413654,0.4650817550578081,0.3957721218157938,-0.18422787818420616,0.8406641198792892,0.4334093820542335,-0.9706869344955593,0.75,9.596811435038887,0.0,proposed_hybrid,-0.9706869344955593,best_effort_allocated,True,42,nominal
10,F2,SAT_2 -> GW_2 -> UAV_2 -> BS_2 -> BS_1,4,0.52,0.94,True,True,False,False,0.0,0.6454286172150888,0.0,0.811227026269431,61.56504387856223,0.2621244542480843,0.9815316190026766,0.11825059552226906,0.5243112622202595,0.1887729737305691,0.24225337766962404,0.4180024110737639,0.24891282352606478,-0.2710871764739352,1.000120996440638,0.4873035380999571,-1.146312057870625,0.75,6.454286172150888,0.0,proposed_hybrid,-1.146312057870625,best_effort_allocated,True,42,nominal
10,F3,UAV_1 -> BS_2 -> DC_1,2,0.48,0.88,True,True,True,True,1.0,0.7155940695876527,0.5828884686226226,0.865476192128339,17.464093703755385,0.16590394866686015,0.5985691251930809,0.07181764404122142,0.3726704228052792,0.13452380787166096,0.11291301809442988,0.285977318785135,0.8424220935826783,0.3624220935826783,0.3254022890187286,0.18149910395085844,-0.3798520202039861,0.5,7.155940695876527,0.09017917992466151,proposed_hybrid,-0.3798520202039861,secure_allocated,True,42,nominal
10,F5,UAV_2 -> BS_2 -> BS_3,2,0.46,0.82,True,True,True,True,1.0,1.0,0.5,0.8487033895691547,7.551710014687952,0.17549620706218885,0.6225004733068591,0.05979613313979123,0.32663511176166743,0.15129661043084525,0.14021856023070206,0.2613886571963915,0.966714745705214,0.5067147457052139,0.19391732541318785,0.13524131340187712,-0.23448971943375096,0.5,10.884263317823997,0.11720902530922399,proposed_hybrid,-0.23448971943375096,secure_allocated,True,42,nominal
10,F4,GW_2 -> UAV_2 -> BS_2 -> BS_1,3,0.44,0.78,True,True,True,True,1.0,0.7384263317823997,0.5752328883414375,0.8302041441392757,21.22810013854663,0.1942841721799491,0.8749327584902629,0.05979613313979123,0.32663511176166743,0.1697958558607244,0.14745558436061548,0.29455744693775393,0.8449367610127205,0.4049367610127205,0.3241498944086734,0.2490644673132176,-0.3988692346026387,0.6666666666666666,7.384263317823997,0.10762784755070245,proposed_hybrid,-0.3988692346026387,secure_allocated,True,42,nominal
11,F1,SAT_1 -> UAV_1 -> BS_2 -> DC_1,3,0.58,1.0,True,True,False,True,0.2601483884838025,0.9960493497374905,0.20709190963212395,0.8432899396794343,41.865693871622554,0.21275593519078584,0.8803445653222308,0.09689516400815244,0.4590755097714643,0.15671006032056564,0.15391107597994869,0.3842523410101868,0.5568276077774377,-0.023172392222562288,0.6536814405012821,0.3453732380675719,-0.7572934119215536,0.6666666666666666,9.960493497374905,0.020811871078704202,proposed_hybrid,-0.7572934119215536,best_effort_allocated,True,42,nominal
11,F2,SAT_2 -> SAT_1 -> GW_1 -> BS_1,3,0.52,0.94,True,True,False,False,0.001204877911267797,0.6901508293052696,0.001742775677832686,0.8600220943751159,50.02400461547585,0.2517207044198638,0.9531543841402966,0.10993596522265156,0.49972277973143353,0.13997790562488413,0.199607288259809,0.515393841642893,0.2804354168010941,-0.23956458319890594,0.957769595120703,0.38344535487222065,-1.0728032015823692,0.6666666666666666,6.9015082930526965,9.639023290142375e-05,proposed_hybrid,-1.0728032015823692,best_effort_allocated,True,42,nominal
11,F3,UAV_1 -> BS_2 -> DC_1,2,0.48,0.88,True,True,True,True,1.0,0.7091191401103429,0.5850967182635605,0.8639343251028374,16.71121678811042,0.16039192825010024,0.5628574150956667,0.06738380108853188,0.35608377792433044,0.1360656748971626,0.11937905558116896,0.2533946314881055,0.8391691645722785,0.35916916457227854,0.3220281476213492,0.17798567834451529,-0.3754238511247038,0.5,7.09119140110343,0.11609421328656908,proposed_hybrid,-0.3754238511247038,secure_allocated,True,42,nominal
11,F5,UAV_2 -> BS_2 -> BS_3,2,0.46,0.82,True,True,True,True,1.0,1.0,0.5,0.8345641538548613,7.693507595521931,0.17600252145315848,0.6108394365110599,0.05339783837859711,0.300659037565319,0.16543584614513873,0.13201507646934485,0.2478074709881703,0.9636041138480694,0.5036041138480694,0.19076178019718162,0.13590303544576898,-0.23153269083091232,0.5,16.241943637783532,0.15361494644064858,proposed_hybrid,-0.23153269083091232,secure_allocated,True,42,nominal
11,F4,GW_2 -> UAV_2 -> BS_2 -> BS_1,3,0.44,0.78,True,True,True,True,1.0,1.0,0.5,0.8355583893351198,22.527452257799276,0.19045261348431503,0.8771511282933273,0.05883771996582466,0.3228137184900939,0.16444161066488014,0.14193976336211966,0.29548783870593226,0.9638228456537263,0.5238228456537264,0.2025842600367389,0.2551281105363966,-0.27912269319765787,0.6666666666666666,12.741943637783532,0.11253031946335085,proposed_hybrid,-0.27912269319765787,secure_allocated,True,42,nominal
12,F1,SAT_1 -> UAV_1 -> BS_2 -> DC_1,3,0.58,1.0,True,True,True,True,0.3307637784711208,0.9666588602728844,0.25493911435931393,0.8386234746408228,42.23272726788662,0.21066807403287452,0.8795382005400906,0.09423301441534274,0.4504434260575908,0.16137652535917724,0.1405374295859294,0.38354963498186373,0.5814137297028954,0.0014137297028954388,0.6259977601262958,0.34708606058347086,-0.7301235783013371,0.6666666666666666,9.666588602728844,0.026461102277689667,proposed_hybrid,-0.7301235783013371,secure_allocated,True,42,nominal
12,F2,SAT_2 -> SAT_1 -> GW_1 -> BS_1,3,0.52,0.94,True,True,False,False,0.0,0.6781193250507335,0.0,0.8473683400506121,48.850652671507476,0.25458005872336104,0.9493158108569574,0.11038910847326514,0.5010885123219455,0.15263165994938785,0.18493812577329302,0.5216574960565944,0.2715747310839647,-0.24842526891603534,0.9682584234220342,0.3779697124670348,-1.0816493371621445,0.6666666666666666,6.781193250507335,0.0,proposed_hybrid,-1.0816493371621445,best_effort_allocated,True,42,nominal
12,F3,UAV_1 -> BS_2 -> DC_1,2,0.48,0.88,True,True,True,True,1.0,0.7225336136281302,0.5805401950291841,0.8625776245521583,17.312069644844737,0.15859772838743863,0.5757879456906514,0.0678805273352214,0.3579639468899234,0.13742237544784175,0.10484686110165525,0.2612144044216531,0.8449072035341334,0.3649072035341334,0.31595276096269487,0.18078965834260874,-0.37018965846547747,0.5,7.225336136281301,0.1110430268385224,proposed_hybrid,-0.37018965846547747,secure_allocated,True,42,nominal
12,F5,UAV_2 -> BS_2 -> BS_3,2,0.46,0.82,True,True,True,True,1.0,1.0,0.5,0.8303240858699139,7.563699710003018,0.18156837050710584,0.5780884478235078,0.06010549870580538,0.3278635673243395,0.16967591413008604,0.13387829981814658,0.26020287681249255,0.962671298891381,0.5026712988913811,0.20100035966790147,0.1352972653133474,-0.24158953926190568,0.5,15.892271279717816,0.1375080204113237,proposed_hybrid,-0.24158953926190568,secure_allocated,True,42,nominal
12,F4,GW_2 -> UAV_2 -> BS_2 -> BS_1,3,0.44,0.78,True,True,True,True,1.0,1.0,0.5,0.8309368696119058,22.939926574621843,0.19198905128197336,0.8708291973894446,0.06010549870580538,0.3278635673243395,0.1690631303880941,0.14039878905478345,0.295164023563584,0.9628061113146192,0.5228061113146192,0.20555485359335365,0.2570529906815686,-0.2826707507978242,0.6666666666666666,12.392271279717816,0.11232253539978679,proposed_hybrid,-0.2826707507978242,secure_allocated,True,42,nominal
13,F1,SAT_1 -> UAV_1 -> GW_1 -> BS_1 -> DC_1,4,0.58,1.0,True,True,False,True,0.2506570552317647,0.9948904433989579,0.2012424700842974,0.8362603579397168,43.71894658975618,0.21179333909948223,0.9365460723908312,0.09495747766901398,0.45280425386510315,0.1637396420602832,0.13347993390661522,0.39226608000148083,0.5495393586537393,-0.030460641346260697,0.6589687074073035,0.4040217507521955,-0.7801752326329622,0.5,9.94890443398958,0.020052564418541176,proposed_hybrid,-0.7801752326329622,best_effort_allocated,True,42,nominal
13,F2,SAT_2 -> SAT_1 -> GW_1 -> BS_1,3,0.52,0.94,True,True,False,False,0.0,0.7289323232388856,0.0,0.8327910730468973,48.094210027250234,0.2560689118616176,0.9451311035585818,0.11305919781416168,0.5090750177406617,0.16720892695310277,0.17870516066010403,0.5088533861387606,0.29123358152781587,-0.22876641847218415,0.9512661832450775,0.3744396467938344,-1.0635980772832279,0.6666666666666666,7.289323232388856,0.0,proposed_hybrid,-1.0635980772832279,best_effort_allocated,True,42,nominal
13,F3,UAV_1 -> GW_1 -> BS_2 -> DC_1,3,0.48,0.88,True,True,True,True,0.30404344505675035,0.9430849276205269,0.24379482635299524,0.8247124911402016,18.735934897366995,0.18508006354608467,0.7906592195794788,0.0840483739685419,0.41628566889049046,0.17528750885979846,0.09341107256192645,0.3127094511623897,0.5530488602612941,0.07304886026129409,0.6343085855570666,0.2374343628543793,-0.7055388944133804,0.3333333333333333,9.430849276205269,0.024323475604540026,proposed_hybrid,-0.7055388944133804,secure_allocated,True,42,nominal
13,F5,UAV_2 -> GW_2 -> BS_3,2,0.46,0.82,True,True,True,True,0.9896904054626899,1.0,0.4974092465569002,0.8101866002028066,20.43150148212384,0.20553858550312104,0.7882935529026328,0.06160957899250774,0.33380148481233607,0.1898133997971933,0.0915793257892562,0.3705950314304287,0.9525707750490968,0.4925707750490968,0.22337195963039166,0.19534700691657791,-0.28197606170536504,0.5,12.876153919998066,0.0791752324370152,proposed_hybrid,-0.28197606170536504,secure_allocated,True,42,nominal
13,F4,GW_2 -> SAT_2 -> SAT_1 -> GW_1 -> BS_1,4,0.44,0.78,True,False,False,False,0.0,0.2789323232388856,0.0,0.8108697106141727,93.14372723441367,0.30689706437038755,0.9915417470686527,0.11938131787121616,0.5275798640601242,0.18913028938582735,0.2554540282202474,0.5806089027227642,0.08391088179261652,-0.3560891182073835,1.186087763189089,0.6346707270939305,-1.376488981317268,0.75,2.789323232388856,0.0,proposed_hybrid,-1.376488981317268,degraded_unallocated,False,42,nominal
14,F1,SAT_1 -> UAV_1 -> BS_2 -> DC_1,3,0.58,1.0,True,True,True,True,0.3208481593619401,0.9996407499690406,0.2429767922280364,0.8331853326546753,41.0052574631276,0.2158419280334527,0.8639363053732575,0.09630132148306193,0.4571601888125344,0.1668146673453246,0.1311396356988304,0.40573374807363005,0.5896055983191639,0.009605598319163966,0.6218133164990234,0.3413578681612621,-0.724220676947402,0.6666666666666666,9.996407499690406,0.02566785274895521,proposed_hybrid,-0.724220676947402,secure_allocated,True,42,nominal
14,F2,SAT_2 -> SAT_1 -> GW_1 -> BS_1,3,0.52,0.94,True,True,False,False,0.0,0.6971496697448125,0.0,0.8271503767841756,49.68787952721536,0.2622218923900945,0.9432190632646675,0.11354463406795057,0.510515924476802,0.17284962321582442,0.1821238419530554,0.5192096374282277,0.27569043427768425,-0.24430956572231577,0.9699383984170588,0.381876771127005,-1.0845014297551603,0.6666666666666666,6.971496697448125,0.0,proposed_hybrid,-1.0845014297551603,best_effort_allocated,True,42,nominal
14,F3,UAV_1 -> BS_2 -> DC_1,2,0.48,0.88,True,True,True,True,1.0,0.715801005909739,0.5828181686312671,0.8595555495352472,17.230351827047958,0.16458922615391314,0.5621028471230336,0.07259351625124559,0.37552844882080855,0.14044445046475285,0.09830056384349353,0.28759621716690525,0.8412126735571369,0.36121267355713693,0.32673459041732617,0.1804083085262238,-0.38085708297519333,0.5,7.158010059097391,0.11056665482922629,proposed_hybrid,-0.38085708297519333,secure_allocated,True,42,nominal
14,F5,UAV_2 -> BS_2 -> BS_3,2,0.46,0.82,True,True,True,True,1.0,1.0,0.5,0.8088404056916407,7.4962874078817965,0.19350967205255531,0.5371437378504127,0.06336494298166871,0.3406601334168833,0.19115959430835933,0.1343249610219688,0.26876146522881195,0.9579448892521609,0.4979448892521609,0.2142994965257098,0.13498267457011504,-0.2547942988967443,0.5,17.155641241815072,0.13895307082563343,proposed_hybrid,-0.2547942988967443,secure_allocated,True,42,nominal
14,F4,GW_2 -> BS_2 -> UAV_1 -> GW_1 -> BS_1,4,0.44,0.78,True,False,False,True,0.30148144650064396,0.2158010059097391,0.5828178495052938,0.8187092683237278,34.47400647425254,0.21284896374827947,0.8876277116325848,0.09579435775680961,0.4555204536711491,0.18129073167627224,0.11117980472152345,0.3916567723099997,0.2230412872659569,-0.2169587127340431,0.9866208598385562,0.3608786968798452,-1.0948844689025097,0.5,2.158010059097391,0.02411851572005152,proposed_hybrid,-1.0948844689025097,degraded_unallocated,False,42,nominal
15,F1,SAT_1 -> UAV_1 -> BS_2 -> DC_1,3,0.58,1.0,True,True,True,True,0.43452944769640806,1.0,0.30290730412971506,0.8288705132956197,40.6282412042021,0.2188083027285028,0.8592807266807976,0.09232390467848334,0.4441795060366461,0.17112948670438036,0.13039653627201522,0.4107242913197082,0.6513427091580607,0.07134270915806074,0.558165903578927,0.3395984589529431,-0.66004544126481,0.6666666666666666,10.403605981733751,0.034762355815712645,proposed_hybrid,-0.66004544126481,secure_allocated,True,42,nominal
15,F2,SAT_2 -> SAT_1 -> UAV_1 -> BS_2 -> BS_1,4,0.52,0.94,True,True,False,True,0.23884562865845918,0.5403605981733751,0.3065242812927444,0.8209258310410856,58.74142946911877,0.23697498383057625,0.9520517312780866,0.09232390467848334,0.4441795060366461,0.17907416895891443,0.136437727528628,0.46184115816190546,0.3351310477692102,-0.1848689522307898,0.8825525714637106,0.47412667085588756,-1.024790572720477,0.75,5.403605981733751,0.019107650292676734,proposed_hybrid,-1.024790572720477,best_effort_allocated,True,42,nominal
15,F3,UAV_1 -> GW_1 -> BS_1 -> DC_1,3,0.48,0.88,True,True,True,True,0.32937963510144486,1.0,0.2477694304955333,0.8363911430818792,19.93246935430579,0.1898292671162659,0.7867669375035059,0.08729814579998588,0.4273864951591311,0.16360885691812077,0.1110821117357287,0.33152259192957184,0.5951648507838081,0.11516485078380811,0.5971049432082943,0.2430181903200937,-0.6700104003043225,0.3333333333333333,12.516554619070645,0.02635037080811559,proposed_hybrid,-0.6700104003043225,secure_allocated,True,42,nominal
15,F5,UAV_2 -> BS_2 -> DC_1 -> BS_3,3,0.46,0.82,True,True,True,True,1.0,1.0,0.5,0.8391191585971699,13.134035578303962,0.1682802071131941,0.6228923727874005,0.06409170032778831,0.3434777196322204,0.16088084140283007,0.11351949500719366,0.2473119199190499,0.9646062148913774,0.5046062148913775,0.196989308217615,0.21129216603208514,-0.26037695802724053,0.3333333333333333,17.152422337075105,0.09038765586609848,proposed_hybrid,-0.26037695802724053,secure_allocated,True,42,nominal
15,F4,GW_2 -> UAV_2 -> BS_2 -> BS_1,3,0.44,0.78,True,True,True,True,1.0,1.0,0.5,0.8041527620471349,25.38018784672158,0.2138731195093363,0.8635975415692108,0.06525206057262183,0.3479500744897988,0.19584723795286504,0.14076172220229155,0.33405338307943827,0.9569136076503697,0.5169136076503698,0.22631681475128132,0.268440876618034,-0.3068490777366915,0.6666666666666666,12.423845795318604,0.09912704339171936,proposed_hybrid,-0.3068490777366915,secure_allocated,True,42,nominal
16,F1,SAT_1 -> UAV_1 -> BS_2 -> DC_1,3,0.58,1.0,True,True,False,True,0.2595719043360301,1.0,0.20607946512816247,0.8269979354621696,39.222352890914884,0.22504373721152937,0.8574705228918567,0.09899582582992521,0.4658043305880938,0.17300206453783032,0.1282053288340412,0.43492483807717347,0.5547040931864938,-0.02529590681350613,0.6630166712057178,0.3330376468242694,-0.7629279652529987,0.6666666666666666,10.701174043648523,0.02076575234688241,proposed_hybrid,-0.7629279652529987,best_effort_allocated,True,42,nominal
16,F2,SAT_2 -> SAT_1 -> GW_1 -> BS_1,3,0.52,0.94,True,True,False,False,0.0,0.737674529724122,0.0,0.8306350242886923,49.77936368037168,0.26862492726332055,0.9388917618549341,0.11567921443796103,0.5168120257334523,0.1693649757113077,0.18871541241756898,0.5431842578718454,0.2946932437193671,-0.2253067562806329,0.9553909799824901,0.38230369717506785,-1.0700820891350105,0.6666666666666666,7.37674529724122,0.0,proposed_hybrid,-1.0700820891350105,best_effort_allocated,True,42,nominal
16,F3,UAV_1 -> BS_2 -> DC_1,2,0.48,0.88,True,True,True,True,1.0,0.6887348417761038,0.5921592752526286,0.8403549392550564,16.468271747081104,0.18143737333352022,0.5453561796369825,0.07929657287805092,0.3996957585316321,0.15964506074494356,0.09665601081431077,0.3224011710160095,0.8248087654353591,0.3448087654353591,0.35676199219763305,0.17685193481971181,-0.40981757264354657,0.5,6.887348417761038,0.08999617620451503,proposed_hybrid,-0.40981757264354657,secure_allocated,True,42,nominal
16,F5,UAV_2 -> BS_2 -> DC_1 -> BS_3,3,0.46,0.82,True,True,True,True,1.0,1.0,0.5,0.8307329123937821,13.476921602178425,0.1703180704417922,0.6324478338008541,0.06547767769003715,0.3488159516121858,0.1692670876062178,0.1101497646515407,0.24441180649412794,0.962761240726632,0.502761240726632,0.2010858788752209,0.21289230081016597,-0.26495356911827067,0.3333333333333333,17.008569276018022,0.088429164750532,proposed_hybrid,-0.26495356911827067,secure_allocated,True,42,nominal
16,F4,GW_2 -> UAV_2 -> BS_2 -> BS_1,3,0.44,0.78,True,True,True,True,1.0,1.0,0.5,0.8108996209689602,25.02159207891156,0.20732112889823173,0.8641883398510681,0.06671626202222154,0.3535481336335648,0.18910037903103985,0.12872203632521348,0.334437389746799,0.9583979166131712,0.5183979166131711,0.22328362479942432,0.2667674297015873,-0.3033138537099005,0.6666666666666666,11.937124392469528,0.09337859671855986,proposed_hybrid,-0.3033138537099005,secure_allocated,True,42,nominal
17,F1,SAT_1 -> UAV_1 -> BS_2 -> DC_1,3,0.58,1.0,True,True,False,False,0.14645714142321953,1.0,0.12774759398454846,0.826909697099859,42.58798790860231,0.22499001600102897,0.8484249690058684,0.10400468007940335,0.4815630842521016,0.17309030290014105,0.1304560882488265,0.43185021288527015,0.4924715611447397,-0.08752843885526024,0.7291647171187488,0.34874394357347743,-0.833787900190792,0.6666666666666666,10.715841279983941,0.011716571313857562,proposed_hybrid,-0.833787900190792,best_effort_allocated,True,42,nominal
17,F2,SAT_2 -> UAV_2 -> BS_2 -> BS_1,3,0.52,0.94,True,True,False,False,0.0,0.6049430637588642,0.0,0.7313601348451989,40.99918675169411,0.3187637076817796,0.8956058175195843,0.13252406984798806,0.564320044060262,0.26863986515480104,0.2525625829908356,0.48842797385947373,0.2131236083574326,-0.3068763916425674,1.0714000711144338,0.34132953817457246,-1.1737989325668055,0.6666666666666666,6.049430637588642,0.0,proposed_hybrid,-1.1737989325668055,best_effort_allocated,True,42,nominal
17,F3,UAV_1 -> BS_2 -> DC_1,2,0.48,0.88,True,True,True,True,1.0,0.7569697803795403,0.5691617529039004,0.8540794791695154,17.55202682372319,0.16928088277356038,0.536206927508605,0.06929941756504533,0.3633037592455283,0.1459205208304845,0.09447795100234047,0.3010930523965608,0.8585338865880866,0.3785338865880866,0.30846845047139765,0.1819094585107082,-0.3630412880246101,0.5,7.569697803795403,0.13657572919583388,proposed_hybrid,-0.3630412880246101,secure_allocated,True,42,nominal
17,F5,UAV_2 -> BS_2 -> DC_1 -> BS_3,3,0.46,0.82,True,True,True,True,1.0,1.0,0.5,0.8370381727736644,13.520649786703434,0.16234030129078442,0.6436099562854855,0.061699302693040387,0.3341539053965147,0.16296182722633556,0.10311506018689598,0.2322918439314584,0.9641483980102061,0.5041483980102062,0.19244321391977554,0.21309636567128268,-0.25637212362116035,0.3333333333333333,11.636505113910705,0.0924146202893213,proposed_hybrid,-0.25637212362116035,secure_allocated,True,42,nominal
17,F4,GW_2 -> UAV_2 -> BS_2 -> BS_1,3,0.44,0.78,True,True,True,True,1.0,0.8136505113910705,0.55137414497405,0.7951769012136625,25.949591402795665,0.21647967090109466,0.8622679656777456,0.0670870340820856,0.35495777835547915,0.20482309878633745,0.12852063913736358,0.343012338824135,0.8710816483929874,0.4310816483929874,0.31507364810137495,0.27109809321304645,-0.3964030760652889,0.6666666666666666,8.136505113910705,0.09244157796636243,proposed_hybrid,-0.3964030760652889,secure_allocated,True,42,nominal
18,F1,SAT_1 -> UAV_1 -> BS_2 -> DC_1,3,0.58,1.0,True,True,False,True,0.263353448402162,1.0,0.20845587490598197,0.8340136421169794,43.33642306942332,0.22485497057753806,0.8504777936010416,0.09934400698262072,0.46691268913870465,0.16598635788302063,0.14103025773469882,0.4314081288390765,0.5583273978869245,-0.021672602113075423,0.6595855111576437,0.3522366409906421,-0.7652565034548364,0.6666666666666666,10.654562186069382,0.02106827587217296,proposed_hybrid,-0.7652565034548364,best_effort_allocated,True,42,nominal
18,F2,SAT_2 -> SAT_1 -> GW_1 -> BS_1,3,0.52,0.94,True,True,False,False,0.0,0.7563528271948978,0.0,0.8192777082337659,52.004660028511225,0.27237997106498985,0.9323908563175681,0.12092228495954063,0.5320061472623615,0.18072229176623403,0.19182031290668214,0.5340353835927196,0.3005998680491325,-0.2194001319508675,0.9549726557457032,0.3926884134663857,-1.072779179785619,0.6666666666666666,7.563528271948979,0.0,proposed_hybrid,-1.072779179785619,best_effort_allocated,True,42,nominal
18,F3,UAV_1 -> BS_2 -> DC_1,2,0.48,0.88,True,True,True,True,1.0,0.7389223254847627,0.5750688143711238,0.856838175487683,18.28608125004512,0.17403413279613594,0.5461657386341077,0.07170708454963083,0.37226210504289003,0.14316182451231702,0.10206645312152297,0.3159655033165456,0.8510194450754336,0.3710194450754336,0.3203614409435501,0.18533504583354388,-0.37596195469361327,0.5,7.389223254847627,0.12331123973197453,proposed_hybrid,-0.37596195469361327,secure_allocated,True,42,nominal
18,F5,UAV_2 -> BS_2 -> DC_1 -> BS_3,3,0.46,0.82,True,True,True,True,1.0,1.0,0.5,0.8476115980040876,14.386925664176555,0.16446170689508682,0.6380502478421476,0.0644224386559667,0.34475575429333283,0.15238840199591244,0.11799274122578818,0.24195641451675906,0.9664745515608992,0.5064745515608993,0.19372215511522306,0.21713898643282392,-0.25886385104507026,0.3333333333333333,15.580905262405436,0.09062606507285809,proposed_hybrid,-0.25886385104507026,secure_allocated,True,42,nominal
18,F4,GW_2 -> UAV_2 -> BS_2 -> BS_1,3,0.44,0.78,True,True,True,True,1.0,1.0,0.5,0.7972278058675494,26.528711078896347,0.22259586291821926,0.8630702988492864,0.07164682280865409,0.3720394351530737,0.2027721941324506,0.13732876100430555,0.3605989890292993,0.9553901172908609,0.5153901172908608,0.23778787981060623,0.2738006517015163,-0.3199280753210611,0.6666666666666666,12.080905262405436,0.08175273905267001,proposed_hybrid,-0.3199280753210611,secure_allocated,True,42,nominal
19,F1,SAT_1 -> UAV_1 -> BS_2 -> DC_1,3,0.58,1.0,True,True,False,False,0.06680060999441452,1.0,0.06261770884698338,0.8318811872274908,45.205220707191906,0.2310732385456824,0.8518735821789116,0.10710199288292115,0.4911123298043327,0.16811881277250929,0.1397447936172366,0.453985338851529,0.44975419668697597,-0.130245803313024,0.7770068431096642,0.36095769663356225,-0.8852941520997328,0.6666666666666666,10.527717168670076,0.005344048799553162,proposed_hybrid,-0.8852941520997328,best_effort_allocated,True,42,nominal
19,F2,SAT_2 -> SAT_1 -> GW_1 -> BS_1,3,0.52,0.94,True,True,False,False,0.0,0.7365218360813522,0.0,0.8247687260543423,54.43815841073183,0.2685422478783316,0.9331891725536328,0.11220895429214603,0.5065430867731611,0.17523127394565774,0.19465232017091186,0.5251699142060481,0.29288394596856376,-0.22711605403143625,0.9545958372699758,0.4040447392500819,-1.0758092590450004,0.6666666666666666,7.365218360813523,0.0,proposed_hybrid,-1.0758092590450004,best_effort_allocated,True,42,nominal
19,F3,UAV_1 -> BS_2 -> DC_1,2,0.48,0.88,True,True,True,True,1.0,0.7958289119994865,0.5568459185160318,0.8580975254705272,18.993696464453286,0.17535232793421257,0.5282449098814965,0.07466349160977763,0.3830906934930965,0.1419024745294728,0.10167791020798025,0.32397136533422294,0.8769044660032849,0.3969044660032849,0.2977767549403849,0.18863725016744864,-0.3543679299906195,0.5,7.958289119994864,0.11483159983004271,proposed_hybrid,-0.3543679299906195,secure_allocated,True,42,nominal
19,F5,UAV_2 -> BS_2 -> DC_1 -> BS_3,3,0.46,0.82,True,True,True,True,1.0,1.0,0.5,0.8445169025650405,14.724367015749502,0.16543833210601283,0.655671339645608,0.059717537864871356,0.32632262808073975,0.15548309743495947,0.11290935541429409,0.24639252654397137,0.965793718564309,0.5057937185643089,0.19023418790358176,0.21871371274016432,-0.25584830172563106,0.3333333333333333,15.627077533729864,0.10087966966416034,proposed_hybrid,-0.25584830172563106,secure_allocated,True,42,nominal
19,F4,GW_2 -> UAV_2 -> BS_2 -> BS_1,3,0.44,0.78,True,True,True,True,0.9761993806944601,1.0,0.49397818369491237,0.7945511060096906,26.874075810601838,0.2255946222917669,0.8585708888409627,0.07345258791643111,0.37867790679221874,0.2054488939903094,0.14239851013019839,0.36169226782827263,0.941710902704085,0.5017109027040849,0.25447615402526486,0.2754123537828086,-0.3370998601601074,0.6666666666666666,12.186290965295457,0.07809595045555681,proposed_hybrid,-0.3370998601601074,secure_allocated,True,42,nominal
20,F1,SAT_1 -> UAV_1 -> BS_2 -> DC_1,3,0.58,1.0,True,True,False,False,0.11091240740329607,1.0,0.0998390212082953,0.82976021020528,47.081972002718864,0.24016844979937496,0.8558218234243604,0.10516306395257055,0.48515164766326757,0.17023978979472001,0.1479382750637672,0.47671624749048314,0.4735490703169744,-0.10645092968302555,0.7558146440085611,0.36971586934602135,-0.8667294048123675,0.6666666666666666,11.05029619332702,0.008872992592263686,proposed_hybrid,-0.8667294048123675,best_effort_allocated,True,42,nominal
20,F2,SAT_2 -> SAT_1 -> GW_1 -> BS_1,3,0.52,0.94,True,True,False,False,0.0,0.7448379878631964,0.0,0.8380877370779926,52.7779901482106,0.26361293275541864,0.9379560675745904,0.11774323138200442,0.5228388733856542,0.16191226292200753,0.19916981763898675,0.524005876595277,0.29955639669559675,-0.22044360330440327,0.9497791413907551,0.39629728735831615,-1.06866832759825,0.6666666666666666,7.448379878631965,0.0,proposed_hybrid,-1.06866832759825,best_effort_allocated,True,42,nominal
20,F3,UAV_1 -> BS_2 -> DC_1,2,0.48,0.88,True,True,True,True,0.9336925747782545,0.8051354530601115,0.536966600394048,0.8560179179478262,20.206107632374263,0.18797930121348727,0.5410608731920761,0.08372910781850353,0.4151845280529201,0.14398208205217378,0.10684886036073332,0.3645308247271562,0.844165811953612,0.364165811953612,0.34422100560568736,0.1942951689510799,-0.4025095562910113,0.5,8.051354530601115,0.07469540598226036,proposed_hybrid,-0.4025095562910113,secure_allocated,True,42,nominal
20,F5,UAV_2 -> BS_2 -> DC_1 -> BS_3,3,0.46,0.82,True,True,True,True,1.0,1.0,0.5,0.8547620145771209,15.05996258950992,0.16082838858188736,0.6581996473553742,0.0618383163561149,0.33469953309751665,0.14523798542287913,0.11105333388132628,0.2486211799087755,0.9680476432069666,0.5080476432069665,0.1880000149292619,0.22027982541771296,-0.25408396255457577,0.3333333333333333,15.49163333572166,0.09277210285197854,proposed_hybrid,-0.25408396255457577,secure_allocated,True,42,nominal
20,F4,GW_2 -> UAV_2 -> BS_2 -> BS_1,3,0.44,0.78,True,True,True,True,1.0,1.0,0.5,0.7984684202018979,26.382377503321965,0.22070858636909468,0.8655019271418904,0.07096232079103859,0.3695046252340133,0.2015315797981021,0.1389671191431033,0.3533169588680711,0.9556630524444175,0.5156630524444175,0.23603196773017843,0.27311776168216917,-0.31796729623482917,0.6666666666666666,11.99163333572166,0.08037314046668544,proposed_hybrid,-0.31796729623482917,secure_allocated,True,42,nominal
21,F1,SAT_1 -> UAV_1 -> BS_2 -> DC_1,3,0.58,1.0,True,True,False,True,0.2713928459954685,1.0,0.21346104538048957,0.8313831433143175,46.15940996508662,0.23793014079745328,0.8551749949830311,0.09817320067590735,0.4631778830740422,0.16861685668568252,0.15550750626814827,0.46160121363380674,0.5621703568266575,-0.017829643173342458,0.660692677300707,0.36541057983707087,-0.7703158512518282,0.6666666666666666,11.129857660565582,0.021711427679637477,proposed_hybrid,-0.7703158512518282,best_effort_allocated,True,42,nominal
21,F2,SAT_2 -> SAT_1 -> GW_1 -> BS_1,3,0.52,0.94,True,True,False,False,0.0,0.7642249800217963,0.0,0.8318771375979642,54.68989977720299,0.2783990196609005,0.9363592301597486,0.11732723558401163,0.5216289720209717,0.16812286240203575,0.2133477066282593,0.5549576783660266,0.3069142112813604,-0.2130857887186396,0.9487725905712877,0.40521953229361396,-1.0703384502593718,0.6666666666666666,7.642249800217963,0.0,proposed_hybrid,-1.0703384502593718,best_effort_allocated,True,42,nominal
21,F3,UAV_1 -> BS_2 -> DC_1,2,0.48,0.88,True,True,True,True,1.0,0.746931246176492,0.5724323737346273,0.8528889541155587,19.617753184054536,0.19228084903460185,0.5347110011414657,0.07627487564202133,0.38891550686065934,0.1471110458844414,0.1159714127906061,0.36515781819768556,0.8537546306848443,0.37375463068484427,0.3300006280958914,0.19154951485892113,-0.3874654825535678,0.5,7.46931246176492,0.10641788930288364,proposed_hybrid,-0.3874654825535678,secure_allocated,True,42,nominal
21,F5,UAV_2 -> BS_2 -> DC_1 -> BS_3,3,0.46,0.82,True,True,True,True,1.0,1.0,0.5,0.8640660844162523,14.71830498731317,0.15994408602361407,0.6811412576173239,0.059316137981793686,0.3247242396758404,0.13593391558374768,0.11615232464871326,0.25571250646525456,0.9700945385715755,0.5100945385715754,0.183061360058011,0.2186854232741281,-0.24866698704024942,0.3333333333333333,15.33124285489996,0.09392139546901747,proposed_hybrid,-0.24866698704024942,secure_allocated,True,42,nominal
21,F4,GW_2 -> UAV_2 -> BS_2 -> BS_1,3,0.44,0.78,True,True,True,True,0.7947343649758059,1.0,0.4428144802289554,0.8149751624697759,26.314096201880034,0.2211415143954908,0.8652789469368056,0.07887189686104046,0.3981917221749348,0.18502483753022422,0.14890991053419939,0.37282945738652035,0.8463984364800439,0.40639843648004387,0.35266317554166066,0.27279911560877346,-0.43450291022429266,0.6666666666666666,11.83124285489996,0.06357874919806447,proposed_hybrid,-0.43450291022429266,secure_allocated,True,42,nominal
22,F1,SAT_1 -> UAV_1 -> BS_2 -> DC_1,3,0.58,1.0,True,True,False,False,0.1443755089068047,1.0,0.12616095659432913,0.8376504590782395,45.61208422941552,0.23674266285372086,0.853369270295971,0.10353267896292723,0.48009492416049826,0.16234954092176038,0.15794900332768316,0.46520267376249497,0.4936896308959553,-0.08631036910404466,0.7328682984283437,0.36285639307060574,-0.8417252163495254,0.6666666666666666,10.77899992832562,0.011550040712544375,proposed_hybrid,-0.8417252163495254,best_effort_allocated,True,42,nominal
22,F2,SAT_2 -> SAT_1 -> GW_1 -> BS_1,3,0.52,0.94,True,True,False,False,0.0,0.7462779262815918,0.0,0.8515344569201488,56.55402422091521,0.27252323398807066,0.9416701629174707,0.12197694195996797,0.5350169520918399,0.14846554307985116,0.22142248183259983,0.5571479802094307,0.30316264734914905,-0.21683735265085097,0.9532270459684427,0.41391877969760427,-1.0774026798777239,0.6666666666666666,7.462779262815919,0.0,proposed_hybrid,-1.0774026798777239,best_effort_allocated,True,42,nominal
22,F3,UAV_1 -> BS_2 -> DC_1,2,0.48,0.88,True,True,True,True,1.0,0.7494255698695825,0.5716162020397065,0.8490391459920132,19.174078039800854,0.19037341245587852,0.5246754590880648,0.07429689096734973,0.38175797674845374,0.15096085400798676,0.1142241932015164,0.3526950807673183,0.8540301185595551,0.37403011855955515,0.3270774112327037,0.18947903085240397,-0.38392112048842486,0.5,7.4942556986958255,0.11376095985285203,proposed_hybrid,-0.38392112048842486,secure_allocated,True,42,nominal
22,F5,UAV_2 -> BS_2 -> DC_1 -> BS_3,3,0.46,0.82,True,True,True,True,1.0,1.0,0.5,0.8694749612861826,14.432214366193698,0.1571387932418535,0.6750136489823937,0.05731922909293997,0.3167100345765446,0.13052503871381735,0.11845994099549682,0.25145817408794663,0.9712844914829601,0.5112844914829602,0.1786054741200101,0.21735033370890391,-0.24381057423268127,0.3333333333333333,14.978173845867039,0.09561994339102622,proposed_hybrid,-0.24381057423268127,secure_allocated,True,42,nominal
22,F4,GW_2 -> UAV_2 -> BS_2 -> BS_1,3,0.44,0.78,True,True,True,True,0.7759846851112703,1.0,0.43693208146254525,0.8069847319408421,26.055906376403254,0.21919568470497458,0.8632679471282585,0.0796537647362888,0.40095803232543836,0.19301526805915792,0.15005788195196093,0.349285797971061,0.8343282178381839,0.3943282178381839,0.3645493483604143,0.2715942297565485,-0.44602761728737883,0.6666666666666666,11.478173845867039,0.06207877480890162,proposed_hybrid,-0.44602761728737883,secure_allocated,True,42,nominal
23,F1,SAT_1 -> UAV_1 -> BS_2 -> DC_1,3,0.58,1.0,True,True,False,False,0.1938441507297318,1.0,0.16236972858747556,0.849636404886498,46.18291475478404,0.23455931089533366,0.8677121680446738,0.10069738720961244,0.4712023686938794,0.15036359511350197,0.17105739829771868,0.46231389441976867,0.5235342919763821,-0.05646570802361783,0.6998179900999879,0.36552026885565886,-0.8094740707566855,0.6666666666666666,10.800415747527307,0.015507532058378544,proposed_hybrid,-0.8094740707566855,best_effort_allocated,True,42,nominal
23,F2,SAT_2 -> SAT_1 -> GW_1 -> BS_1,3,0.52,0.94,True,True,False,False,0.0,0.725598833280716,0.0,0.8601559959002824,54.553430038991735,0.2677973201121426,0.9443299271230917,0.1160307917305001,0.5178428374113277,0.13984400409971776,0.22763967681793743,0.5463024608875534,0.2957537940743843,-0.22424620592561573,0.9542157093289119,0.40458267351529476,-1.0755905113835003,0.6666666666666666,7.25598833280716,0.0,proposed_hybrid,-1.0755905113835003,best_effort_allocated,True,42,nominal
23,F3,UAV_1 -> BS_2 -> DC_1,2,0.48,0.88,True,True,True,True,1.0,0.7590392157387585,0.568492158135327,0.863150982755901,19.541230561416587,0.18609881166039763,0.5498491655292548,0.07767196922795683,0.3939226337678083,0.1368490172440991,0.1168784427816116,0.35781288426427826,0.8614608632887396,0.3814608632887396,0.3207642604003914,0.19119240928661074,-0.37812198318637463,0.5,7.590392157387585,0.0974176968521666,proposed_hybrid,-0.37812198318637463,secure_allocated,True,42,nominal
23,F5,UAV_2 -> BS_2 -> BS_3,2,0.46,0.82,True,True,True,True,1.0,1.0,0.5,0.8472252555715393,8.458073382811744,0.18054669652345218,0.57470508066943,0.06319910754770641,0.34001540712591344,0.15277474442846073,0.1438310668866583,0.27459496585858945,0.9663895562257386,0.5063895562257386,0.1998603089912932,0.13947100911978813,-0.24170161172722965,0.5,14.624738914536785,0.11987579694703074,proposed_hybrid,-0.24170161172722965,secure_allocated,True,42,nominal
23,F4,GW_2 -> UAV_2 -> BS_2 -> BS_1,3,0.44,0.78,True,True,True,True,0.7336132163961658,1.0,0.42317006438218124,0.8205257718089135,25.087160651572827,0.2244238324294739,0.8706694029447983,0.08028382223959236,0.4031784667854208,0.17947422819108658,0.1582903943299926,0.38469324577794856,0.8140029388158522,0.37400293881585217,0.3877824024737663,0.2670734163740065,-0.4679044273859682,0.6666666666666666,11.124738914536785,0.05868905731169327,proposed_hybrid,-0.4679044273859682,secure_allocated,True,42,nominal
0,F1,SAT_1 -> UAV_1 -> BS_2 -> DC_1,3,0.58,1.0,True,True,False,True,0.2298588777669591,1.0,0.18689857992838274,0.8510320718177433,45.72916610590805,0.23177703294877136,0.8662602379831796,0.09876497805804062,0.46506839656972077,0.14896792818225665,0.17746621179835687,0.4460064069089953,0.543649438571731,-0.03635056142826898,0.6769173253976463,0.36340277516090425,-0.7859381579459175,0.6666666666666666,10.741949054773412,0.018388710221356727,latency_first,-41.93755981271687,best_effort_allocated,True,42,nominal
0,F2,SAT_2 -> UAV_2 -> BS_2 -> BS_1,3,0.52,0.94,True,True,False,False,0.0,0.5463158413314544,0.0,0.8045249534006665,40.544972583817874,0.30032878381960987,0.9173186145346442,0.12773555876115145,0.5511950791630822,0.19547504659933343,0.31031015270630735,0.47708786815207055,0.20283761834730107,-0.31716238165269894,1.0701091041622939,0.3392098720578167,-1.1718720657796389,0.6666666666666666,5.463158413314544,0.0,latency_first,-37.12300538445376,best_effort_allocated,True,42,nominal
0,F3,UAV_1 -> BS_2 -> DC_1,2,0.48,0.88,True,True,True,True,1.0,0.7701024307422758,0.564939058120303,0.869020263475716,19.123933205915833,0.1801301069839718,0.5382958251569114,0.0747991306340464,0.38358307506417955,0.1309797365242839,0.12080323779623772,0.3397930168366909,0.8677305517986817,0.38773055179868177,0.3092237651101505,0.1892450216276072,-0.36599727159843265,0.5,7.701024307422758,0.104124626952701,latency_first,-15.139092102505197,secure_allocated,True,42,nominal
0,F5,UAV_2 -> BS_2 -> BS_3,2,0.46,0.82,True,True,True,True,1.0,1.0,0.5,0.8593362511433145,8.50458744801092,0.17484559999764537,0.5748919741478009,0.061829833610092685,0.33466625215378115,0.1406637488566856,0.1421722469558458,0.27558095570153257,0.9690539752515291,0.5090539752515291,0.19329310778585657,0.1396880747573843,-0.23519953021307186,0.5,10.107405388253023,0.11262802844099312,latency_first,-4.557597392289638,secure_allocated,True,42,nominal
0,F4,GW_2 -> UAV_2 -> BS_2 -> BS_1,3,0.44,0.78,True,True,True,True,0.7079144410496466,0.6607405388253023,0.5172336720787931,0.8469788609009554,25.261902498472285,0.20762268895803224,0.8762235544091825,0.08004283672601692,0.4023301100787807,0.1530211390990446,0.15329055337210118,0.3711040414073272,0.6530215344469018,0.2130215344469018,0.5409912031039079,0.267888878326204,-0.6213578666017692,0.6666666666666666,6.607405388253023,0.05663315528397173,latency_first,-21.442253571883573,secure_allocated,True,42,nominal
1,F1,SAT_1 -> UAV_1 -> BS_2 -> BS_3 -> DC_1,4,0.58,1.0,True,True,False,False,0.11481729903913433,1.0,0.10299203209180181,0.884891342184471,41.76311573682029,0.18465341016088824,0.8899766472621795,0.10201278245862208,0.47534368372187175,0.11510865781552909,0.15041673767169625,0.35091797136956504,0.48782560975210754,-0.09217439024789242,0.7141043457507601,0.39489454010516134,-0.8325727077823085,0.5,10.739917232579351,0.009185383923130747,latency_first,-37.70796584621971,best_effort_allocated,True,42,nominal
1,F2,SAT_2 -> UAV_2 -> BS_2 -> BS_1,3,0.52,0.94,True,True,False,False,0.0,0.5373326915028452,0.0,0.7996329897342153,40.77999376653054,0.3062409946596754,0.925190137266763,0.1245614791143706,0.5423320899030553,0.20036701026578482,0.3319375975301035,0.4659782431241648,0.19771896891780769,-0.3222810310821923,1.07567250115481,0.3403066375771425,-1.177764492427953,0.6666666666666666,5.373326915028453,0.0,latency_first,-37.39431080717881,best_effort_allocated,True,42,nominal
1,F3,UAV_1 -> BS_2 -> BS_3 -> DC_1,3,0.48,0.88,True,True,True,True,0.8135203092184993,0.7899726715151262,0.507342607041722,0.896737578762044,17.30741130840107,0.1382416473446766,0.6004805464914157,0.07519936222116569,0.3850337177482405,0.103262421237956,0.10491556232325287,0.24119555636248213,0.780206139579631,0.30020613957963105,0.37826103116253357,0.230767919439205,-0.44749140699429507,0.3333333333333333,7.899726715151262,0.06508162473747994,latency_first,-13.1002067092802,secure_allocated,True,42,nominal
1,F5,UAV_2 -> BS_2 -> BS_3,2,0.46,0.82,True,True,True,True,1.0,0.9959849694706143,0.5010057767445139,0.8645590085467709,8.543938963676629,0.1717383413933647,0.6257007190807369,0.06137435918974374,0.3328766240567561,0.13544099145322913,0.15104938686003894,0.26190031672559966,0.9683962181420661,0.508396218142066,0.19210519149913702,0.13987171516382427,-0.2340667060482843,0.5,9.959849694706143,0.1012349935147284,latency_first,-4.564620603729503,secure_allocated,True,42,nominal
1,F4,GW_2 -> UAV_2 -> BS_2 -> BS_1,3,0.44,0.78,True,True,True,True,0.78465179058047,0.6459849694706143,0.5484633224106811,0.8413304357694118,26.308959697295442,0.21087261546277924,0.8790082806641727,0.07791402024523716,0.3947861214961758,0.15866956423058828,0.16297335235089885,0.3623172234149794,0.6873444169503055,0.24734441695030546,0.5062447903819892,0.2727751452540454,-0.5880773339582028,0.6666666666666666,6.4598496947061435,0.0627721432464376,latency_first,-22.524052749373944,secure_allocated,True,42,nominal
2,F1,SAT_1 -> UAV_1 -> BS_2 -> BS_3 -> DC_1,4,0.58,1.0,True,True,False,True,0.21372616137258701,1.0,0.1760909241100043,0.8838612112460802,41.17961591740804,0.18694092537847773,0.8919037831301057,0.09522796133945567,0.4536834241589963,0.11613878875391978,0.15272938776029277,0.3554386164445041,0.5419988552290604,-0.03800114477093952,0.6555454172310036,0.3921715409479042,-0.7731968795153749,0.5,10.357472888350804,0.01709809290980696,latency_first,-37.134191711934605,best_effort_allocated,True,42,nominal
2,F2,SAT_2 -> UAV_2 -> BS_2 -> BS_1,3,0.52,0.94,True,True,False,False,0.0,0.5265252514451289,0.0,0.8008451129813211,40.592179891438285,0.3023490260075051,0.9263592889941895,0.11978197434532266,0.5287338323959667,0.1991548870186789,0.3397740228951685,0.4431884799221962,0.19312228800619863,-0.3268777119938014,1.0751182317961703,0.33943017282671195,-1.1769472836441839,0.6666666666666666,5.265252514451288,0.0,latency_first,-37.19265237854669,best_effort_allocated,True,42,nominal
2,F3,UAV_1 -> BS_2 -> BS_3 -> DC_1,3,0.48,0.88,True,True,True,True,0.9382815581613801,0.7445286245667626,0.5575682675275082,0.9007779156895465,15.806858664473989,0.14088209202457547,0.6072293049455926,0.07237595790059274,0.3747283513542953,0.09922208431045354,0.10219012745466984,0.2623004633938817,0.8292638794955025,0.3492638794955025,0.32781514975413023,0.22376534043421192,-0.3949447518843938,0.3333333333333333,7.445286245667626,0.07506252465291041,latency_first,-11.584733270075407,secure_allocated,True,42,nominal
2,F5,UAV_2 -> BS_2 -> BS_3,2,0.46,0.82,True,True,True,True,1.0,1.0,0.5,0.8702370544947889,8.368896270220178,0.16944390024911948,0.6307749362575656,0.05616717634432133,0.3120382811977559,0.12976294550521106,0.15585684201512778,0.2571740886689446,0.9714521519888536,0.5114521519888535,0.18280717342268915,0.13905484926102749,-0.2245236282009974,0.5,10.057026633468416,0.1160130481620714,latency_first,-4.356598798244472,secure_allocated,True,42,nominal
2,F4,GW_2 -> UAV_2 -> BS_2 -> BS_1,3,0.44,0.78,True,True,True,True,0.8365479199751377,0.6557026633468416,0.560594801787816,0.8493205428873143,26.052155623564968,0.2036910661795197,0.8743537235457152,0.0765010223317322,0.3897287010843273,0.1506794571126857,0.1637772127971522,0.34700858655866185,0.7220180739276135,0.2820180739276135,0.46707508112425217,0.2715767262433032,-0.5485480989972431,0.6666666666666666,6.557026633468416,0.06692383359801102,latency_first,-22.212935041487434,secure_allocated,True,42,nominal
3,F1,SAT_1 -> UAV_1 -> BS_2 -> DC_1,3,0.58,1.0,True,True,True,True,0.29551175805402513,1.0,0.22810426552817265,0.865983759919216,41.77313804356214,0.22329553381583472,0.8810233468772581,0.0946590741143592,0.45183290879281024,0.13401624008078405,0.18054739944881967,0.435296023779344,0.5830478941119414,0.003047894111941396,0.6303933233033868,0.3449413108699566,-0.7338757165643738,0.6666666666666666,10.359544619053382,0.02364094064432201,latency_first,-37.889810311597735,secure_allocated,True,42,nominal
3,F2,SAT_2 -> UAV_2 -> BS_2 -> BS_1,3,0.52,0.94,True,True,False,False,0.0,0.5063670064160102,0.0,0.8070929344176226,39.245264021309715,0.29694550444616474,0.9289866842779958,0.12690767701200673,0.548896072116814,0.19290706558237744,0.3374075072744586,0.43566029100702924,0.18542559845908152,-0.3345744015409185,1.085423896570896,0.33314456543277865,-1.1853672662007295,0.6666666666666666,5.063670064160101,0.0,latency_first,-35.80369035811393,best_effort_allocated,True,42,nominal
3,F3,UAV_1 -> BS_2 -> DC_1,2,0.48,0.88,True,True,True,True,1.0,0.7526231654693316,0.570573309598023,0.8745346526240824,17.888140864655913,0.17756198424116665,0.5652900396412568,0.07497575402134578,0.38422365868521907,0.12546534737591764,0.12249710255571916,0.3374137886211519,0.8610780480384973,0.3810780480384973,0.31488075954133243,0.1834779907017276,-0.3699241567518507,0.5,7.526231654693316,0.09138808724908393,latency_first,-13.870591570017835,secure_allocated,True,42,nominal
3,F5,UAV_2 -> BS_2 -> BS_3,2,0.46,0.82,True,True,True,True,1.0,0.9561354041788407,0.5112120550876622,0.8664601324581716,7.971721087756919,0.15957360678069263,0.6317939510905499,0.05440621197092214,0.3048272498184507,0.1335398675418285,0.1515892708181433,0.21601554056570726,0.950882161021276,0.49088216102127596,0.1971327744846484,0.13720136507619896,-0.23829318400750807,0.5,9.561354041788407,0.11953526581423414,latency_first,-3.958567639027446,secure_allocated,True,42,nominal
3,F4,GW_2 -> SAT_2 -> SAT_1 -> GW_1 -> BS_1,4,0.44,0.78,True,True,False,False,0.0,0.6740773784173665,0.0,0.8593889288885306,97.77852044130529,0.3166907555082735,0.9939487022444625,0.12729228828650663,0.5499652349687132,0.14061107111146934,0.35077529674502067,0.5927327379384246,0.27240038464329164,-0.16759961535670836,1.0076017640776098,0.6562997620594246,-1.2044916926954372,0.75,6.740773784173665,0.0,latency_first,-94.1149573078792,best_effort_allocated,True,42,nominal
4,F1,SAT_1 -> GW_1 -> UAV_1 -> BS_2 -> BS_3 -> DC_1,5,0.58,1.0,True,True,False,False,0.0,0.9064103781555488,0.0,0.8810742705093932,47.51753137144012,0.20551363440857895,0.9794606863403201,0.1104168930533852,0.5011721542589782,0.1189257294906066,0.17663430084516354,0.3960270635370276,0.3817210096820634,-0.19827899031793655,0.8360531643665418,0.47174847973338724,-0.977577708286558,0.6,9.064103781555488,0.0,latency_first,-43.523187287710314,best_effort_allocated,True,42,nominal
4,F2,SAT_2 -> SAT_1 -> GW_1 -> BS_1,3,0.52,0.94,True,False,False,False,0.0,0.4064103781555488,0.0,0.8704179279974168,49.808861979235274,0.26038949621288726,0.9592204608070964,0.1104168930533852,0.5011721542589782,0.12958207200258323,0.25880534529348165,0.4977438408947213,0.15437661432942865,-0.3656233856705714,1.0880916975311152,0.3824413559030979,-1.2028241043020447,0.6666666666666666,4.064103781555488,0.0,latency_first,-45.977551331673965,degraded_unallocated,False,42,nominal
4,F3,UAV_1 -> BS_2 -> BS_3 -> DC_1,3,0.48,0.88,True,True,True,True,0.8409530820415053,0.7568278806313149,0.5263256364218606,0.8955824513460239,14.611213481246628,0.14146298748620403,0.6292306519272086,0.0712914706766678,0.3707247890259173,0.10441754865397608,0.10809961276690422,0.24818082704737413,0.780124880703045,0.300124880703045,0.37621466092222616,0.21818566291248426,-0.44167035979597147,0.3333333333333333,7.568278806313149,0.06727624656332043,latency_first,-10.416227199488915,secure_allocated,True,42,nominal
4,F5,UAV_2 -> GW_2 -> BS_3,2,0.46,0.82,True,True,True,True,0.6117958384237776,1.0,0.37957402782604943,0.8627551194602219,21.40445015627187,0.19328032375097698,0.825071785925761,0.07722443007065918,0.3923229818904571,0.13724488053977807,0.11234706208559816,0.39126403552958955,0.7562938374143265,0.2962938374143265,0.42876305374622736,0.19988743406260207,-0.488729283965008,0.5,13.7445950262873,0.04894366707390221,latency_first,-17.477235206472717,secure_allocated,True,42,nominal
4,F4,GW_2 -> SAT_2 -> SAT_1 -> GW_1 -> BS_1,4,0.44,0.78,True,True,False,False,0.0,0.4064103781555488,0.0,0.8496511838805304,96.76090202453616,0.31865658597342117,0.9938530084901397,0.1276997019208313,0.5510956898268529,0.15034881611946962,0.348214798060733,0.5861407172057599,0.14980793062371364,-0.2901920693762864,1.131361455521039,0.651550876114502,-1.3268267183553895,0.75,4.064103781555488,0.0,latency_first,-93.14995927708036,best_effort_allocated,True,42,nominal
5,F1,SAT_1 -> GW_1 -> UAV_1 -> BS_2 -> DC_1,4,0.58,1.0,True,True,False,False,0.025350087414113223,0.8890843608938483,0.027722148330063638,0.8675203292569715,49.62104857687044,0.234271079949578,0.9772976640674517,0.10792522426012008,0.4936259139927663,0.1324796707430286,0.1948744773715297,0.4647715396150248,0.38488498291652773,-0.19511501708347223,0.8439434815589739,0.4315648933587287,-0.9734129495665925,0.75,8.890843608938484,0.002028006993129058,latency_first,-45.75198909048474,best_effort_allocated,True,42,nominal
5,F2,SAT_2 -> UAV_2 -> BS_2 -> BS_1,3,0.52,0.94,True,True,False,False,0.0,0.5006143605566884,0.0,0.8049526143022292,40.80867582449295,0.29749352983171407,0.9284501630891259,0.1217561138525165,0.5343877822277422,0.1950473856977708,0.33901116675276316,0.4320754249675531,0.1823660373970002,-0.3376339626029998,1.0851029965842067,0.3404404871809671,-1.1872351427384968,0.6666666666666666,5.0061436055668835,0.0,latency_first,-37.37889981264524,best_effort_allocated,True,42,nominal
5,F3,UAV_1 -> BS_2 -> DC_1,2,0.48,0.88,True,True,True,True,0.9635613692776405,0.7102779654055448,0.5756594132494908,0.8794821943253042,16.6074814523934,0.1680486615461566,0.6054641203467561,0.0753996378106137,0.38575836978658373,0.12051780567469583,0.12300407181671548,0.30765770979011536,0.8230699202867643,0.3430699202867643,0.3489915698556521,0.17750158011116918,-0.40224204388900286,0.5,7.102779654055448,0.07708490954221124,latency_first,-12.546167803859193,secure_allocated,True,42,nominal
5,F5,UAV_2 -> BS_2 -> BS_3,2,0.46,0.82,True,True,True,True,1.0,0.9635390201738068,0.5092845060504491,0.8641554647035528,8.357722320297976,0.1704657109942808,0.6619162431181518,0.055352710742965126,0.3087137421902624,0.1358445352964472,0.15955490668374622,0.24587679242302277,0.9537067613129947,0.4937067613129947,0.20018124418199723,0.13900270416139054,-0.24188205543041438,0.5,9.635390201738067,0.11199248245953959,latency_first,-4.377876418768774,secure_allocated,True,42,nominal
5,F4,GW_2 -> UAV_2 -> BS_2 -> BS_1,3,0.44,0.78,True,True,True,True,1.0,0.6135390201738067,0.6197556969476216,0.8605757863022002,25.78331766285237,0.19066089472198683,0.8726528635756631,0.0702636675909081,0.3669068372036606,0.13942421369779975,0.16169352301957035,0.31764776660842325,0.7954192320646971,0.3554192320646971,0.3821048798611121,0.27032214909331104,-0.4632015245891054,0.6666666666666666,6.135390201738067,0.08676198271804975,latency_first,-21.86176052078534,secure_allocated,True,42,nominal
6,F1,SAT_1 -> GW_1 -> UAV_1 -> BS_2 -> BS_3 -> DC_1,5,0.58,1.0,True,True,False,False,0.020043007141722326,0.9292967676887172,0.02111257494220358,0.8751040626256688,48.85534057036345,0.20512258659043675,0.9802349487275066,0.10787051875223513,0.4934591966330262,0.12489593737433131,0.17589287857996638,0.384606204791991,0.4017300931655171,-0.17826990683448285,0.813939869958436,0.4779915893283627,-0.9573373467569448,0.6,9.292967676887171,0.0016034405713377861,latency_first,-44.89006543041599,best_effort_allocated,True,42,nominal
6,F2,SAT_2 -> UAV_2 -> BS_2 -> BS_1,3,0.52,0.94,True,True,False,False,0.0,0.5037740198885385,0.0,0.8031562937274241,39.28824058922369,0.2970179469394425,0.9275944739544048,0.12059492861931576,0.5310685549287243,0.19684370627257586,0.3492758120747572,0.4146221419774247,0.18339269356987564,-0.3366073064301244,1.0830325212850545,0.3333451227497105,-1.1830360581099677,0.6666666666666666,5.037740198885386,0.0,latency_first,-35.86649501446545,best_effort_allocated,True,42,nominal
6,F3,UAV_1 -> BS_2 -> BS_3 -> DC_1,3,0.48,0.88,True,True,True,True,0.848466993301234,0.7630826873014955,0.5264913663622843,0.8894685795876104,15.613821325140963,0.13981501844745803,0.6458030944001858,0.06969423911728984,0.3647815739283298,0.11053142041238957,0.10821224264500584,0.23044882587352386,0.785727143110626,0.305727143110626,0.3683850086728126,0.22286449951732448,-0.4352443585280099,0.3333333333333333,7.630826873014955,0.06787735946409872,latency_first,-11.446108464097827,secure_allocated,True,42,nominal
6,F5,UAV_2 -> BS_2 -> BS_3,2,0.46,0.82,True,True,True,True,1.0,0.9924857980482488,0.5018856350090706,0.8637014065457345,8.168830565893758,0.1652365413466579,0.6611600257345203,0.05141571367098325,0.292380637522348,0.13629859345426554,0.1616540505077128,0.2216238365596983,0.9666329185617736,0.5066329185617735,0.18081868442480947,0.13812120930750418,-0.22225504721706074,0.5,9.924857980482487,0.12836030614530608,latency_first,-4.180796615858402,secure_allocated,True,42,nominal
6,F4,GW_2 -> BS_2 -> UAV_1 -> GW_1 -> BS_1,4,0.44,0.78,True,False,False,True,0.5161780250781657,0.26308268730149553,0.6623945194181433,0.8694569816683594,35.100204478637195,0.1860968521733797,0.895949465366007,0.07688216319867233,0.3910968724532897,0.13054301833164061,0.134893172820601,0.3475381683118445,0.3735656590457032,-0.06643434095429679,0.8079521425456401,0.36380095423364023,-0.9170924288157322,0.5,2.6308268730149553,0.04129424200625326,latency_first,-31.125113274642157,degraded_unallocated,False,42,nominal
7,F1,SAT_1 -> UAV_1 -> BS_2 -> DC_1,3,0.58,1.0,True,True,True,True,0.3276848292023045,1.0,0.2468091989867679,0.8680761587396241,43.08586905055353,0.2087882233904892,0.8983454160323151,0.09221768163066396,0.4438291488485152,0.1319238412603759,0.17083575527113157,0.3926870729679222,0.6012034109839848,0.021203410983984816,0.6037085767538641,0.35106738890258316,-0.7090287934246391,0.6666666666666666,10.221902745577474,0.026214786336184362,latency_first,-39.16306470363639,secure_allocated,True,42,nominal
7,F2,SAT_2 -> SAT_1 -> GW_1 -> BS_1,3,0.52,0.94,True,True,False,False,0.06556135930728017,0.7106501624407324,0.08446326480652765,0.8657960050061239,50.89132467167822,0.25385516918545875,0.9589428966704341,0.10420086417960149,0.48217229963685443,0.13420399499387614,0.23743701605838077,0.48892906648280104,0.32632644181868087,-0.19367355818131915,0.9084514592239892,0.3874928484678317,-1.0246993137643388,0.6666666666666666,7.106501624407325,0.0052449087445824135,latency_first,-47.07005498501852,best_effort_allocated,True,42,nominal
7,F3,UAV_1 -> BS_2 -> DC_1,2,0.48,0.88,True,True,True,True,1.0,0.7257790324275707,0.5794484584699977,0.8872096052009766,17.096356348810396,0.15600738706213596,0.6096624903317813,0.06847956421197585,0.36022389399852833,0.11279039479902347,0.11614041688385962,0.2816383373496701,0.8517866777366218,0.3717866777366218,0.3084726199409715,0.1797829962944485,-0.36240751882930605,0.5,7.257790324275707,0.09971569784350028,latency_first,-12.972323096929784,secure_allocated,True,42,nominal
7,F5,UAV_2 -> BS_2 -> DC_1 -> BS_3,3,0.46,0.82,True,True,True,True,1.0,1.0,0.5,0.8961876826972756,12.822354800840255,0.13336478270086427,0.6671564234674408,0.05371233235910142,0.3019621198265656,0.10381231730272437,0.1273468256988022,0.1937807688199905,0.9771612901934006,0.5171612901934006,0.15834339197862973,0.20983765573725452,-0.2212946886998061,0.3333333333333333,14.113252740144928,0.08944687794046854,latency_first,-8.608145952755606,secure_allocated,True,42,nominal
7,F4,GW_2 -> UAV_2 -> BS_2 -> BS_1,3,0.44,0.78,True,True,True,True,1.0,1.0,0.5,0.8448205710616534,24.014209113805407,0.1963913201048957,0.8719530172976002,0.06940442715805405,0.3636971491313239,0.1551794289383466,0.16398984460135255,0.3094544948089359,0.9658605256335637,0.5258605256335638,0.21343985569647034,0.26206630919775853,-0.2920597484557979,0.6666666666666666,10.613252740144928,0.087032282304994,latency_first,-20.18288889870693,secure_allocated,True,42,nominal
8,F1,SAT_1 -> UAV_1 -> GW_1 -> BS_1 -> DC_1,4,0.58,1.0,True,True,True,True,0.34466397201140675,0.9916649805503471,0.2579185097731236,0.8672527765483405,45.10327559798143,0.1987881646343837,0.9483213687555413,0.0860146481806345,0.4230254364210334,0.13274722345165949,0.1576567936245593,0.3670195039750766,0.6066100366945648,0.026610036694564854,0.5886009964961663,0.41048195279058,-0.7117455823333403,0.5,9.916649805503472,0.027573117760912542,latency_first,-41.16458804450849,secure_allocated,True,42,nominal
8,F2,SAT_2 -> UAV_2 -> BS_2 -> BS_1,3,0.52,0.94,True,True,False,False,0.0,0.5200201284916267,0.0,0.8012036108954161,39.24562713832102,0.29357744166184013,0.9272034470013856,0.1206855923628252,0.5313283738323937,0.1987963891045839,0.3269830074897433,0.4240966572714176,0.19027385221822354,-0.32972614778177645,1.074668089987703,0.3331462599788314,-1.1746119679813525,0.6666666666666666,5.200201284916267,0.0,latency_first,-35.826763967167615,best_effort_allocated,True,42,nominal
8,F3,UAV_1 -> GW_1 -> BS_2 -> DC_1,3,0.48,0.88,True,True,True,True,0.34333591901710514,1.0,0.25558455942153163,0.8606661189153951,18.81868114508679,0.17229922021091948,0.8200223325123865,0.0791152692385802,0.3990540889300334,0.1393338810846048,0.1024206116931989,0.3154911608595506,0.6081813016207948,0.12818130162079477,0.5691168697066273,0.237820512010405,-0.6404630233097488,0.3333333333333333,10.13899145694786,0.027466873521368413,latency_first,-14.85994899093165,secure_allocated,True,42,nominal
8,F5,UAV_2 -> BS_2 -> BS_3,2,0.46,0.82,True,True,True,True,1.0,1.0,0.5,0.8481436377046927,7.59784180606443,0.1728338643673843,0.6485487308384579,0.05239782791878816,0.29649673308175667,0.1518563622953073,0.1614783044579698,0.22422003998842038,0.9665916002950324,0.5065916002950324,0.18530782194072964,0.13545659509496732,-0.22594480046921983,0.5,10.523551993467889,0.1280657604517979,latency_first,-3.702791346275735,secure_allocated,True,42,nominal
8,F4,GW_2 -> UAV_2 -> BS_2 -> BS_1,3,0.44,0.78,True,True,True,True,1.0,0.7023551993467889,0.5874214737228225,0.8515439940321633,23.441666030154547,0.1923692396160997,0.8751225625663581,0.06639941930670014,0.352341000449116,0.1484560059678367,0.16566285881299794,0.30346071714669526,0.833399518393131,0.393399518393131,0.34125188954639285,0.25939444147405455,-0.4190702219886092,0.6666666666666666,7.023551993467889,0.09409990782679026,latency_first,-19.56868453922593,secure_allocated,True,42,nominal
9,F1,SAT_1 -> GW_1 -> UAV_1 -> BS_2 -> BS_3 -> DC_1,5,0.58,1.0,True,True,False,False,0.009848055912764535,0.9756503535220657,0.009992969870354494,0.8586811119434528,47.85998601777512,0.2138181722950992,0.9788117131141706,0.10905419382781623,0.4970565134393004,0.1413188880565473,0.15774696220553008,0.4116023360319755,0.4133689344645096,-0.16663106553549034,0.8071133714281101,0.4733466014162839,-0.9491173518529953,0.6,9.756503535220657,0.0007878444730211628,latency_first,-43.994216802648054,best_effort_allocated,True,42,nominal
9,F2,SAT_2 -> UAV_2 -> BS_2 -> BS_1,3,0.52,0.94,True,True,False,False,0.0,0.539715252522255,0.0,0.7941236788407401,38.45290070032177,0.2934928534414646,0.9235487860675118,0.12145237022921003,0.5335212995067604,0.20587632115925983,0.303258738236784,0.4394835497950497,0.19757907297997757,-0.32242092702002245,1.0678730359453716,0.3294468699348349,-1.1667070969258222,0.6666666666666666,5.39715252522255,0.0,latency_first,-35.069268013001,best_effort_allocated,True,42,nominal
9,F3,UAV_1 -> BS_2 -> BS_3 -> DC_1,3,0.48,0.88,True,True,True,True,0.7357683726906948,0.7060828964196361,0.5102942227492631,0.8781839315939021,15.745872490179647,0.14927195750719435,0.6542576244526201,0.07278864675621621,0.3762452022278536,0.12181606840609797,0.10510124947545389,0.25169740752725633,0.6956103733193768,0.21561037331937682,0.46562330811582403,0.223480738287505,-0.5326675296020755,0.3333333333333333,7.060828964196361,0.05886146981525559,latency_first,-11.653496747224525,secure_allocated,True,42,nominal
9,F5,UAV_2 -> BS_2 -> BS_3,2,0.46,0.82,True,True,True,True,1.0,1.0,0.5,0.8581484651141534,7.379575489713197,0.16927307394445967,0.6432506707693687,0.05958409034973677,0.3257916960458532,0.14185153488584656,0.14587383420009187,0.2467109319432046,0.9687926623251137,0.5087926623251138,0.18882814496135641,0.13443801895199492,-0.2291595506469549,0.5,10.57369859093751,0.1142915969972254,latency_first,-3.427379312031349,secure_allocated,True,42,nominal
9,F4,GW_2 -> UAV_2 -> BS_2 -> BS_1,3,0.44,0.78,True,True,True,True,1.0,0.707369859093751,0.5856961774707599,0.8521814340264368,22.861278024726204,0.18809451056094,0.8725711958365511,0.06031585854608593,0.3286974856527508,0.14781856597356322,0.15223332378973617,0.3036246349436628,0.8357963520780042,0.3957963520780042,0.33102054908760653,0.2566859641153889,-0.4080263383222232,0.6666666666666666,7.073698590937511,0.11386269463935786,latency_first,-18.9765598757159,secure_allocated,True,42,nominal
10,F1,SAT_1 -> GW_1 -> UAV_1 -> BS_2 -> BS_3 -> DC_1,5,0.58,1.0,True,True,False,False,0.0,0.9596811435038888,0.0,0.8405512062741106,48.49859516440742,0.21852234273585486,0.9752993924433493,0.11389412789512561,0.5115512251385282,0.15944879372588938,0.1512435239194021,0.405589313533536,0.3967777799570542,-0.18322222004294575,0.8294450805587125,0.4763267774339013,-0.9723431137888828,0.6,9.596811435038887,0.0,latency_first,-44.732883818508576,best_effort_allocated,True,42,nominal
10,F2,SAT_2 -> UAV_2 -> BS_2 -> BS_1,3,0.52,0.94,True,True,False,False,0.0,0.5517208511576547,0.0,0.7764938723247602,36.988682679872355,0.2958123789002877,0.9199267180033417,0.12163030609582114,0.5340290443852933,0.22350612767523984,0.2822679774096794,0.442216912894104,0.19910303493239184,-0.3208969650676082,1.0675197966690608,0.322613852506071,-1.164303952420882,0.6666666666666666,5.517208511576547,0.0,latency_first,-33.69783807604913,best_effort_allocated,True,42,nominal
10,F3,UAV_1 -> BS_2 -> BS_3 -> DC_1,3,0.48,0.88,True,True,True,True,0.7764931660388459,0.7155940695876527,0.5204073511913742,0.8632627613360838,15.946392713684196,0.1531815431955878,0.6261446846592901,0.07181764404122142,0.3726704228052792,0.13673723866391616,0.10006201237644136,0.2465247283355725,0.7190063801297474,0.2390063801297474,0.4430929200095869,0.22441649933052624,-0.5104178698087447,0.3333333333333333,7.155940695876527,0.062119453283107674,latency_first,-11.936441993394952,secure_allocated,True,42,nominal
10,F5,UAV_2 -> BS_2 -> BS_3,2,0.46,0.82,True,True,True,True,1.0,1.0,0.5,0.8487033895691547,7.551710014687952,0.17549620706218885,0.6225004733068591,0.05979613313979123,0.32663511176166743,0.15129661043084525,0.14021856023070206,0.2613886571963915,0.966714745705214,0.5067147457052139,0.19391732541318785,0.13524131340187712,-0.23448971943375096,0.5,10.884263317823997,0.11854235864255731,latency_first,-3.6591854809665567,secure_allocated,True,42,nominal
10,F4,GW_2 -> UAV_2 -> BS_2 -> BS_1,3,0.44,0.78,True,True,True,True,1.0,0.7384263317823997,0.5752328883414375,0.8302041441392757,21.22810013854663,0.1942841721799491,0.8749327584902629,0.05979613313979123,0.32663511176166743,0.1697958558607244,0.14745558436061548,0.29455744693775393,0.8449367610127205,0.4049367610127205,0.3241498944086734,0.2490644673132176,-0.3988692346026387,0.6666666666666666,7.384263317823997,0.12362784755070245,latency_first,-17.465647762210146,secure_allocated,True,42,nominal
11,F1,SAT_1 -> UAV_1 -> BS_2 -> BS_3 -> DC_1,4,0.58,1.0,True,True,False,True,0.1951112913628519,0.9960493497374905,0.1637993102111035,0.8347571531989209,40.36527109675605,0.2000440615072929,0.8900859786156047,0.09689516400815244,0.4590755097714643,0.16524284680107906,0.13076412600703663,0.34582217057878534,0.5191799913352019,-0.060820008664798086,0.6856087137859459,0.38837126511819486,-0.8021200933214043,0.5,9.960493497374905,0.015608903309028152,latency_first,-36.59157345377603,best_effort_allocated,True,42,nominal
11,F2,SAT_2 -> UAV_2 -> BS_2 -> BS_1,3,0.52,0.94,True,True,False,False,0.0,0.5571757570626582,0.0,0.7796968342082445,37.66223851751357,0.28590254673031024,0.9161117081622344,0.12178953529990146,0.5344830467872554,0.22030316579175543,0.259736439021278,0.4353807616705474,0.20226239420400996,-0.3177376057959901,1.0600145135214434,0.32575711308172994,-1.1577416474459623,0.6666666666666666,5.571757570626582,0.0,latency_first,-34.335559439932965,best_effort_allocated,True,42,nominal
11,F3,UAV_1 -> BS_2 -> BS_3 -> DC_1,3,0.48,0.88,True,True,True,True,0.9952295551658534,0.7091191401103429,0.583935410590714,0.8456758146543519,15.210794013243914,0.16089743231900483,0.5984461587173391,0.06738380108853188,0.35608377792433044,0.15432418534564818,0.10002712908354612,0.24577364075359723,0.8325285476148312,0.3525285476148312,0.32889624140980356,0.22098370539513826,-0.395191353028345,0.3333333333333333,7.09119140110343,0.07961836441326828,latency_first,-11.304209804610165,secure_allocated,True,42,nominal
11,F5,UAV_2 -> BS_2 -> BS_3,2,0.46,0.82,True,True,True,True,1.0,1.0,0.5,0.8345641538548613,7.693507595521931,0.17600252145315848,0.6108394365110599,0.05339783837859711,0.300659037565319,0.16543584614513873,0.13201507646934485,0.2478074709881703,0.9636041138480694,0.5036041138480694,0.19076178019718162,0.13590303544576898,-0.23153269083091232,0.5,11.741943637783532,0.14294827977398192,latency_first,-3.8726918691539414,secure_allocated,True,42,nominal
11,F4,GW_2 -> UAV_2 -> BS_2 -> BS_1,3,0.44,0.78,True,True,True,True,1.0,0.8241943637783532,0.5481871997064804,0.8355583893351198,22.527452257799276,0.19045261348431503,0.8771511282933273,0.05883771996582466,0.3228137184900939,0.16444161066488014,0.14193976336211966,0.29548783870593226,0.8847103093539852,0.4447103093539852,0.28169679633648004,0.2551281105363966,-0.358235229497399,0.6666666666666666,8.241943637783532,0.11253031946335085,latency_first,-18.730565538092307,secure_allocated,True,42,nominal
12,F1,SAT_1 -> UAV_1 -> BS_2 -> DC_1,3,0.58,1.0,True,True,True,True,0.3307637784711208,0.9666588602728844,0.25493911435931393,0.8386234746408228,42.23272726788662,0.21066807403287452,0.8795382005400906,0.09423301441534274,0.4504434260575908,0.16137652535917724,0.1405374295859294,0.38354963498186373,0.5814137297028954,0.0014137297028954388,0.6259977601262958,0.34708606058347086,-0.7301235783013371,0.6666666666666666,9.666588602728844,0.026461102277689667,latency_first,-38.46094604274825,secure_allocated,True,42,nominal
12,F2,SAT_2 -> UAV_2 -> BS_2 -> BS_1,3,0.52,0.94,True,True,False,False,0.0,0.5855612662112183,0.0,0.7753401773934963,37.71467347173267,0.29442906570087285,0.9098236042791595,0.1280123531472392,0.5519617482589647,0.22465982260650366,0.2687925420527872,0.45077753164844014,0.21407740882161738,-0.3059225911783826,1.0564061078085165,0.32600180953475244,-1.1542066506689423,0.6666666666666666,5.855612662112183,0.0,latency_first,-34.426830716166926,best_effort_allocated,True,42,nominal
12,F3,UAV_1 -> BS_2 -> BS_3 -> DC_1,3,0.48,0.88,True,True,True,True,0.9253585569876865,0.7225336136281302,0.5615407206175878,0.8415118124155408,15.77231328029196,0.16119900872724285,0.5919121533238043,0.0678805273352214,0.3579639468899234,0.15848818758445904,0.09381378341437689,0.24694075715969285,0.7992199312073052,0.3192199312073052,0.362810609442435,0.22360412864136248,-0.4298918480348437,0.3333333333333333,7.225336136281301,0.07402868455901493,latency_first,-11.887152235668742,secure_allocated,True,42,nominal
12,F5,UAV_2 -> BS_2 -> BS_3,2,0.46,0.82,True,True,True,True,1.0,1.0,0.5,0.8303240858699139,7.563699710003018,0.18156837050710584,0.5780884478235078,0.06010549870580538,0.3278635673243395,0.16967591413008604,0.13387829981814658,0.26020287681249255,0.962671298891381,0.5026712988913811,0.20100035966790147,0.1352972653133474,-0.24158953926190568,0.5,11.392271279717816,0.12684135374465705,latency_first,-3.77521602166766,secure_allocated,True,42,nominal
12,F4,GW_2 -> UAV_2 -> BS_2 -> BS_1,3,0.44,0.78,True,True,True,True,1.0,0.7892271279717816,0.5589005355253989,0.8309368696119058,22.939926574621843,0.19198905128197336,0.8708291973894446,0.06010549870580538,0.3278635673243395,0.1690631303880941,0.14039878905478345,0.295164023563584,0.867958318901921,0.427958318901921,0.30040264600605193,0.2570529906815686,-0.37751854321052253,0.6666666666666666,7.892271279717816,0.11232253539978679,latency_first,-19.16922032912626,secure_allocated,True,42,nominal
13,F1,SAT_1 -> UAV_1 -> GW_1 -> BS_1 -> DC_1,4,0.58,1.0,True,True,False,True,0.2506570552317647,0.9948904433989579,0.2012424700842974,0.8362603579397168,43.71894658975618,0.21179333909948223,0.9365460723908312,0.09495747766901398,0.45280425386510315,0.1637396420602832,0.13347993390661522,0.39226608000148083,0.5495393586537393,-0.030460641346260697,0.6589687074073035,0.4040217507521955,-0.7801752326329622,0.5,9.94890443398958,0.020052564418541176,latency_first,-39.96123147825656,best_effort_allocated,True,42,nominal
13,F2,SAT_2 -> SAT_1 -> GW_1 -> BS_1,3,0.52,0.94,True,True,False,False,0.0,0.7289323232388856,0.0,0.8327910730468973,48.094210027250234,0.2560689118616176,0.9451311035585818,0.11305919781416168,0.5090750177406617,0.16720892695310277,0.17870516066010403,0.5088533861387606,0.29123358152781587,-0.22876641847218415,0.9512661832450775,0.3744396467938344,-1.0635980772832279,0.6666666666666666,7.289323232388856,0.0,latency_first,-44.442392485738985,best_effort_allocated,True,42,nominal
13,F3,UAV_1 -> GW_1 -> BS_2 -> DC_1,3,0.48,0.88,True,True,True,True,0.30404344505675035,0.9430849276205269,0.24379482635299524,0.8247124911402016,18.735934897366995,0.18508006354608467,0.7906592195794788,0.0840483739685419,0.41628566889049046,0.17528750885979846,0.09341107256192645,0.3127094511623897,0.5530488602612941,0.07304886026129409,0.6343085855570666,0.2374343628543793,-0.7055388944133804,0.3333333333333333,9.430849276205269,0.024323475604540026,latency_first,-14.982532568758156,secure_allocated,True,42,nominal
13,F5,UAV_2 -> GW_2 -> BS_3,2,0.46,0.82,True,True,True,True,0.9896904054626899,1.0,0.4974092465569002,0.8101866002028066,20.43150148212384,0.20553858550312104,0.7882935529026328,0.06160957899250774,0.33380148481233607,0.1898133997971933,0.0915793257892562,0.3705950314304287,0.9525707750490968,0.4925707750490968,0.22337195963039166,0.19534700691657791,-0.28197606170536504,0.5,12.876153919998066,0.0791752324370152,latency_first,-16.791645652116046,secure_allocated,True,42,nominal
13,F4,GW_2 -> SAT_2 -> SAT_1 -> GW_1 -> BS_1,4,0.44,0.78,True,False,False,False,0.0,0.2789323232388856,0.0,0.8108697106141727,93.14372723441367,0.30689706437038755,0.9915417470686527,0.11938131787121616,0.5275798640601242,0.18913028938582735,0.2554540282202474,0.5806089027227642,0.08391088179261652,-0.3560891182073835,1.186087763189089,0.6346707270939305,-1.376488981317268,0.75,2.789323232388856,0.0,latency_first,-89.70317281008359,degraded_unallocated,False,42,nominal
14,F1,SAT_1 -> UAV_1 -> BS_2 -> DC_1,3,0.58,1.0,True,True,True,True,0.3208481593619401,0.9996407499690406,0.2429767922280364,0.8331853326546753,41.0052574631276,0.2158419280334527,0.8639363053732575,0.09630132148306193,0.4571601888125344,0.1668146673453246,0.1311396356988304,0.40573374807363005,0.5896055983191639,0.009605598319163966,0.6218133164990234,0.3413578681612621,-0.724220676947402,0.6666666666666666,9.996407499690406,0.02566785274895521,latency_first,-37.27101465592113,secure_allocated,True,42,nominal
14,F2,SAT_2 -> UAV_2 -> BS_2 -> BS_1,3,0.52,0.94,True,True,False,False,0.0,0.621038033865095,0.0,0.7417577936756833,39.15277269486722,0.30608497300626575,0.8984891172736202,0.1276616424961627,0.5509901770669541,0.2582422063243167,0.2400052802026397,0.4714975843981253,0.22265382984794307,-0.29734617015205694,1.0528319522716152,0.3327129392427136,-1.1526458340444292,0.6666666666666666,6.210380338650951,0.0,latency_first,-36.05615367250133,best_effort_allocated,True,42,nominal
14,F3,UAV_1 -> BS_2 -> BS_3 -> DC_1,3,0.48,0.88,True,True,True,True,0.9213887902435522,0.715801005909739,0.5627867901500664,0.8344354267204683,15.372711639649424,0.16974237549785698,0.5494908660414841,0.07259351625124559,0.37552844882080855,0.16556457327953164,0.09177289987744824,0.2708257902353331,0.7924500811718393,0.31245008117183937,0.37781610000739846,0.22173932098503063,-0.44433789630290765,0.3333333333333333,7.158010059097391,0.07371110321948418,latency_first,-11.540019257042797,secure_allocated,True,42,nominal
14,F5,UAV_2 -> BS_2 -> BS_3,2,0.46,0.82,True,True,True,True,1.0,1.0,0.5,0.8088404056916407,7.4962874078817965,0.19350967205255531,0.5371437378504127,0.06336494298166871,0.3406601334168833,0.19115959430835933,0.1343249610219688,0.26876146522881195,0.9579448892521609,0.4979448892521609,0.2142994965257098,0.13498267457011504,-0.2547942988967443,0.5,12.655641241815072,0.12828640415896678,latency_first,-3.839104723528704,secure_allocated,True,42,nominal
14,F4,GW_2 -> SAT_2 -> SAT_1 -> GW_1 -> BS_1,4,0.44,0.78,True,True,False,False,0.0,0.5852584182128975,0.0,0.8059583279727556,96.24337931579629,0.3060428992708232,0.9910778082998543,0.11982224538539447,0.5288496992097458,0.19404167202724446,0.23815468087840938,0.5891109703801616,0.22067712034981005,-0.21932287965018996,1.049254609124497,0.6491357701403826,-1.2439953401666117,0.75,5.852584182128974,0.0,latency_first,-92.82567347447416,best_effort_allocated,True,42,nominal
15,F1,SAT_1 -> UAV_1 -> BS_2 -> BS_3 -> DC_1,4,0.58,1.0,True,True,True,True,0.3258970857723061,1.0,0.24579365115843677,0.816881797965185,38.5133634754034,0.21032515290821518,0.8652563081942664,0.09232390467848334,0.4441795060366461,0.18311820203481513,0.11572396563275267,0.3728190892108904,0.588957392727109,0.008957392727109048,0.6167338025907494,0.3797290295518825,-0.7306525114563142,0.5,10.403605981733751,0.026071766861784487,latency_first,-34.84960479139391,secure_allocated,True,42,nominal
15,F2,SAT_2 -> UAV_2 -> BS_2 -> BS_1,3,0.52,0.94,True,True,False,False,0.0,0.6206744009193155,0.0,0.7439669523930403,41.030094060164956,0.3050457193600517,0.8983589866896093,0.12887083615650158,0.5543332968337026,0.2560330476069597,0.23657912651264582,0.4754284399325044,0.22297620994016085,-0.29702379005983914,1.0528776879802881,0.3414737722807698,-1.1553198196645191,0.6666666666666666,6.206744009193155,0.0,latency_first,-37.92035073691986,best_effort_allocated,True,42,nominal
15,F3,UAV_1 -> BS_2 -> BS_3 -> DC_1,3,0.48,0.88,True,True,True,True,0.8387331748187914,0.7528346511557664,0.5269855051921608,0.8278672152383294,15.098316920450555,0.17823711233331047,0.5779394643789943,0.07505129813123529,0.38449744637847844,0.17213278476167063,0.09265129202769389,0.2919278863290021,0.7622096265228626,0.28220962652286263,0.41412143562174675,0.2204588122954359,-0.48025907931037753,0.3333333333333333,7.528346511557665,0.06709865398550331,latency_first,-11.31545506892553,secure_allocated,True,42,nominal
15,F5,UAV_2 -> BS_2 -> BS_3,2,0.46,0.82,True,True,True,True,1.0,1.0,0.5,0.8013671421601261,7.904004076882765,0.2053683245080713,0.5513870668694993,0.06409170032778831,0.3434777196322204,0.1986328578398739,0.13477841800884394,0.3022000523098995,0.9563007712752277,0.4963007712752277,0.22198440466145947,0.13688535235878624,-0.26305001036909537,0.5,12.652422337075105,0.12491481713248105,latency_first,-4.307905015098276,secure_allocated,True,42,nominal
15,F4,GW_2 -> UAV_2 -> BS_2 -> BS_1,3,0.44,0.78,True,True,True,True,1.0,0.9152422337075106,0.5221271661622707,0.8041527620471349,25.38018784672158,0.2138731195093363,0.8635975415692108,0.06525206057262183,0.3479500744897988,0.19584723795286504,0.14076172220229155,0.33405338307943827,0.9187726128187494,0.47877261281874944,0.26445780958290155,0.268440876618034,-0.34499007256831177,0.6666666666666666,9.152422337075105,0.09912704339171936,latency_first,-21.78717027550458,secure_allocated,True,42,nominal
16,F1,SAT_1 -> UAV_1 -> BS_2 -> BS_3 -> DC_1,4,0.58,1.0,True,True,False,True,0.19467892825202263,1.0,0.1629550196694808,0.8142745158671941,37.14739502785803,0.21338451570431843,0.8585181303978499,0.09899582582992521,0.4658043305880938,0.18572548413280585,0.11404465184476284,0.38237860916450783,0.5162138040293951,-0.06378619597060486,0.6962603106845716,0.3733545101300041,-0.8082666637235728,0.5,10.701174043648523,0.01557431426016181,latency_first,-33.5027914799307,best_effort_allocated,True,42,nominal
16,F2,SAT_2 -> UAV_2 -> BS_2 -> BS_1,3,0.52,0.94,True,True,False,False,0.0,0.6309533401298808,0.0,0.7464034968380563,41.71642708049455,0.30076259664174076,0.8957470256410779,0.12443330568372164,0.5419714103802759,0.2535965031619437,0.23656599508592477,0.4626974867723548,0.2281377723628187,-0.2918622276371813,1.0426982487210337,0.34467665970897454,-1.1461012466337261,0.6666666666666666,6.309533401298808,0.0,latency_first,-38.585934789587746,best_effort_allocated,True,42,nominal
16,F3,UAV_1 -> BS_2 -> BS_3 -> DC_1,3,0.48,0.88,True,True,True,True,0.7777459128154031,0.6887348417761038,0.5303485302349207,0.8189380451974602,14.39331388402426,0.18042719928324202,0.5486978622729493,0.07929657287805092,0.3996957585316321,0.18106195480253984,0.08829154750184975,0.28984742148617665,0.6978573007911597,0.21785730079115972,0.48325887851920724,0.21716879812544654,-0.5484095179568412,0.3333333333333333,6.887348417761038,0.06221967302523224,latency_first,-10.659478056603444,secure_allocated,True,42,nominal
16,F5,UAV_2 -> BS_2 -> BS_3,2,0.46,0.82,True,True,True,True,1.0,1.0,0.5,0.7894157867320529,8.138270066377917,0.20890467326443105,0.5288770082829772,0.06547767769003715,0.3488159516121858,0.21058421326794707,0.1317820696595239,0.29842862558399075,0.9536714730810516,0.4936714730810516,0.22753961779098883,0.13797859364309695,-0.2689331958839179,0.5,12.508569276018022,0.12197708045913135,latency_first,-4.609000479246514,secure_allocated,True,42,nominal
16,F4,GW_2 -> UAV_2 -> BS_2 -> BS_1,3,0.44,0.78,True,True,True,True,1.0,0.9008569276018022,0.5260785204184938,0.8108996209689602,25.02159207891156,0.20732112889823173,0.8641883398510681,0.06671626202222154,0.3535481336335648,0.18910037903103985,0.12872203632521348,0.334437389746799,0.9137835340339823,0.47378353403398227,0.26789800737861325,0.2667674297015873,-0.3479282362890894,0.6666666666666666,9.008569276018022,0.09337859671855986,latency_first,-21.381736231863222,secure_allocated,True,42,nominal
17,F1,SAT_1 -> UAV_1 -> BS_2 -> BS_3 -> DC_1,4,0.58,1.0,True,True,False,False,0.10984285606741465,1.0,0.09897153949941045,0.8078624892291421,40.5315358240468,0.21317580006082532,0.8509179313513329,0.10400468007940335,0.4815630842521016,0.1921375107708579,0.11879671482245081,0.3642996230688161,0.4681433184674893,-0.11185668153251066,0.7481765626229075,0.38914716717888503,-0.864920712776573,0.5,10.715841279983941,0.008787428485393172,latency_first,-36.91857497802274,best_effort_allocated,True,42,nominal
17,F2,SAT_2 -> UAV_2 -> BS_2 -> BS_1,3,0.52,0.94,True,True,False,False,0.0,0.6049430637588642,0.0,0.7313601348451989,40.99918675169411,0.3187637076817796,0.8956058175195843,0.13252406984798806,0.564320044060262,0.26863986515480104,0.2525625829908356,0.48842797385947373,0.2131236083574326,-0.3068763916425674,1.0714000711144338,0.34132953817457246,-1.1737989325668055,0.6666666666666666,6.049430637588642,0.0,latency_first,-37.97991349283168,best_effort_allocated,True,42,nominal
17,F3,UAV_1 -> BS_2 -> BS_3 -> DC_1,3,0.48,0.88,True,True,True,True,1.0,0.7569697803795403,0.5691617529039004,0.8196266079853408,15.495574739167683,0.17209830592911168,0.5438349560712583,0.06929941756504533,0.3633037592455283,0.18037339201465916,0.09092483218266822,0.2546113194708584,0.8509542549275683,0.3709542549275683,0.3173159225519141,0.22231268211611585,-0.38400972718674886,0.3333333333333333,7.569697803795403,0.09327270835277814,latency_first,-11.741638311099202,secure_allocated,True,42,nominal
17,F5,UAV_2 -> BS_2 -> BS_3,2,0.46,0.82,True,True,True,True,1.0,1.0,0.5,0.784516746749959,8.1202622136623,0.20666477596248595,0.5254490534063928,0.061699302693040387,0.3341539053965147,0.21548325325004097,0.12907034564520176,0.2839048332256279,0.9525936842849909,0.4925936842849909,0.22394394124725642,0.13789455699709072,-0.26531230834638364,0.5,11.636505113910705,0.13862193043398197,latency_first,-4.6110080318374775,secure_allocated,True,42,nominal
17,F4,GW_2 -> UAV_2 -> BS_2 -> BS_1,3,0.44,0.78,True,True,True,True,1.0,0.8136505113910705,0.55137414497405,0.7951769012136625,25.949591402795665,0.21647967090109466,0.8622679656777456,0.0670870340820856,0.35495777835547915,0.20482309878633745,0.12852063913736358,0.343012338824135,0.8710816483929874,0.4310816483929874,0.31507364810137495,0.27109809321304645,-0.3964030760652889,0.6666666666666666,8.136505113910705,0.09244157796636243,latency_first,-22.406666238529542,secure_allocated,True,42,nominal
18,F1,SAT_1 -> UAV_1 -> BS_2 -> BS_3 -> DC_1,4,0.58,1.0,True,True,False,True,0.1975150863016215,1.0,0.16493745136157126,0.8284815855838904,41.21348748012261,0.20366263462688233,0.8423181328333553,0.09934400698262072,0.46691268913870465,0.17151841441610952,0.12501144501146527,0.3559036585447739,0.5208992462943477,-0.059100753705652265,0.6874771115724255,0.39232960824057217,-0.8051759940445972,0.5,10.654562186069382,0.01580120690412972,latency_first,-37.47840482145693,best_effort_allocated,True,42,nominal
18,F2,SAT_2 -> UAV_2 -> BS_2 -> BS_1,3,0.52,0.94,True,True,False,False,0.0,0.6108761234784079,0.0,0.7367147714382419,43.1890338061882,0.31696025826651647,0.8963671363156662,0.1279049056908358,0.5516642564259713,0.26328522856175807,0.2569255588876652,0.4856169509897031,0.21697150528169673,-0.3030284947183033,1.0635766750447284,0.35154882442887825,-1.169041322373392,0.6666666666666666,6.108761234784079,0.0,latency_first,-40.13938046553002,best_effort_allocated,True,42,nominal
18,F3,UAV_1 -> BS_2 -> BS_3 -> DC_1,3,0.48,0.88,True,True,True,True,1.0,0.7389223254847627,0.5750688143711238,0.8418539223199967,16.163145660744416,0.1627179641223957,0.5213992928553559,0.07170708454963083,0.37226210504289003,0.1581460776800034,0.09369597102827017,0.2537737514316525,0.8477229093785426,0.3677229093785426,0.31856570073725804,0.22542801308347393,-0.3861941046623002,0.3333333333333333,7.389223254847627,0.0844297153768719,latency_first,-12.279311977389225,secure_allocated,True,42,nominal
18,F5,UAV_2 -> BS_2 -> BS_3,2,0.46,0.82,True,True,True,True,1.0,1.0,0.5,0.7895817489388964,8.813223423333321,0.20886448901503313,0.5154232767184805,0.0644224386559667,0.34475575429333283,0.21041825106110357,0.14298158451585097,0.28512720273112485,0.9537079847665573,0.49370798476655725,0.22646997386354084,0.1411283759755555,-0.2688084866562075,0.5,11.080905262405436,0.12527243094262047,latency_first,-5.283043656668905,secure_allocated,True,42,nominal
18,F4,GW_2 -> UAV_2 -> BS_2 -> BS_1,3,0.44,0.78,True,True,True,True,1.0,0.7580905262405435,0.5687989242160213,0.7972278058675494,26.528711078896347,0.22259586291821926,0.8630702988492864,0.07164682280865409,0.3720394351530737,0.2027721941324506,0.13732876100430555,0.3605989890292993,0.8465308540991054,0.40653085409910544,0.34664714300236166,0.2738006517015163,-0.42878733851281653,0.6666666666666666,7.580905262405436,0.08175273905267001,latency_first,-22.987763775395038,secure_allocated,True,42,nominal
19,F1,SAT_1 -> UAV_1 -> BS_2 -> BS_3 -> DC_1,4,0.58,1.0,True,True,False,False,0.0501004574958109,1.0,0.047710156812316946,0.8203407907218861,42.892226897780745,0.21731101723992036,0.8557578356184738,0.10710199288292115,0.4911123298043327,0.17965920927811385,0.12446621405171099,0.3964980353970234,0.43803022558151095,-0.14196977441848901,0.7825378146275364,0.40016372552297674,-0.9025869322844293,0.5,10.527717168670076,0.004008036599664872,latency_first,-39.22514497865116,best_effort_allocated,True,42,nominal
19,F2,SAT_2 -> UAV_2 -> BS_2 -> BS_1,3,0.52,0.94,True,True,False,False,0.0,0.6240500537858009,0.0,0.732210048287091,42.84908001896051,0.32803276118974556,0.8999128641636519,0.13461014989841477,0.5699473232825212,0.26778995171290904,0.2770926421284801,0.49759796112156973,0.2219087348267704,-0.2980912651732296,1.0681928385292454,0.3499623734218157,-1.17318155055579,0.6666666666666666,6.240500537858009,0.0,latency_first,-39.844095299904545,best_effort_allocated,True,42,nominal
19,F3,UAV_1 -> BS_2 -> BS_3 -> DC_1,3,0.48,0.88,True,True,True,True,0.984707776361467,0.7958289119994865,0.5530398687083079,0.8339715507153755,16.68070265504212,0.1755763363970198,0.5406155346382298,0.07466349160977763,0.3830906934930965,0.16602844928462437,0.0939954319236982,0.2906596185673175,0.8631860285559583,0.3831860285559583,0.3115959961959748,0.2278432790568632,-0.3799489799130337,0.3333333333333333,7.958289119994864,0.07877662210891737,latency_first,-12.86199757425928,secure_allocated,True,42,nominal
19,F5,UAV_2 -> BS_2 -> BS_3,2,0.46,0.82,True,True,True,True,1.0,1.0,0.5,0.7786897029144072,8.74596693438396,0.2159825148433756,0.5120122420385916,0.059717537864871356,0.32632262808073975,0.2213102970855928,0.1456993440690848,0.2907323117365336,0.9513117346411696,0.49131173464116956,0.2274610540585344,0.14081451236045847,-0.26970540776667196,0.5,11.186290965295457,0.14065283782957386,latency_first,-5.2844834494986745,secure_allocated,True,42,nominal
19,F4,GW_2 -> UAV_2 -> BS_2 -> BS_1,3,0.44,0.78,True,True,True,True,0.9761993806944601,0.7686290965295457,0.55948157279481,0.7945511060096906,26.874075810601838,0.2255946222917669,0.8585708888409627,0.07345258791643111,0.37867790679221874,0.2054488939903094,0.14239851013019839,0.36169226782827263,0.8375939961423805,0.3975939961423805,0.3585930605869693,0.2754123537828086,-0.44121676672181187,0.6666666666666666,7.686290965295457,0.07809595045555681,latency_first,-23.35250952513692,secure_allocated,True,42,nominal
20,F1,SAT_1 -> UAV_1 -> BS_2 -> BS_3 -> DC_1,4,0.58,1.0,True,True,False,False,0.08318430555247207,1.0,0.07679607720132575,0.83033208100051,44.70659445156189,0.2139284529799791,0.8589953854955303,0.10516306395257055,0.48515164766326757,0.16966791899949,0.13196047829651142,0.3919589837650207,0.4584244258739718,-0.12157557412602815,0.7591312898828357,0.40863077410728876,-0.8817205221150224,0.5,11.05029619332702,0.006654744444197765,latency_first,-40.982790952519295,best_effort_allocated,True,42,nominal
20,F2,SAT_2 -> UAV_2 -> BS_2 -> BS_1,3,0.52,0.94,True,True,False,False,0.0,0.5910671664833926,0.0,0.7475908919906159,43.00051596670986,0.31260636922787133,0.9015935870273689,0.1287920608123421,0.5541160764146482,0.25240910800938415,0.26188465853820686,0.4818274922487455,0.21045022115546214,-0.3095497788445379,1.068751664100742,0.3506690745113127,-1.1739523864541357,0.6666666666666666,5.910671664833926,0.0,latency_first,-39.887774245212526,best_effort_allocated,True,42,nominal
20,F3,UAV_1 -> BS_2 -> BS_3 -> DC_1,3,0.48,0.88,True,True,True,True,0.6502394942966142,0.8051354530601115,0.44678486150774355,0.8480278430939509,17.830730081217293,0.17038902164958866,0.5511627612891931,0.08372910781850353,0.4151845280529201,0.15197215690604915,0.09924160290540358,0.2889162806809819,0.6865088012208572,0.20650880122085724,0.4939623905346877,0.23321007371234737,-0.5639254126483919,0.3333333333333333,8.051354530601115,0.052019159543729133,latency_first,-13.931368909046718,secure_allocated,True,42,nominal
20,F5,UAV_2 -> BS_2 -> BS_3,2,0.46,0.82,True,True,True,True,1.0,1.0,0.5,0.7907949366182421,8.960593767309422,0.20465227395970098,0.5301308586346307,0.0618383163561149,0.33469953309751665,0.20920506338175798,0.13583759634619275,0.2790348661362083,0.9539748860560132,0.4939748860560132,0.22179352050023138,0.14181610424744395,-0.2643383517744646,0.5,10.99163333572166,0.12849148761130116,latency_first,-5.415923632137614,secure_allocated,True,42,nominal
20,F4,GW_2 -> UAV_2 -> BS_2 -> BS_1,3,0.44,0.78,True,True,True,True,1.0,0.749163333572166,0.5717018993062162,0.7984684202018979,26.382377503321965,0.22070858636909468,0.8655019271418904,0.07096232079103859,0.3695046252340133,0.2015315797981021,0.1389671191431033,0.3533169588680711,0.8427865525518922,0.40278655255189216,0.3489084676227038,0.27311776168216917,-0.4308437961273545,0.6666666666666666,7.4916333357216605,0.08037314046668544,latency_first,-22.831452575050665,secure_allocated,True,42,nominal
21,F1,SAT_1 -> UAV_1 -> BS_2 -> BS_3 -> DC_1,4,0.58,1.0,True,True,False,True,0.20354463449660135,1.0,0.1691209687306168,0.8372418286675078,44.03554999786796,0.20495787503153284,0.85807891014407,0.09817320067590735,0.4631778830740422,0.16275817133249212,0.1358809700235532,0.36380962769938174,0.5261427512799824,-0.053857248720017514,0.6818827632527179,0.4054992333233838,-0.8035325332497331,0.5,11.129857660565582,0.016283570759728107,latency_first,-40.25925660459349,best_effort_allocated,True,42,nominal
21,F2,SAT_2 -> UAV_2 -> BS_2 -> BS_1,3,0.52,0.94,True,True,False,False,0.0,0.6092895539028524,0.0,0.7654206713393351,41.896293426708375,0.3051018362482952,0.9053934004307167,0.1260098706191724,0.5463927978977132,0.23457932866066486,0.2671533693513457,0.47758051018236913,0.2225728469509373,-0.29742715304906275,1.051321178835224,0.34551603599130576,-1.1549759896326157,0.6666666666666666,6.092895539028524,0.0,latency_first,-38.67939374250829,best_effort_allocated,True,42,nominal
21,F3,UAV_1 -> BS_2 -> BS_3 -> DC_1,3,0.48,0.88,True,True,True,True,0.9145935219684747,0.746931246176492,0.5504543413996685,0.8535319309860654,17.493893216835886,0.16353425860099174,0.5440406039810554,0.07627487564202133,0.38891550686065934,0.14646806901393458,0.10298139562366006,0.26691683543049266,0.8069225226790169,0.3269225226790169,0.36389677040659424,0.23163816834523412,-0.4333882209101645,0.3333333333333333,7.46931246176492,0.07316748175747798,latency_first,-13.553302079107542,secure_allocated,True,42,nominal
21,F5,UAV_2 -> BS_2 -> BS_3,2,0.46,0.82,True,True,True,True,1.0,1.0,0.5,0.819140511637835,8.748971345775775,0.19174935365219356,0.535859393698287,0.059316137981793686,0.3247242396758404,0.1808594883621651,0.1437868958162655,0.26890606057735844,0.9602109125603236,0.5002109125603236,0.20725735650212357,0.1408285329469536,-0.24950591638620964,0.5,10.83124285489996,0.13021542653685955,latency_first,-5.036767494890987,secure_allocated,True,42,nominal
21,F4,GW_2 -> UAV_2 -> BS_2 -> BS_1,3,0.44,0.78,True,True,True,True,0.7947343649758059,0.733124285489996,0.5201622314561059,0.8149751624697759,26.314096201880034,0.2211415143954908,0.8652789469368056,0.07887189686104046,0.3981917221749348,0.18502483753022422,0.14890991053419939,0.37282945738652035,0.7263043649505421,0.28630436495054207,0.47275724707116246,0.27279911560877346,-0.5545969817537945,0.6666666666666666,7.33124285489996,0.06357874919806447,latency_first,-22.681503418322137,secure_allocated,True,42,nominal
22,F1,SAT_1 -> UAV_1 -> BS_2 -> BS_3 -> DC_1,4,0.58,1.0,True,True,False,False,0.10828163168010352,1.0,0.09770227042015808,0.8505193612749922,43.70485375753574,0.20017636294778568,0.86002161321542,0.10353267896292723,0.48009492416049826,0.14948063872500786,0.1350670458059509,0.3695598471189875,0.4766691569045552,-0.10333084309544477,0.733433937462073,0.40395598420183343,-0.854620732722623,0.5,10.77899992832562,0.008662530534408281,latency_first,-39.85260967705635,best_effort_allocated,True,42,nominal
22,F2,SAT_2 -> UAV_2 -> BS_2 -> BS_1,3,0.52,0.94,True,True,False,False,0.0,0.575801547268659,0.0,0.7620778907190341,42.96790765754725,0.31180609894239225,0.9091050295643078,0.1321454235246674,0.5632927966072818,0.23792210928096602,0.29419222537660644,0.46593392861190236,0.20676783222908401,-0.313232167770916,1.074368111446813,0.35051690240188715,-1.1795231821673793,0.6666666666666666,5.75801547268659,0.0,latency_first,-39.78113040183686,best_effort_allocated,True,42,nominal
22,F3,UAV_1 -> BS_2 -> BS_3 -> DC_1,3,0.48,0.88,True,True,True,True,0.9757857765515447,0.7494255698695825,0.5656036163776503,0.8624014532830921,17.26684756792107,0.1570747627139124,0.5462399827766422,0.07429689096734973,0.38175797674845374,0.13759854671690794,0.09828985321459566,0.2626738429077006,0.843652003266942,0.363652003266942,0.322471134141432,0.23057862198363166,-0.3916447207365215,0.3333333333333333,7.4942556986958255,0.07806286212412358,latency_first,-13.268989826933433,secure_allocated,True,42,nominal
22,F5,UAV_2 -> BS_2 -> BS_3,2,0.46,0.82,True,True,True,True,1.0,1.0,0.5,0.822663010410682,8.76904569438223,0.18549696946928357,0.5506888388784923,0.05731922909293997,0.3167100345765446,0.17733698958931798,0.1387059375962314,0.25633417150088417,0.96098586229035,0.50098586229035,0.20166528261496378,0.1409222132404504,-0.2439419465870989,0.5,10.478173845867039,0.1327632484198727,latency_first,-5.026724581267387,secure_allocated,True,42,nominal
22,F4,GW_2 -> UAV_2 -> BS_2 -> BS_1,3,0.44,0.78,True,True,True,True,0.7759846851112703,0.6978173845867038,0.5265189275180572,0.8069847319408421,26.055906376403254,0.21919568470497458,0.8632679471282585,0.0796537647362888,0.40095803232543836,0.19301526805915792,0.15005788195196093,0.349285797971061,0.6983460409022006,0.25834604090220065,0.5005315252963976,0.2715942297565485,-0.5820097942233621,0.6666666666666666,6.978173845867039,0.06207877480890162,latency_first,-22.459374086108994,secure_allocated,True,42,nominal
23,F1,SAT_1 -> UAV_1 -> BS_2 -> BS_3 -> DC_1,4,0.58,1.0,True,True,False,True,0.14538311304729887,1.0,0.1269296808999621,0.8609967692391274,44.368046171143966,0.19685321504081377,0.8722335376175823,0.10069738720961244,0.4712023686938794,0.13900323076087268,0.14430366042613282,0.3640426522823249,0.4993800014086224,-0.08061999859137758,0.7070045375332137,0.40705088213200513,-0.8291198021728152,0.5,10.800415747527307,0.011630649043783909,latency_first,-40.456768755029955,best_effort_allocated,True,42,nominal
23,F2,SAT_2 -> UAV_2 -> BS_2 -> BS_1,3,0.52,0.94,True,True,False,False,0.0,0.5569768960969912,0.0,0.7864927803102519,38.802047597233106,0.3095206921167387,0.9132230415863934,0.12733122000984687,0.5500733522867243,0.2135072196897481,0.3037722953538933,0.4892430186007363,0.20366801491190145,-0.31633198508809857,1.073134634612312,0.33107622212042115,-1.1724575012484384,0.6666666666666666,5.5697689609699115,0.0,latency_first,-35.48862507991532,best_effort_allocated,True,42,nominal
23,F3,UAV_1 -> BS_2 -> BS_3 -> DC_1,3,0.48,0.88,True,True,True,True,0.8395919182124993,0.7590392157387585,0.5251942742647088,0.8737932759362724,17.726361977776513,0.1519775169326831,0.5652345434291867,0.07767196922795683,0.3939226337678083,0.12620672406372765,0.09926644412486611,0.26161823146618335,0.7755777228052959,0.29557772280529593,0.3912928182563636,0.23272302256295704,-0.4611097250252507,0.3333333333333333,7.590392157387585,0.06716735345699995,latency_first,-13.661350631960516,secure_allocated,True,42,nominal
23,F5,UAV_2 -> BS_2 -> BS_3,2,0.46,0.82,True,True,True,True,1.0,1.0,0.5,0.8472252555715393,8.458073382811744,0.18054669652345218,0.57470508066943,0.06319910754770641,0.34001540712591344,0.15277474442846073,0.1438310668866583,0.27459496585858945,0.9663895562257386,0.5063895562257386,0.1998603089912932,0.13947100911978813,-0.24170161172722965,0.5,10.124738914536785,0.10920913028036407,latency_first,-4.583040498000952,secure_allocated,True,42,nominal
23,F4,GW_2 -> UAV_2 -> BS_2 -> BS_1,3,0.44,0.78,True,True,True,True,0.7336132163961658,0.6624738914536785,0.5254781111230413,0.8205257718089135,25.087160651572827,0.2244238324294739,0.8706694029447983,0.08028382223959236,0.4031784667854208,0.17947422819108658,0.1582903943299926,0.38469324577794856,0.6621161899700075,0.22211618997000754,0.5396691513196109,0.2670734163740065,-0.6197911762318129,0.6666666666666666,6.624738914536785,0.05868905731169327,latency_first,-21.433379457387208,secure_allocated,True,42,nominal
0,F1,SAT_1 -> UAV_1 -> BS_2 -> DC_1,3,0.58,1.0,True,True,False,True,0.2298588777669591,1.0,0.18689857992838274,0.8510320718177433,45.72916610590805,0.23177703294877136,0.8662602379831796,0.09876497805804062,0.46506839656972077,0.14896792818225665,0.17746621179835687,0.4460064069089953,0.543649438571731,-0.03635056142826898,0.6769173253976463,0.36340277516090425,-0.7859381579459175,0.6666666666666666,10.741949054773412,0.018388710221356727,pqc_trust,0.7582476016803001,best_effort_allocated,True,42,nominal
0,F2,SAT_2 -> SAT_1 -> GW_1 -> BS_1,3,0.52,0.94,True,True,False,False,0.0,0.7711299161122326,0.0,0.8656868640727723,54.943166845401784,0.25990687729307516,0.946756995474066,0.11335870475769162,0.5099644355329767,0.13431313592722763,0.22363614943311072,0.529500485183558,0.31745957234651456,-0.20254042765348546,0.9269896313186134,0.4064014452785416,-1.0489100649021759,0.6666666666666666,7.711299161122326,0.0,pqc_trust,0.6181394488937514,best_effort_allocated,True,42,nominal
0,F3,UAV_1 -> GW_1 -> BS_1 -> DC_1,3,0.48,0.88,True,True,True,True,0.48715786844934356,1.0,0.32757643205512676,0.8916694418509875,22.945826729817377,0.16509178658465268,0.7615900336752176,0.07241726880686367,0.3748803554118838,0.10833055814901249,0.12585533144134672,0.31434574394077214,0.6941041048543563,0.21410410485435627,0.4739072879617084,0.2570805247391478,-0.5510314453834527,0.3333333333333333,12.828007456004492,0.038972629475947485,pqc_trust,0.7843552817518747,secure_allocated,True,42,nominal
0,F5,UAV_2 -> BS_2 -> BS_3,2,0.46,0.82,True,True,True,True,1.0,1.0,0.5,0.8593362511433145,8.50458744801092,0.17484559999764537,0.5748919741478009,0.061829833610092685,0.33466625215378115,0.1406637488566856,0.1421722469558458,0.27558095570153257,0.9690539752515291,0.5090539752515291,0.19329310778585657,0.1396880747573843,-0.23519953021307186,0.5,14.607405388253023,0.1232946951076598,pqc_trust,0.793880851572221,secure_allocated,True,42,nominal
0,F4,GW_2 -> UAV_2 -> BS_2 -> BS_1,3,0.44,0.78,True,True,True,True,0.7079144410496466,1.0,0.4144905763631684,0.8469788609009554,25.261902498472285,0.20762268895803224,0.8762235544091825,0.08004283672601692,0.4023301100787807,0.1530211390990446,0.15329055337210118,0.3711040414073272,0.8056882919755158,0.36568829197551583,0.3883244455752939,0.267888878326204,-0.4686911090731551,0.6666666666666666,11.107405388253023,0.05663315528397173,pqc_trust,0.7715613834763082,secure_allocated,True,42,nominal
1,F1,SAT_1 -> UAV_1 -> BS_2 -> DC_1,3,0.58,1.0,True,True,False,False,0.15308973205217913,1.0,0.13276480381082048,0.8797412253676625,43.85823054607408,0.22236960666882027,0.8778980310969096,0.10201278245862208,0.47534368372187175,0.12025877463233747,0.17442635536477025,0.4637010058993493,0.5077424222095842,-0.07225757779041575,0.7111598217218529,0.3546717425483457,-0.8175613444863565,0.6666666666666666,10.739917232579351,0.01224717856417433,pqc_trust,0.7667345449596638,best_effort_allocated,True,42,nominal
1,F2,SAT_2 -> GW_2 -> UAV_2 -> BS_2 -> BS_1,4,0.52,0.94,True,True,False,False,0.0,0.6471918181020402,0.0,0.8243359722409979,71.98221851117795,0.28170473359156706,0.9824755825607117,0.13072703439959515,0.5594287136887139,0.17566402775900225,0.267506146810698,0.4896163082272265,0.2525902320389376,-0.2674097679610624,1.014034076499446,0.5359170197188304,-1.174809182415095,0.75,6.471918181020402,0.0,pqc_trust,0.514011530963649,best_effort_allocated,True,42,nominal
1,F3,UAV_1 -> BS_2 -> DC_1,2,0.48,0.88,True,True,True,True,1.0,0.7899726715151262,0.5586677472307707,0.894935521825618,19.40252611765486,0.17161006069846882,0.5566203839949331,0.07519936222116569,0.3850337177482405,0.10506447817438203,0.11817940118864212,0.35550890065361707,0.8823735169834428,0.4023735169834428,0.2911094397679283,0.1905451218823893,-0.3482729763326451,0.5,7.899726715151262,0.09428910377288659,pqc_trust,0.6691357150831219,secure_allocated,True,42,nominal
1,F5,UAV_2 -> BS_2 -> BS_3,2,0.46,0.82,True,True,True,True,1.0,0.9959849694706143,0.5010057767445139,0.8645590085467709,8.543938963676629,0.1717383413933647,0.6257007190807369,0.06137435918974374,0.3328766240567561,0.13544099145322913,0.15104938686003894,0.26190031672559966,0.9683962181420661,0.508396218142066,0.19210519149913702,0.13987171516382427,-0.2340667060482843,0.5,9.959849694706143,0.09990166018139507,pqc_trust,0.7927499765444878,secure_allocated,True,42,nominal
1,F4,GW_2 -> UAV_2 -> BS_2 -> BS_1,3,0.44,0.78,True,True,True,True,0.5846517905804699,0.6459849694706143,0.4750807139518575,0.8413304357694118,26.308959697295442,0.21087261546277924,0.8790082806641727,0.07791402024523716,0.3947861214961758,0.15866956423058828,0.16297335235089885,0.3623172234149794,0.5773444169503055,0.13734441695030547,0.6162447903819891,0.2727751452540454,-0.6980773339582027,0.6666666666666666,6.4598496947061435,0.046772143246437595,pqc_trust,0.5570073188366147,secure_allocated,True,42,nominal
2,F1,SAT_1 -> UAV_1 -> BS_2 -> DC_1,3,0.58,1.0,True,True,False,True,0.28496821516344933,1.0,0.22177063354613877,0.87268374157081,43.372068086642564,0.2195643253561873,0.8741261118202842,0.09522796133945567,0.4536834241589963,0.12731625842919,0.18267281269272048,0.4298806610209427,0.5787229414854752,-0.0012770585145247537,0.6335018609645582,0.35240298440433193,-0.7392227562858578,0.6666666666666666,10.357472888350804,0.022797457213075946,pqc_trust,0.7653104877320527,best_effort_allocated,True,42,nominal
2,F2,SAT_2 -> GW_2 -> UAV_2 -> BS_2 -> BS_1,4,0.52,0.94,True,True,False,False,0.0,0.6912411964130498,0.0,0.8339737642247289,72.76087533201536,0.2751261033555229,0.9815239914053946,0.13122524297704916,0.5607888692571567,0.16602623577527112,0.26891000901043766,0.47896517821407836,0.2745327665153127,-0.2454672334846873,0.9894711973089617,0.539550751549405,-1.1513364227737832,0.75,6.912411964130499,0.0,pqc_trust,0.5423055461716014,best_effort_allocated,True,42,nominal
2,F3,UAV_1 -> GW_1 -> BS_1 -> DC_1,3,0.48,0.88,True,True,True,True,0.3847663380947593,1.0,0.277856507274825,0.9052109481605015,21.647022075847683,0.15546025442970246,0.772799530087827,0.07974193594240611,0.4012692321525922,0.09478905183949855,0.11862994935441867,0.30886478518241,0.6407678945474279,0.1607678945474279,0.5295065279840863,0.25101943635395585,-0.604812358890273,0.3333333333333333,13.436922423076032,0.030781307047580742,pqc_trust,0.788649821587032,secure_allocated,True,42,nominal
2,F5,UAV_2 -> BS_2 -> BS_3,2,0.46,0.82,True,True,True,True,1.0,1.0,0.5,0.8702370544947889,8.368896270220178,0.16944390024911948,0.6307749362575656,0.05616717634432133,0.3120382811977559,0.12976294550521106,0.15585684201512778,0.2571740886689446,0.9714521519888536,0.5114521519888535,0.18280717342268915,0.13905484926102749,-0.2245236282009974,0.5,10.057026633468416,0.11467971482873808,pqc_trust,0.7967010362345431,secure_allocated,True,42,nominal
2,F4,GW_2 -> BS_2 -> UAV_1 -> GW_1 -> BS_1,4,0.44,0.78,True,True,True,True,0.5246495071421389,0.7445286245667626,0.4133773613288764,0.868276108486548,36.633917236448724,0.18933002527056753,0.8804204293185307,0.07974193594240611,0.4012692321525922,0.131723891513452,0.13257371725306327,0.3611286356543805,0.5946158538502601,0.15461585385026005,0.5908999655596434,0.3709582804367607,-0.7021874496906716,0.5,7.445286245667626,0.04197196057137111,pqc_trust,0.6081424597961804,secure_allocated,True,42,nominal
3,F1,SAT_1 -> UAV_1 -> BS_2 -> DC_1,3,0.58,1.0,True,True,True,True,0.29551175805402513,1.0,0.22810426552817265,0.865983759919216,41.77313804356214,0.22329553381583472,0.8810233468772581,0.0946590741143592,0.45183290879281024,0.13401624008078405,0.18054739944881967,0.435296023779344,0.5830478941119414,0.003047894111941396,0.6303933233033868,0.3449413108699566,-0.7338757165643738,0.6666666666666666,10.359544619053382,0.02364094064432201,pqc_trust,0.7647547433493105,secure_allocated,True,42,nominal
3,F2,SAT_2 -> SAT_1 -> GW_1 -> BS_1,3,0.52,0.94,True,True,False,False,0.0,0.7379911661299825,0.0,0.8811389395564572,50.264828343265805,0.25875472499495095,0.9589981319795673,0.11100362417409784,0.5029357895585649,0.11886106044354276,0.26135868806498863,0.5074385655034405,0.3059465914609127,-0.21405340853908733,0.9362269821764565,0.38456919893524044,-1.0515977418570286,0.6666666666666666,7.3799116612998255,0.0,pqc_trust,0.6053940547268177,best_effort_allocated,True,42,nominal
3,F3,UAV_1 -> GW_1 -> BS_1 -> DC_1,3,0.48,0.88,True,True,True,True,0.44599061989969324,1.0,0.3084325816239604,0.9117145895530617,21.105965714177863,0.1528209674306741,0.7779591208794453,0.07584707512388726,0.38737432503984925,0.0882854104469382,0.1277359349347545,0.2990870089965023,0.6758720506465049,0.19587205064650492,0.48974096595726074,0.24849450666616335,-0.5642893179571098,0.3333333333333333,12.305057738590477,0.03567924959197546,pqc_trust,0.7906544713883409,secure_allocated,True,42,nominal
3,F5,UAV_2 -> BS_2 -> BS_3,2,0.46,0.82,True,True,True,True,1.0,1.0,0.5,0.8664601324581716,7.971721087756919,0.15957360678069263,0.6317939510905499,0.05440621197092214,0.3048272498184507,0.1335398675418285,0.1515892708181433,0.21601554056570726,0.9706212291407977,0.5106212291407977,0.17739370636512664,0.13720136507619896,-0.21855411588798632,0.5,14.061354041788407,0.1302019324809008,pqc_trust,0.796034828353113,secure_allocated,True,42,nominal
3,F4,GW_2 -> BS_2 -> UAV_1 -> GW_1 -> BS_1,4,0.44,0.78,True,True,True,True,0.6164859298495399,0.7305057738590477,0.4576761149695339,0.8694188929385407,36.63133170930868,0.18731870181215693,0.8849038857246244,0.07584707512388726,0.38737432503984925,0.13058110706145934,0.1391915724281185,0.34719892762425875,0.6390670161002973,0.19906701610029726,0.5420699809751357,0.37094621464344046,-0.6533538453681679,0.5,7.305057738590477,0.04931887438796319,pqc_trust,0.6000162553535477,secure_allocated,True,42,nominal
4,F1,SAT_1 -> GW_1 -> UAV_1 -> BS_2 -> DC_1,4,0.58,1.0,True,True,False,False,0.0,0.9064103781555488,0.0,0.8755774782257082,49.69786462248524,0.22916187997443602,0.9758297316705553,0.1104168930533852,0.5011721542589782,0.12442252177429186,0.20007222818435783,0.4526003068827893,0.3805117153796527,-0.19948828462034723,0.8479041691735881,0.43192336823826444,-0.9774811796450674,0.75,9.064103781555488,0.0,pqc_trust,0.6979520912140167,best_effort_allocated,True,42,nominal
4,F2,SAT_2 -> SAT_1 -> GW_1 -> BS_1,3,0.52,0.94,True,False,False,False,0.0,0.4064103781555488,0.0,0.8704179279974168,49.808861979235274,0.26038949621288726,0.9592204608070964,0.1104168930533852,0.5011721542589782,0.12958207200258323,0.25880534529348165,0.4977438408947213,0.15437661432942865,-0.3656233856705714,1.0880916975311152,0.3824413559030979,-1.2028241043020447,0.6666666666666666,4.064103781555488,0.0,pqc_trust,0.4040845055072188,degraded_unallocated,False,42,nominal
4,F3,UAV_1 -> GW_1 -> BS_1 -> DC_1,3,0.48,0.88,True,True,True,True,0.34347436684726945,0.8895231168459674,0.27856858703267556,0.9031284040143565,20.844568456846424,0.15058569261737018,0.7755037777431893,0.07492203242806716,0.3840288881464913,0.09687159598564359,0.12892181318392784,0.2732677218746088,0.5678845532298419,0.0878845532298419,0.5958862304845975,0.24727465279861663,-0.6700686263241825,0.3333333333333333,8.895231168459674,0.027477949347781555,pqc_trust,0.722404773191377,secure_allocated,True,42,nominal
4,F5,UAV_2 -> GW_2 -> BS_3,2,0.46,0.82,True,True,True,True,0.6117958384237776,1.0,0.37957402782604943,0.8627551194602219,21.40445015627187,0.19328032375097698,0.825071785925761,0.07722443007065918,0.3923229818904571,0.13724488053977807,0.11234706208559816,0.39126403552958955,0.7562938374143265,0.2962938374143265,0.42876305374622736,0.19988743406260207,-0.488729283965008,0.5,13.7445950262873,0.04894366707390221,pqc_trust,0.7857056647556651,secure_allocated,True,42,nominal
4,F4,GW_2 -> SAT_2 -> SAT_1 -> GW_1 -> BS_1,4,0.44,0.78,True,True,False,False,0.0,0.4064103781555488,0.0,0.8496511838805304,96.76090202453616,0.31865658597342117,0.9938530084901397,0.1276997019208313,0.5510956898268529,0.15034881611946962,0.348214798060733,0.5861407172057599,0.14980793062371364,-0.2901920693762864,1.131361455521039,0.651550876114502,-1.3268267183553895,0.75,4.064103781555488,0.0,pqc_trust,0.35852639144628656,best_effort_allocated,True,42,nominal
5,F1,SAT_1 -> GW_1 -> UAV_1 -> BS_2 -> DC_1,4,0.58,1.0,True,True,False,False,0.025350087414113223,0.8890843608938483,0.027722148330063638,0.8675203292569715,49.62104857687044,0.234271079949578,0.9772976640674517,0.10792522426012008,0.4936259139927663,0.1324796707430286,0.1948744773715297,0.4647715396150248,0.38488498291652773,-0.19511501708347223,0.8439434815589739,0.4315648933587287,-0.9734129495665925,0.75,8.890843608938484,0.002028006993129058,pqc_trust,0.6855959648467425,best_effort_allocated,True,42,nominal
5,F2,SAT_2 -> UAV_2 -> BS_2 -> BS_1,3,0.52,0.94,True,True,False,False,0.0,0.5006143605566884,0.0,0.8049526143022292,40.80867582449295,0.29749352983171407,0.9284501630891259,0.1217561138525165,0.5343877822277422,0.1950473856977708,0.33901116675276316,0.4320754249675531,0.1823660373970002,-0.3376339626029998,1.0851029965842067,0.3404404871809671,-1.1872351427384968,0.6666666666666666,5.0061436055668835,0.0,pqc_trust,0.45054069683242526,best_effort_allocated,True,42,nominal
5,F3,UAV_1 -> GW_1 -> BS_1 -> DC_1,3,0.48,0.88,True,True,True,True,0.2968587259973366,0.9407539922671606,0.2398639910663016,0.9030781293908575,19.36333000532098,0.158486911729508,0.7919246581095839,0.07864038657186022,0.39737029605629975,0.09692187060914248,0.12903656761915142,0.30464439867859383,0.565288784284746,0.08528878428474607,0.6053729000076076,0.24036220669149788,-0.6774815620150569,0.3333333333333333,9.407539922671607,0.02374869807978693,pqc_trust,0.754167596704286,secure_allocated,True,42,nominal
5,F5,UAV_2 -> GW_2 -> BS_2 -> BS_3,3,0.46,0.82,True,True,True,True,0.5422623919878109,1.0,0.35160190302565364,0.8634514310338431,24.796690909866058,0.16446517245095477,0.7838140845124019,0.0702636675909081,0.3669068372036606,0.13654856896615683,0.11714624543242365,0.27149777114582846,0.7182036304207414,0.2582036304207414,0.4475324064831034,0.26571789091270825,-0.5272477737569159,0.3333333333333333,16.082253874903742,0.04338099135902487,pqc_trust,0.7760051741215546,secure_allocated,True,42,nominal
5,F4,GW_2 -> UAV_2 -> BS_2 -> BS_1,3,0.44,0.78,True,True,True,True,1.0,0.9635390201738068,0.5092845060504491,0.8605757863022002,25.78331766285237,0.19066089472198683,0.8726528635756631,0.0702636675909081,0.3669068372036606,0.13942421369779975,0.16169352301957035,0.31764776660842325,0.9529192320646971,0.5129192320646971,0.22460487986111213,0.27032214909331104,-0.30570152458910543,0.6666666666666666,9.635390201738067,0.08302864938471641,pqc_trust,0.7527190363158375,secure_allocated,True,42,nominal
6,F1,SAT_1 -> GW_1 -> UAV_1 -> BS_2 -> DC_1,4,0.58,1.0,True,True,False,False,0.02505375892715291,0.9292967676887172,0.026252156024887015,0.8749029804699765,50.71326237498995,0.2298766841228412,0.9769534697651202,0.10787051875223513,0.4934591966330262,0.12509701953002353,0.1978540497957044,0.4569072415824772,0.4044417685732516,-0.17555823142674837,0.8223675384402835,0.43666189108328646,-0.9533661057652695,0.75,9.292967676887171,0.0020043007141722327,pqc_trust,0.7108045220682313,best_effort_allocated,True,42,nominal
6,F2,SAT_2 -> UAV_2 -> BS_2 -> BS_1,3,0.52,0.94,True,True,False,False,0.0,0.5037740198885385,0.0,0.8031562937274241,39.28824058922369,0.2970179469394425,0.9275944739544048,0.12059492861931576,0.5310685549287243,0.19684370627257586,0.3492758120747572,0.4146221419774247,0.18339269356987564,-0.3366073064301244,1.0830325212850545,0.3333451227497105,-1.1830360581099677,0.6666666666666666,5.037740198885386,0.0,pqc_trust,0.4530517169525225,best_effort_allocated,True,42,nominal
6,F3,UAV_1 -> GW_1 -> BS_2 -> DC_1,3,0.48,0.88,True,True,True,True,0.3191186833854438,0.9769836345395364,0.2462141136328982,0.8973254103284928,19.59282949813637,0.15694022393291523,0.8322058043341276,0.07688216319867233,0.3910968724532897,0.10267458967150722,0.09811739275973957,0.32520576301126053,0.5925695016770538,0.11256950167705382,0.5758278172060805,0.24143320432463639,-0.6482577785034713,0.3333333333333333,9.769836345395364,0.025529494670835505,pqc_trust,0.7743065526571496,secure_allocated,True,42,nominal
6,F5,UAV_2 -> BS_2 -> BS_3,2,0.46,0.82,True,True,True,True,1.0,0.9924857980482488,0.5018856350090706,0.8637014065457345,8.168830565893758,0.1652365413466579,0.6611600257345203,0.05141571367098325,0.292380637522348,0.13629859345426554,0.1616540505077128,0.2216238365596983,0.9666329185617736,0.5066329185617735,0.18081868442480947,0.13812120930750418,-0.22225504721706074,0.5,9.924857980482487,0.12836030614530608,pqc_trust,0.7906986490692572,secure_allocated,True,42,nominal
6,F4,GW_2 -> BS_2 -> UAV_1 -> GW_1 -> BS_1,4,0.44,0.78,True,True,False,True,0.4261780250781657,0.47698363453953635,0.47187346865295626,0.8694569816683594,35.100204478637195,0.1860968521733797,0.895949465366007,0.07688216319867233,0.3910968724532897,0.13054301833164061,0.134893172820601,0.3475381683118445,0.4203210853028216,-0.019678914697178418,0.7611967162885217,0.36380095423364023,-0.8703370025586138,0.5,4.769836345395364,0.03409424200625326,pqc_trust,0.44898428300576565,best_effort_allocated,True,42,nominal
7,F1,SAT_1 -> UAV_1 -> BS_2 -> DC_1,3,0.58,1.0,True,True,True,True,0.3276848292023045,1.0,0.2468091989867679,0.8680761587396241,43.08586905055353,0.2087882233904892,0.8983454160323151,0.09221768163066396,0.4438291488485152,0.1319238412603759,0.17083575527113157,0.3926870729679222,0.6012034109839848,0.021203410983984816,0.6037085767538641,0.35106738890258316,-0.7090287934246391,0.6666666666666666,10.221902745577474,0.026214786336184362,pqc_trust,0.7643589313495185,secure_allocated,True,42,nominal
7,F2,SAT_2 -> SAT_1 -> GW_1 -> BS_1,3,0.52,0.94,True,True,False,False,0.06556135930728017,0.7106501624407324,0.08446326480652765,0.8657960050061239,50.89132467167822,0.25385516918545875,0.9589428966704341,0.10420086417960149,0.48217229963685443,0.13420399499387614,0.23743701605838077,0.48892906648280104,0.32632644181868087,-0.19367355818131915,0.9084514592239892,0.3874928484678317,-1.0246993137643388,0.6666666666666666,7.106501624407325,0.0052449087445824135,pqc_trust,0.5847151714457957,best_effort_allocated,True,42,nominal
7,F3,UAV_1 -> GW_1 -> BS_1 -> DC_1,3,0.48,0.88,True,True,True,True,0.3581455917969882,1.0,0.26370191381552766,0.8875743897930036,19.876556050082876,0.1640761028459672,0.7925008515642317,0.0839332932839656,0.41588897905526223,0.11242561020699642,0.11968722161837969,0.31031364706921954,0.6222464412428043,0.14224644124280428,0.5555600498016965,0.2427572615670534,-0.6283872282718125,0.3333333333333333,12.008684606688036,0.028651647343759055,pqc_trust,0.7854800082131929,secure_allocated,True,42,nominal
7,F5,UAV_2 -> BS_2 -> DC_1 -> BS_3,3,0.46,0.82,True,True,True,True,1.0,1.0,0.5,0.8961876826972756,12.822354800840255,0.13336478270086427,0.6671564234674408,0.05371233235910142,0.3019621198265656,0.10381231730272437,0.1273468256988022,0.1937807688199905,0.9771612901934006,0.5171612901934006,0.15834339197862973,0.20983765573725452,-0.2212946886998061,0.3333333333333333,14.113252740144928,0.08944687794046854,pqc_trust,0.7925712723137307,secure_allocated,True,42,nominal
7,F4,GW_2 -> UAV_2 -> BS_2 -> BS_1,3,0.44,0.78,True,True,True,True,1.0,1.0,0.5,0.8448205710616534,24.014209113805407,0.1963913201048957,0.8719530172976002,0.06940442715805405,0.3636971491313239,0.1551794289383466,0.16398984460135255,0.3094544948089359,0.9658605256335637,0.5258605256335638,0.21343985569647034,0.26206630919775853,-0.2920597484557979,0.6666666666666666,10.613252740144928,0.087032282304994,pqc_trust,0.7718951963857495,secure_allocated,True,42,nominal
8,F1,SAT_1 -> UAV_1 -> GW_1 -> BS_1 -> DC_1,4,0.58,1.0,True,True,True,True,0.34466397201140675,0.9916649805503471,0.2579185097731236,0.8672527765483405,45.10327559798143,0.1987881646343837,0.9483213687555413,0.0860146481806345,0.4230254364210334,0.13274722345165949,0.1576567936245593,0.3670195039750766,0.6066100366945648,0.026610036694564854,0.5886009964961663,0.41048195279058,-0.7117455823333403,0.5,9.916649805503472,0.027573117760912542,pqc_trust,0.7502398895487064,secure_allocated,True,42,nominal
8,F2,SAT_2 -> GW_2 -> UAV_2 -> BS_2 -> BS_1,4,0.52,0.94,True,True,False,False,0.0,0.664120015555316,0.0,0.8333890199899899,64.47971323151913,0.26647425896612553,0.9810474686859354,0.1242642434435521,0.5414953371689257,0.16661098001001012,0.27607888465045183,0.43470261026594165,0.26219959139768995,-0.25780040860231007,0.993087659429298,0.5009053284137559,-1.1433592579534249,0.75,6.641200155553159,0.0,pqc_trust,0.5316834650686236,best_effort_allocated,True,42,nominal
8,F3,UAV_1 -> GW_1 -> BS_1 -> DC_1,3,0.48,0.88,True,True,True,True,0.34333591901710514,1.0,0.25558455942153163,0.8872657318551359,19.878633851096044,0.16298320715698275,0.803314370820305,0.0791152692385802,0.3990540889300334,0.11273426814486413,0.1256628916311436,0.29821567600980325,0.6140332164675377,0.13403321646753774,0.5590727489856129,0.24276695797178152,-0.6319028363771473,0.3333333333333333,10.13899145694786,0.027466873521368413,pqc_trust,0.7854013892680167,secure_allocated,True,42,nominal
8,F5,UAV_2 -> BS_2 -> BS_3,2,0.46,0.82,True,True,True,True,1.0,1.0,0.5,0.8481436377046927,7.59784180606443,0.1728338643673843,0.6485487308384579,0.05239782791878816,0.29649673308175667,0.1518563622953073,0.1614783044579698,0.22422003998842038,0.9665916002950324,0.5065916002950324,0.18530782194072964,0.13545659509496732,-0.22594480046921983,0.5,10.523551993467889,0.12673242711846455,pqc_trust,0.791717420161928,secure_allocated,True,42,nominal
8,F4,GW_2 -> UAV_2 -> BS_2 -> BS_1,3,0.44,0.78,True,True,True,True,0.9762488478348784,0.7023551993467889,0.5815837567376148,0.8515439940321633,23.441666030154547,0.1923692396160997,0.8751225625663581,0.06639941930670014,0.352341000449116,0.1484560059678367,0.16566285881299794,0.30346071714669526,0.8203363847023141,0.38033638470231407,0.35431502323720976,0.25939444147405455,-0.4321333556794261,0.6666666666666666,7.023551993467889,0.07809990782679027,pqc_trust,0.595389951895006,secure_allocated,True,42,nominal
9,F1,SAT_1 -> GW_1 -> UAV_1 -> BS_2 -> DC_1,4,0.58,1.0,True,True,False,False,0.01231006989095567,0.9756503535220657,0.01246008402687745,0.8561857275510136,49.242870790557504,0.235788504450312,0.9751674844578091,0.10905419382781623,0.4970565134393004,0.14381427244898645,0.17881992177697525,0.469704421260702,0.4141740575861782,-0.16582594241382176,0.8161948977762874,0.4298000636892683,-0.9451349168830678,0.75,9.756503535220657,0.0009848055912764536,pqc_trust,0.7349666344476026,best_effort_allocated,True,42,nominal
9,F2,SAT_2 -> GW_2 -> UAV_2 -> BS_2 -> BS_1,4,0.52,0.94,True,True,False,False,0.0,0.6461340106833879,0.0,0.8327687562296541,62.83737781663923,0.25873909135651496,0.9812000041046871,0.12200603706500403,0.5350997990773485,0.16723124377034587,0.25239854610279183,0.4310618713160872,0.25396943117804843,-0.2660305688219516,0.9962381097017203,0.4932410964776497,-1.1442104386450151,0.75,6.461340106833879,0.0,pqc_trust,0.5218864309957989,best_effort_allocated,True,42,nominal
9,F3,UAV_1 -> GW_1 -> BS_1 -> DC_1,3,0.48,0.88,True,True,True,True,0.2030177894450276,0.9592185537239721,0.17467857603856307,0.8823267181390023,20.264331744852633,0.16877411712468315,0.804433728408888,0.08638372480889996,0.4242825611167879,0.11767328186099772,0.11911586736901682,0.32034552030611657,0.5174200113611331,0.037420011361133154,0.6645989816241713,0.24456688147597894,-0.737969046066965,0.3333333333333333,9.592185537239722,0.01624142315560221,pqc_trust,0.759427779547737,secure_allocated,True,42,nominal
9,F5,UAV_2 -> BS_2 -> BS_3,2,0.46,0.82,True,True,True,True,1.0,1.0,0.5,0.8581484651141534,7.379575489713197,0.16927307394445967,0.6432506707693687,0.05958409034973677,0.3257916960458532,0.14185153488584656,0.14587383420009187,0.2467109319432046,0.9687926623251137,0.5087926623251138,0.18882814496135641,0.13443801895199492,-0.2291595506469549,0.5,10.57369859093751,0.11295826366389207,pqc_trust,0.794371413435739,secure_allocated,True,42,nominal
9,F4,GW_2 -> UAV_2 -> BS_2 -> BS_1,3,0.44,0.78,True,True,True,True,1.0,0.707369859093751,0.5856961774707599,0.8521814340264368,22.861278024726204,0.18809451056094,0.8725711958365511,0.06031585854608593,0.3286974856527508,0.14781856597356322,0.15223332378973617,0.3036246349436628,0.8357963520780042,0.3957963520780042,0.33102054908760653,0.2566859641153889,-0.4080263383222232,0.6666666666666666,7.073698590937511,0.09786269463935787,pqc_trust,0.5989643793455515,secure_allocated,True,42,nominal
10,F1,SAT_1 -> GW_1 -> UAV_1 -> BS_2 -> DC_1,4,0.58,1.0,True,True,False,False,0.0,0.9596811435038888,0.0,0.835980032904745,50.01629615447861,0.2412187453565578,0.9734774761977312,0.11389412789512561,0.5115512251385282,0.1640199670952551,0.17046440466413654,0.4650817550578081,0.3957721218157938,-0.18422787818420616,0.8406641198792892,0.4334093820542335,-0.9706869344955593,0.75,9.596811435038887,0.0,pqc_trust,0.7197922870203844,best_effort_allocated,True,42,nominal
10,F2,SAT_2 -> GW_2 -> UAV_2 -> BS_2 -> BS_1,4,0.52,0.94,True,True,False,False,0.0,0.6454286172150888,0.0,0.811227026269431,61.56504387856223,0.2621244542480843,0.9815316190026766,0.11825059552226906,0.5243112622202595,0.1887729737305691,0.24225337766962404,0.4180024110737639,0.24891282352606478,-0.2710871764739352,1.000120996440638,0.4873035380999571,-1.146312057870625,0.75,6.454286172150888,0.0,pqc_trust,0.5169683961814174,best_effort_allocated,True,42,nominal
10,F3,UAV_1 -> GW_1 -> BS_1 -> DC_1,3,0.48,0.88,True,True,True,True,0.3176313273922894,1.0,0.24106236759026542,0.872660325701847,19.72961411037269,0.17178176489842523,0.8023225022684759,0.07936172950401874,0.3999262020423223,0.12733967429815293,0.11902510154656169,0.3150855240011517,0.5966825017201656,0.11668250172016559,0.5806008429947064,0.24207153251507255,-0.6532223027492281,0.3333333333333333,10.278431465390783,0.025410506191383152,pqc_trust,0.7818543515482008,secure_allocated,True,42,nominal
10,F5,UAV_2 -> BS_2 -> BS_3,2,0.46,0.82,True,True,True,True,1.0,1.0,0.5,0.8487033895691547,7.551710014687952,0.17549620706218885,0.6225004733068591,0.05979613313979123,0.32663511176166743,0.15129661043084525,0.14021856023070206,0.2613886571963915,0.966714745705214,0.5067147457052139,0.19391732541318785,0.13524131340187712,-0.23448971943375096,0.5,10.884263317823997,0.11720902530922399,pqc_trust,0.7918896503820071,secure_allocated,True,42,nominal
10,F4,GW_2 -> UAV_2 -> BS_2 -> BS_1,3,0.44,0.78,True,True,True,True,1.0,0.7384263317823997,0.5752328883414375,0.8302041441392757,21.22810013854663,0.1942841721799491,0.8749327584902629,0.05979613313979123,0.32663511176166743,0.1697958558607244,0.14745558436061548,0.29455744693775393,0.8449367610127205,0.4049367610127205,0.3241498944086734,0.2490644673132176,-0.3988692346026387,0.6666666666666666,7.384263317823997,0.10762784755070245,pqc_trust,0.6132471650072762,secure_allocated,True,42,nominal
11,F1,SAT_1 -> UAV_1 -> BS_2 -> DC_1,3,0.58,1.0,True,True,False,True,0.2601483884838025,0.9960493497374905,0.20709190963212395,0.8432899396794343,41.865693871622554,0.21275593519078584,0.8803445653222308,0.09689516400815244,0.4590755097714643,0.15671006032056564,0.15391107597994869,0.3842523410101868,0.5568276077774377,-0.023172392222562288,0.6536814405012821,0.3453732380675719,-0.7572934119215536,0.6666666666666666,9.960493497374905,0.020811871078704202,pqc_trust,0.756646109052217,best_effort_allocated,True,42,nominal
11,F2,SAT_2 -> SAT_1 -> GW_1 -> BS_1,3,0.52,0.94,True,True,False,False,0.001204877911267797,0.6901508293052696,0.001742775677832686,0.8600220943751159,50.02400461547585,0.2517207044198638,0.9531543841402966,0.10993596522265156,0.49972277973143353,0.13997790562488413,0.199607288259809,0.515393841642893,0.2804354168010941,-0.23956458319890594,0.957769595120703,0.38344535487222065,-1.0728032015823692,0.6666666666666666,6.9015082930526965,9.639023290142375e-05,pqc_trust,0.5715792179461077,best_effort_allocated,True,42,nominal
11,F3,UAV_1 -> GW_1 -> BS_1 -> DC_1,3,0.48,0.88,True,True,True,True,0.36817868250987046,1.0,0.26910131492069517,0.8590494381314292,19.576798599575557,0.18144151990596338,0.8000637193887425,0.08492284597644942,0.41929193873488074,0.14095056186857072,0.11185296994722216,0.33783150432375963,0.6214891517693432,0.14148915176934318,0.5649825168720606,0.2413583934646859,-0.6373900349114664,0.3333333333333333,11.706337666870489,0.02945429460078964,pqc_trust,0.7785586005131544,secure_allocated,True,42,nominal
11,F5,UAV_2 -> BS_2 -> BS_3,2,0.46,0.82,True,True,True,True,1.0,1.0,0.5,0.8345641538548613,7.693507595521931,0.17600252145315848,0.6108394365110599,0.05339783837859711,0.300659037565319,0.16543584614513873,0.13201507646934485,0.2478074709881703,0.9636041138480694,0.5036041138480694,0.19076178019718162,0.13590303544576898,-0.23153269083091232,0.5,16.241943637783532,0.15361494644064858,pqc_trust,0.78825558314685,secure_allocated,True,42,nominal
11,F4,GW_2 -> UAV_2 -> BS_2 -> BS_1,3,0.44,0.78,True,True,True,True,1.0,1.0,0.5,0.8355583893351198,22.527452257799276,0.19045261348431503,0.8771511282933273,0.05883771996582466,0.3228137184900939,0.16444161066488014,0.14193976336211966,0.29548783870593226,0.9638228456537263,0.5238228456537264,0.2025842600367389,0.2551281105363966,-0.27912269319765787,0.6666666666666666,12.741943637783532,0.11253031946335085,pqc_trust,0.7706203807533205,secure_allocated,True,42,nominal
12,F1,SAT_1 -> UAV_1 -> BS_2 -> DC_1,3,0.58,1.0,True,True,True,True,0.3307637784711208,0.9666588602728844,0.25493911435931393,0.8386234746408228,42.23272726788662,0.21066807403287452,0.8795382005400906,0.09423301441534274,0.4504434260575908,0.16137652535917724,0.1405374295859294,0.38354963498186373,0.5814137297028954,0.0014137297028954388,0.6259977601262958,0.34708606058347086,-0.7301235783013371,0.6666666666666666,9.666588602728844,0.026461102277689667,pqc_trust,0.7375882757364156,secure_allocated,True,42,nominal
12,F2,SAT_2 -> SAT_1 -> GW_1 -> BS_1,3,0.52,0.94,True,True,False,False,0.0,0.6781193250507335,0.0,0.8473683400506121,48.850652671507476,0.25458005872336104,0.9493158108569574,0.11038910847326514,0.5010885123219455,0.15263165994938785,0.18493812577329302,0.5216574960565944,0.2715747310839647,-0.24842526891603534,0.9682584234220342,0.3779697124670348,-1.0816493371621445,0.6666666666666666,6.781193250507335,0.0,pqc_trust,0.562018223173038,best_effort_allocated,True,42,nominal
12,F3,UAV_1 -> GW_1 -> BS_1 -> DC_1,3,0.48,0.88,True,True,True,True,0.23826508166061147,1.0,0.19241847742413856,0.8592940788716792,19.56252490392199,0.18392440671766547,0.810017742251559,0.0927111251586294,0.44545503834104694,0.14070592112832084,0.10963611134588501,0.35086363522462233,0.5500904922651058,0.07009049226510577,0.6440392503431054,0.24129178288496927,-0.7164267852085962,0.3333333333333333,10.959572352356869,0.01906120653284892,pqc_trust,0.7786297522851744,secure_allocated,True,42,nominal
12,F5,UAV_2 -> BS_2 -> BS_3,2,0.46,0.82,True,True,True,True,1.0,1.0,0.5,0.8303240858699139,7.563699710003018,0.18156837050710584,0.5780884478235078,0.06010549870580538,0.3278635673243395,0.16967591413008604,0.13387829981814658,0.26020287681249255,0.962671298891381,0.5026712988913811,0.20100035966790147,0.1352972653133474,-0.24158953926190568,0.5,15.892271279717816,0.1375080204113237,pqc_trust,0.7872864316704763,secure_allocated,True,42,nominal
12,F4,GW_2 -> UAV_2 -> BS_2 -> BS_1,3,0.44,0.78,True,True,True,True,1.0,1.0,0.5,0.8309368696119058,22.939926574621843,0.19198905128197336,0.8708291973894446,0.06010549870580538,0.3278635673243395,0.1690631303880941,0.14039878905478345,0.295164023563584,0.9628061113146192,0.5228061113146192,0.20555485359335365,0.2570529906815686,-0.2826707507978242,0.6666666666666666,12.392271279717816,0.11232253539978679,pqc_trust,0.7691762688007412,secure_allocated,True,42,nominal
13,F1,SAT_1 -> UAV_1 -> GW_1 -> BS_1 -> DC_1,4,0.58,1.0,True,True,False,True,0.2506570552317647,0.9948904433989579,0.2012424700842974,0.8362603579397168,43.71894658975618,0.21179333909948223,0.9365460723908312,0.09495747766901398,0.45280425386510315,0.1637396420602832,0.13347993390661522,0.39226608000148083,0.5495393586537393,-0.030460641346260697,0.6589687074073035,0.4040217507521955,-0.7801752326329622,0.5,9.94890443398958,0.020052564418541176,pqc_trust,0.7453960929114746,best_effort_allocated,True,42,nominal
13,F2,SAT_2 -> SAT_1 -> GW_1 -> BS_1,3,0.52,0.94,True,True,False,False,0.0,0.7289323232388856,0.0,0.8327910730468973,48.094210027250234,0.2560689118616176,0.9451311035585818,0.11305919781416168,0.5090750177406617,0.16720892695310277,0.17870516066010403,0.5088533861387606,0.29123358152781587,-0.22876641847218415,0.9512661832450775,0.3744396467938344,-1.0635980772832279,0.6666666666666666,7.289323232388856,0.0,pqc_trust,0.5893912151859805,best_effort_allocated,True,42,nominal
13,F3,UAV_1 -> GW_1 -> BS_2 -> DC_1,3,0.48,0.88,True,True,True,True,0.30404344505675035,0.9430849276205269,0.24379482635299524,0.8247124911402016,18.735934897366995,0.18508006354608467,0.7906592195794788,0.0840483739685419,0.41628566889049046,0.17528750885979846,0.09341107256192645,0.3127094511623897,0.5530488602612941,0.07304886026129409,0.6343085855570666,0.2374343628543793,-0.7055388944133804,0.3333333333333333,9.430849276205269,0.024323475604540026,pqc_trust,0.7364139249292097,secure_allocated,True,42,nominal
13,F5,UAV_2 -> GW_2 -> BS_3,2,0.46,0.82,True,True,True,True,0.9896904054626899,1.0,0.4974092465569002,0.8101866002028066,20.43150148212384,0.20553858550312104,0.7882935529026328,0.06160957899250774,0.33380148481233607,0.1898133997971933,0.0915793257892562,0.3705950314304287,0.9525707750490968,0.4925707750490968,0.22337195963039166,0.19534700691657791,-0.28197606170536504,0.5,12.876153919998066,0.0791752324370152,pqc_trust,0.773244599013215,secure_allocated,True,42,nominal
13,F4,GW_2 -> SAT_2 -> SAT_1 -> GW_1 -> BS_1,4,0.44,0.78,True,False,False,False,0.0,0.2789323232388856,0.0,0.8108697106141727,93.14372723441367,0.30689706437038755,0.9915417470686527,0.11938131787121616,0.5275798640601242,0.18913028938582735,0.2554540282202474,0.5806089027227642,0.08391088179261652,-0.3560891182073835,1.186087763189089,0.6346707270939305,-1.376488981317268,0.75,2.789323232388856,0.0,pqc_trust,0.27487621253278494,degraded_unallocated,False,42,nominal
14,F1,SAT_1 -> UAV_1 -> BS_2 -> DC_1,3,0.58,1.0,True,True,True,True,0.3208481593619401,0.9996407499690406,0.2429767922280364,0.8331853326546753,41.0052574631276,0.2158419280334527,0.8639363053732575,0.09630132148306193,0.4571601888125344,0.1668146673453246,0.1311396356988304,0.40573374807363005,0.5896055983191639,0.009605598319163966,0.6218133164990234,0.3413578681612621,-0.724220676947402,0.6666666666666666,9.996407499690406,0.02566785274895521,pqc_trust,0.7568771029209038,secure_allocated,True,42,nominal
14,F2,SAT_2 -> SAT_1 -> GW_1 -> BS_1,3,0.52,0.94,True,True,False,False,0.0,0.6971496697448125,0.0,0.8271503767841756,49.68787952721536,0.2622218923900945,0.9432190632646675,0.11354463406795057,0.510515924476802,0.17284962321582442,0.1821238419530554,0.5192096374282277,0.27569043427768425,-0.24430956572231577,0.9699383984170588,0.381876771127005,-1.0845014297551603,0.6666666666666666,6.971496697448125,0.0,pqc_trust,0.5677958803738807,best_effort_allocated,True,42,nominal
14,F3,UAV_1 -> GW_1 -> BS_1 -> DC_1,3,0.48,0.88,True,True,True,True,0.2009876310004293,1.0,0.16735195751600332,0.8452667652379117,19.234671719943023,0.19193334702832124,0.7970900558559468,0.09579435775680961,0.4555204536711491,0.15473323476208842,0.10461429798636052,0.36367640795789313,0.5265018854025766,0.046501885402576604,0.6737482341779553,0.2397618013597341,-0.7456767745858754,0.3333333333333333,10.573850931922925,0.016079010480034343,pqc_trust,0.7753524211055178,secure_allocated,True,42,nominal
14,F5,UAV_2 -> BS_2 -> BS_3,2,0.46,0.82,True,True,True,True,1.0,1.0,0.5,0.8088404056916407,7.4962874078817965,0.19350967205255531,0.5371437378504127,0.06336494298166871,0.3406601334168833,0.19115959430835933,0.1343249610219688,0.26876146522881195,0.9579448892521609,0.4979448892521609,0.2142994965257098,0.13498267457011504,-0.2547942988967443,0.5,17.155641241815072,0.13895307082563343,pqc_trust,0.7819627002373929,secure_allocated,True,42,nominal
14,F4,GW_2 -> BS_2 -> UAV_1 -> GW_1 -> BS_1,4,0.44,0.78,True,True,False,True,0.248981446500644,0.5573850931922925,0.3087695660033908,0.8187092683237278,34.47400647425254,0.21284896374827947,0.8876277116325848,0.09579435775680961,0.4555204536711491,0.18129073167627224,0.11117980472152345,0.3916567723099997,0.34787912654310593,-0.09212087345689407,0.8617830205614071,0.3608786968798452,-0.9700466296253607,0.5,5.573850931922925,0.01991851572005152,pqc_trust,0.4849765684643306,best_effort_allocated,True,42,nominal
15,F1,SAT_1 -> UAV_1 -> BS_2 -> DC_1,3,0.58,1.0,True,True,True,True,0.43452944769640806,1.0,0.30290730412971506,0.8288705132956197,40.6282412042021,0.2188083027285028,0.8592807266807976,0.09232390467848334,0.4441795060366461,0.17112948670438036,0.13039653627201522,0.4107242913197082,0.6513427091580607,0.07134270915806074,0.558165903578927,0.3395984589529431,-0.66004544126481,0.6666666666666666,10.403605981733751,0.034762355815712645,pqc_trust,0.7562778594809634,secure_allocated,True,42,nominal
15,F2,SAT_2 -> SAT_1 -> GW_1 -> BS_1,3,0.52,0.94,True,True,False,False,0.0,0.7142191002368141,0.0,0.8259239862031311,49.516311073130765,0.25873946939735215,0.9393332585465501,0.11839717056398492,0.5247359645128263,0.17407601379686896,0.1733946163677508,0.5135475131137436,0.28310187207125515,-0.23689812792874487,0.9645148802857599,0.38107611834127686,-1.078837715788143,0.6666666666666666,7.142191002368141,0.0,pqc_trust,0.5778510389416797,best_effort_allocated,True,42,nominal
15,F3,UAV_1 -> GW_1 -> BS_1 -> DC_1,3,0.48,0.88,True,True,True,True,0.32937963510144486,1.0,0.2477694304955333,0.8363911430818792,19.93246935430579,0.1898292671162659,0.7867669375035059,0.08729814579998588,0.4273864951591311,0.16360885691812077,0.1110821117357287,0.33152259192957184,0.5951648507838081,0.11516485078380811,0.5971049432082943,0.2430181903200937,-0.6700104003043225,0.3333333333333333,10.818010635917481,0.02635037080811559,pqc_trust,0.7726450572224557,secure_allocated,True,42,nominal
15,F5,UAV_2 -> BS_2 -> BS_3,2,0.46,0.82,True,True,True,True,1.0,1.0,0.5,0.8013671421601261,7.904004076882765,0.2053683245080713,0.5513870668694993,0.06409170032778831,0.3434777196322204,0.1986328578398739,0.13477841800884394,0.3022000523098995,0.9563007712752277,0.4963007712752277,0.22198440466145947,0.13688535235878624,-0.26305001036909537,0.5,17.152422337075105,0.13558148379914772,pqc_trust,0.7798089826862135,secure_allocated,True,42,nominal
15,F4,GW_2 -> UAV_2 -> BS_2 -> BS_1,3,0.44,0.78,True,True,True,True,1.0,1.0,0.5,0.8041527620471349,25.38018784672158,0.2138731195093363,0.8635975415692108,0.06525206057262183,0.3479500744897988,0.19584723795286504,0.14076172220229155,0.33405338307943827,0.9569136076503697,0.5169136076503698,0.22631681475128132,0.268440876618034,-0.3068490777366915,0.6666666666666666,12.423845795318604,0.09912704339171936,pqc_trust,0.7607720590190786,secure_allocated,True,42,nominal
16,F1,SAT_1 -> UAV_1 -> BS_2 -> DC_1,3,0.58,1.0,True,True,False,True,0.2595719043360301,1.0,0.20607946512816247,0.8269979354621696,39.222352890914884,0.22504373721152937,0.8574705228918567,0.09899582582992521,0.4658043305880938,0.17300206453783032,0.1282053288340412,0.43492483807717347,0.5547040931864938,-0.02529590681350613,0.6630166712057178,0.3330376468242694,-0.7629279652529987,0.6666666666666666,10.701174043648523,0.02076575234688241,pqc_trust,0.7567938368419019,best_effort_allocated,True,42,nominal
16,F2,SAT_2 -> SAT_1 -> GW_1 -> BS_1,3,0.52,0.94,True,True,False,False,0.0,0.737674529724122,0.0,0.8306350242886923,49.77936368037168,0.26862492726332055,0.9388917618549341,0.11567921443796103,0.5168120257334523,0.1693649757113077,0.18871541241756898,0.5431842578718454,0.2946932437193671,-0.2253067562806329,0.9553909799824901,0.38230369717506785,-1.0700820891350105,0.6666666666666666,7.37674529724122,0.0,pqc_trust,0.592917919330386,best_effort_allocated,True,42,nominal
16,F3,UAV_1 -> GW_1 -> BS_1 -> DC_1,3,0.48,0.88,True,True,True,True,0.3828234396845876,1.0,0.2768418792292868,0.8489020913004445,20.992751982311795,0.18241014733650018,0.7896840804006033,0.08351859465080544,0.4144574252775101,0.1510979086995555,0.10647951988186677,0.3298889298285607,0.6273113519126209,0.1473113519126209,0.5583875707081818,0.247966175917455,-0.6327774234834183,0.3333333333333333,11.032770160188527,0.030625875174767007,pqc_trust,0.7750305964374928,secure_allocated,True,42,nominal
16,F5,UAV_2 -> BS_2 -> BS_3,2,0.46,0.82,True,True,True,True,1.0,1.0,0.5,0.7894157867320529,8.138270066377917,0.20890467326443105,0.5288770082829772,0.06547767769003715,0.3488159516121858,0.21058421326794707,0.1317820696595239,0.29842862558399075,0.9536714730810516,0.4936714730810516,0.22753961779098883,0.13797859364309695,-0.2689331958839179,0.5,17.008569276018022,0.13264374712579802,pqc_trust,0.7766571576365486,secure_allocated,True,42,nominal
16,F4,GW_2 -> UAV_2 -> BS_2 -> BS_1,3,0.44,0.78,True,True,True,True,1.0,1.0,0.5,0.8108996209689602,25.02159207891156,0.20732112889823173,0.8641883398510681,0.06671626202222154,0.3535481336335648,0.18910037903103985,0.12872203632521348,0.334437389746799,0.9583979166131712,0.5183979166131711,0.22328362479942432,0.2667674297015873,-0.3033138537099005,0.6666666666666666,11.937124392469528,0.09337859671855986,pqc_trust,0.762709790787002,secure_allocated,True,42,nominal
17,F1,SAT_1 -> UAV_1 -> BS_2 -> DC_1,3,0.58,1.0,True,True,False,False,0.14645714142321953,1.0,0.12774759398454846,0.826909697099859,42.58798790860231,0.22499001600102897,0.8484249690058684,0.10400468007940335,0.4815630842521016,0.17309030290014105,0.1304560882488265,0.43185021288527015,0.4924715611447397,-0.08752843885526024,0.7291647171187488,0.34874394357347743,-0.833787900190792,0.6666666666666666,10.715841279983941,0.011716571313857562,pqc_trust,0.7544158327389431,best_effort_allocated,True,42,nominal
17,F2,SAT_2 -> UAV_2 -> BS_2 -> BS_1,3,0.52,0.94,True,True,False,False,0.0,0.6049430637588642,0.0,0.7313601348451989,40.99918675169411,0.3187637076817796,0.8956058175195843,0.13252406984798806,0.564320044060262,0.26863986515480104,0.2525625829908356,0.48842797385947373,0.2131236083574326,-0.3068763916425674,1.0714000711144338,0.34132953817457246,-1.1737989325668055,0.6666666666666666,6.049430637588642,0.0,pqc_trust,0.49460644124043235,best_effort_allocated,True,42,nominal
17,F3,UAV_1 -> GW_1 -> BS_1 -> DC_1,3,0.48,0.88,True,True,True,True,0.31214175753451323,1.0,0.23788722197289186,0.8452721411124647,21.45832194164926,0.1926464288759711,0.7721666651046134,0.08814271191555006,0.43023985904525913,0.15472785888753524,0.10933241539360684,0.36087667103399274,0.5876378376887245,0.10763783768872448,0.6066130200667773,0.2501388357276966,-0.6816546707850862,0.3333333333333333,12.833996007157856,0.024971340602761058,pqc_trust,0.7737972099189617,secure_allocated,True,42,nominal
17,F5,UAV_2 -> BS_2 -> DC_1 -> BS_3,3,0.46,0.82,True,True,True,True,1.0,1.0,0.5,0.8370381727736644,13.520649786703434,0.16234030129078442,0.6436099562854855,0.061699302693040387,0.3341539053965147,0.16296182722633556,0.10311506018689598,0.2322918439314584,0.9641483980102061,0.5041483980102062,0.19244321391977554,0.21309636567128268,-0.25637212362116035,0.3333333333333333,11.636505113910705,0.0924146202893213,pqc_trust,0.7772950883427237,secure_allocated,True,42,nominal
17,F4,GW_2 -> UAV_2 -> BS_2 -> BS_1,3,0.44,0.78,True,True,True,True,1.0,0.8136505113910705,0.55137414497405,0.7951769012136625,25.949591402795665,0.21647967090109466,0.8622679656777456,0.0670870340820856,0.35495777835547915,0.20482309878633745,0.12852063913736358,0.343012338824135,0.8710816483929874,0.4310816483929874,0.31507364810137495,0.27109809321304645,-0.3964030760652889,0.6666666666666666,8.136505113910705,0.09244157796636243,pqc_trust,0.646319818156101,secure_allocated,True,42,nominal
18,F1,SAT_1 -> UAV_1 -> BS_2 -> DC_1,3,0.58,1.0,True,True,False,True,0.263353448402162,1.0,0.20845587490598197,0.8340136421169794,43.33642306942332,0.22485497057753806,0.8504777936010416,0.09934400698262072,0.46691268913870465,0.16598635788302063,0.14103025773469882,0.4314081288390765,0.5583273978869245,-0.021672602113075423,0.6595855111576437,0.3522366409906421,-0.7652565034548364,0.6666666666666666,10.654562186069382,0.02106827587217296,pqc_trust,0.7556679143806485,best_effort_allocated,True,42,nominal
18,F2,SAT_2 -> SAT_1 -> GW_1 -> BS_1,3,0.52,0.94,True,True,False,False,0.0,0.7563528271948978,0.0,0.8192777082337659,52.004660028511225,0.27237997106498985,0.9323908563175681,0.12092228495954063,0.5320061472623615,0.18072229176623403,0.19182031290668214,0.5340353835927196,0.3005998680491325,-0.2194001319508675,0.9549726557457032,0.3926884134663857,-1.072779179785619,0.6666666666666666,7.563528271948979,0.0,pqc_trust,0.5997278613554222,best_effort_allocated,True,42,nominal
18,F3,UAV_1 -> GW_1 -> BS_1 -> DC_1,3,0.48,0.88,True,True,True,True,0.3505054945039938,1.0,0.2595365186816404,0.8607338852098274,21.934840129821257,0.17491814267444672,0.766803652026677,0.08470546403958033,0.41854595171545883,0.13926611479017262,0.1088654479279263,0.3183550265619646,0.6121394767233586,0.13213947672335857,0.5712101754090072,0.25236258727249916,-0.646918951590757,0.3333333333333333,11.256397869472682,0.028040439560319506,pqc_trust,0.777329083211582,secure_allocated,True,42,nominal
18,F5,UAV_2 -> BS_2 -> DC_1 -> BS_3,3,0.46,0.82,True,True,True,True,1.0,1.0,0.5,0.8476115980040876,14.386925664176555,0.16446170689508682,0.6380502478421476,0.0644224386559667,0.34475575429333283,0.15238840199591244,0.11799274122578818,0.24195641451675906,0.9664745515608992,0.5064745515608993,0.19372215511522306,0.21713898643282392,-0.25886385104507026,0.3333333333333333,15.580905262405436,0.09062606507285809,pqc_trust,0.7793320515360983,secure_allocated,True,42,nominal
18,F4,GW_2 -> UAV_2 -> BS_2 -> DC_1 -> BS_1,4,0.44,0.78,True,True,True,True,0.7664319286187814,1.0,0.43388704438674536,0.8483460484280532,33.965582948850034,0.1869168331494814,0.8940492514044369,0.07164682280865409,0.3720394351530737,0.15165395157194678,0.1285707005246857,0.3204053791387986,0.8381736913945015,0.3981736913945015,0.33894874231103356,0.3585060537613002,-0.4465005584394236,0.5,12.080905262405436,0.06131455428950251,pqc_trust,0.7583106040428182,secure_allocated,True,42,nominal
19,F1,SAT_1 -> UAV_1 -> BS_2 -> DC_1,3,0.58,1.0,True,True,False,False,0.06680060999441452,1.0,0.06261770884698338,0.8318811872274908,45.205220707191906,0.2310732385456824,0.8518735821789116,0.10710199288292115,0.4911123298043327,0.16811881277250929,0.1397447936172366,0.453985338851529,0.44975419668697597,-0.130245803313024,0.7770068431096642,0.36095769663356225,-0.8852941520997328,0.6666666666666666,10.527717168670076,0.005344048799553162,pqc_trust,0.7538266423118384,best_effort_allocated,True,42,nominal
19,F2,SAT_2 -> SAT_1 -> GW_1 -> BS_1,3,0.52,0.94,True,True,False,False,0.0,0.7365218360813522,0.0,0.8247687260543423,54.43815841073183,0.2685422478783316,0.9331891725536328,0.11220895429214603,0.5065430867731611,0.17523127394565774,0.19465232017091186,0.5251699142060481,0.29288394596856376,-0.22711605403143625,0.9545958372699758,0.4040447392500819,-1.0758092590450004,0.6666666666666666,7.365218360813523,0.0,pqc_trust,0.5874985722748847,best_effort_allocated,True,42,nominal
19,F3,UAV_1 -> GW_1 -> BS_1 -> DC_1,3,0.48,0.88,True,True,True,True,0.373524718366956,1.0,0.2719461203516279,0.8620393496726767,22.768414092815277,0.1740389390907643,0.7574451494822227,0.08340562522848528,0.4140668898337324,0.13796065032732338,0.10650627208501444,0.3200190592718577,0.6250872520298146,0.14508725202981465,0.5567469930194624,0.25625259909980463,-0.6336227727494038,0.3333333333333333,11.248425961113966,0.02988197746935648,pqc_trust,0.7770719475531985,secure_allocated,True,42,nominal
19,F5,UAV_2 -> BS_2 -> DC_1 -> BS_3,3,0.46,0.82,True,True,True,True,1.0,1.0,0.5,0.8445169025650405,14.724367015749502,0.16543833210601283,0.655671339645608,0.059717537864871356,0.32632262808073975,0.15548309743495947,0.11290935541429409,0.24639252654397137,0.965793718564309,0.5057937185643089,0.19023418790358176,0.21871371274016432,-0.25584830172563106,0.3333333333333333,15.686290965295457,0.10087966966416034,pqc_trust,0.7783221687302355,secure_allocated,True,42,nominal
19,F4,GW_2 -> UAV_2 -> BS_2 -> BS_1,3,0.44,0.78,True,True,True,True,0.9761993806944601,1.0,0.49397818369491237,0.7945511060096906,26.874075810601838,0.2255946222917669,0.8585708888409627,0.07345258791643111,0.37867790679221874,0.2054488939903094,0.14239851013019839,0.36169226782827263,0.941710902704085,0.5017109027040849,0.25447615402526486,0.2754123537828086,-0.3370998601601074,0.6666666666666666,12.186290965295457,0.07809595045555681,pqc_trust,0.7573259234350014,secure_allocated,True,42,nominal
20,F1,SAT_1 -> UAV_1 -> BS_2 -> DC_1,3,0.58,1.0,True,True,False,False,0.11091240740329607,1.0,0.0998390212082953,0.82976021020528,47.081972002718864,0.24016844979937496,0.8558218234243604,0.10516306395257055,0.48515164766326757,0.17023978979472001,0.1479382750637672,0.47671624749048314,0.4735490703169744,-0.10645092968302555,0.7558146440085611,0.36971586934602135,-0.8667294048123675,0.6666666666666666,11.05029619332702,0.008872992592263686,pqc_trust,0.7519826721494168,best_effort_allocated,True,42,nominal
20,F2,SAT_2 -> SAT_1 -> GW_1 -> BS_1,3,0.52,0.94,True,True,False,False,0.0,0.7448379878631964,0.0,0.8380877370779926,52.7779901482106,0.26361293275541864,0.9379560675745904,0.11774323138200442,0.5228388733856542,0.16191226292200753,0.19916981763898675,0.524005876595277,0.29955639669559675,-0.22044360330440327,0.9497791413907551,0.39629728735831615,-1.06866832759825,0.6666666666666666,7.448379878631965,0.0,pqc_trust,0.5969801338836686,best_effort_allocated,True,42,nominal
20,F3,UAV_1 -> GW_1 -> BS_1 -> DC_1,3,0.48,0.88,True,True,True,True,0.4547603058436933,1.0,0.3126015358110514,0.8643420705876981,23.033094567203104,0.1710438980006786,0.7621386344622686,0.0771890136876797,0.39219621924866255,0.13565792941230195,0.11076837254311171,0.30706927200883677,0.6702734237433249,0.1902734237433249,0.5047453851691461,0.25748777464694783,-0.5819917175632305,0.3333333333333333,12.0883777952216,0.036380824467495465,pqc_trust,0.7774623514498823,secure_allocated,True,42,nominal
20,F5,UAV_2 -> BS_2 -> DC_1 -> BS_3,3,0.46,0.82,True,True,True,True,1.0,1.0,0.5,0.8547620145771209,15.05996258950992,0.16082838858188736,0.6581996473553742,0.0618383163561149,0.33469953309751665,0.14523798542287913,0.11105333388132628,0.2486211799087755,0.9680476432069666,0.5080476432069665,0.1880000149292619,0.22027982541771296,-0.25408396255457577,0.3333333333333333,15.49163333572166,0.09277210285197854,pqc_trust,0.7806485298316233,secure_allocated,True,42,nominal
20,F4,GW_2 -> UAV_2 -> BS_2 -> BS_1,3,0.44,0.78,True,True,True,True,1.0,1.0,0.5,0.7984684202018979,26.382377503321965,0.22070858636909468,0.8655019271418904,0.07096232079103859,0.3695046252340133,0.2015315797981021,0.1389671191431033,0.3533169588680711,0.9556630524444175,0.5156630524444175,0.23603196773017843,0.27311776168216917,-0.31796729623482917,0.6666666666666666,11.99163333572166,0.08037314046668544,pqc_trust,0.7586494407981491,secure_allocated,True,42,nominal
21,F1,SAT_1 -> UAV_1 -> BS_2 -> DC_1,3,0.58,1.0,True,True,False,True,0.2713928459954685,1.0,0.21346104538048957,0.8313831433143175,46.15940996508662,0.23793014079745328,0.8551749949830311,0.09817320067590735,0.4631778830740422,0.16861685668568252,0.15550750626814827,0.46160121363380674,0.5621703568266575,-0.017829643173342458,0.660692677300707,0.36541057983707087,-0.7703158512518282,0.6666666666666666,11.129857660565582,0.021711427679637477,pqc_trust,0.7530341988530187,best_effort_allocated,True,42,nominal
21,F2,SAT_2 -> SAT_1 -> GW_1 -> BS_1,3,0.52,0.94,True,True,False,False,0.0,0.7642249800217963,0.0,0.8318771375979642,54.68989977720299,0.2783990196609005,0.9363592301597486,0.11732723558401163,0.5216289720209717,0.16812286240203575,0.2133477066282593,0.5549576783660266,0.3069142112813604,-0.2130857887186396,0.9487725905712877,0.40521953229361396,-1.0703384502593718,0.6666666666666666,7.642249800217963,0.0,pqc_trust,0.6057213425685267,best_effort_allocated,True,42,nominal
21,F3,UAV_1 -> GW_1 -> BS_1 -> DC_1,3,0.48,0.88,True,True,True,True,0.3321104181798344,1.0,0.24931147872383022,0.8785785655436212,23.604199686948654,0.17609193263671652,0.7671318423105883,0.08386951199622245,0.41566901422698277,0.12142143445637876,0.11987583218926968,0.3419581498982607,0.6059480144185055,0.12594801441850556,0.5772106088247626,0.26015293187242705,-0.6552564883864908,0.3333333333333333,11.861186601744087,0.02656883345438675,pqc_trust,0.7806217016050413,secure_allocated,True,42,nominal
21,F5,UAV_2 -> BS_2 -> BS_3,2,0.46,0.82,True,True,True,True,1.0,1.0,0.5,0.819140511637835,8.748971345775775,0.19174935365219356,0.535859393698287,0.059316137981793686,0.3247242396758404,0.1808594883621651,0.1437868958162655,0.26890606057735844,0.9602109125603236,0.5002109125603236,0.20725735650212357,0.1408285329469536,-0.24950591638620964,0.5,15.33124285489996,0.1408820932035262,pqc_trust,0.7836608479674156,secure_allocated,True,42,nominal
21,F4,GW_2 -> UAV_2 -> BS_2 -> BS_1,3,0.44,0.78,True,True,True,True,0.7947343649758059,1.0,0.4428144802289554,0.8149751624697759,26.314096201880034,0.2211415143954908,0.8652789469368056,0.07887189686104046,0.3981917221749348,0.18502483753022422,0.14890991053419939,0.37282945738652035,0.8463984364800439,0.40639843648004387,0.35266317554166066,0.27279911560877346,-0.43450291022429266,0.6666666666666666,11.83124285489996,0.06357874919806447,pqc_trust,0.7628239232761279,secure_allocated,True,42,nominal
22,F1,SAT_1 -> UAV_1 -> BS_2 -> DC_1,3,0.58,1.0,True,True,False,False,0.1443755089068047,1.0,0.12616095659432913,0.8376504590782395,45.61208422941552,0.23674266285372086,0.853369270295971,0.10353267896292723,0.48009492416049826,0.16234954092176038,0.15794900332768316,0.46520267376249497,0.4936896308959553,-0.08631036910404466,0.7328682984283437,0.36285639307060574,-0.8417252163495254,0.6666666666666666,10.77899992832562,0.011550040712544375,pqc_trust,0.7549841558089689,best_effort_allocated,True,42,nominal
22,F2,SAT_2 -> SAT_1 -> GW_1 -> BS_1,3,0.52,0.94,True,True,False,False,0.0,0.7462779262815918,0.0,0.8515344569201488,56.55402422091521,0.27252323398807066,0.9416701629174707,0.12197694195996797,0.5350169520918399,0.14846554307985116,0.22142248183259983,0.5571479802094307,0.30316264734914905,-0.21683735265085097,0.9532270459684427,0.41391877969760427,-1.0774026798777239,0.6666666666666666,7.462779262815919,0.0,pqc_trust,0.5985625530443517,best_effort_allocated,True,42,nominal
22,F3,UAV_1 -> GW_1 -> BS_1 -> DC_1,3,0.48,0.88,True,True,True,True,0.3854116660375848,1.0,0.2781928833758853,0.8853926931706044,23.401168023552454,0.1617615185717314,0.7713383852833906,0.07942602202111183,0.4001535072366327,0.11460730682939553,0.1140328852368831,0.3039134597097539,0.6367628088182046,0.1567628088182046,0.5360682513482328,0.2592054507765781,-0.6138298865812062,0.3333333333333333,11.53512292065911,0.030832933283006785,pqc_trust,0.7824673556761643,secure_allocated,True,42,nominal
22,F5,UAV_2 -> BS_2 -> DC_1 -> BS_3,3,0.46,0.82,True,True,True,True,1.0,1.0,0.5,0.8694749612861826,14.432214366193698,0.1571387932418535,0.6750136489823937,0.05731922909293997,0.3167100345765446,0.13052503871381735,0.11845994099549682,0.25145817408794663,0.9712844914829601,0.5112844914829602,0.1786054741200101,0.21735033370890391,-0.24381057423268127,0.3333333333333333,14.978173845867039,0.09561994339102622,pqc_trust,0.78476619026521,secure_allocated,True,42,nominal
22,F4,GW_2 -> UAV_2 -> BS_2 -> BS_1,3,0.44,0.78,True,True,True,True,0.7759846851112703,1.0,0.43693208146254525,0.8069847319408421,26.055906376403254,0.21919568470497458,0.8632679471282585,0.0796537647362888,0.40095803232543836,0.19301526805915792,0.15005788195196093,0.349285797971061,0.8343282178381839,0.3943282178381839,0.3645493483604143,0.2715942297565485,-0.44602761728737883,0.6666666666666666,11.478173845867039,0.06207877480890162,pqc_trust,0.7610070485217282,secure_allocated,True,42,nominal
23,F1,SAT_1 -> UAV_1 -> BS_2 -> DC_1,3,0.58,1.0,True,True,False,False,0.1938441507297318,1.0,0.16236972858747556,0.849636404886498,46.18291475478404,0.23455931089533366,0.8677121680446738,0.10069738720961244,0.4712023686938794,0.15036359511350197,0.17105739829771868,0.46231389441976867,0.5235342919763821,-0.05646570802361783,0.6998179900999879,0.36552026885565886,-0.8094740707566855,0.6666666666666666,10.800415747527307,0.015507532058378544,pqc_trust,0.7575810608932756,best_effort_allocated,True,42,nominal
23,F2,SAT_2 -> SAT_1 -> GW_1 -> BS_1,3,0.52,0.94,True,True,False,False,0.0,0.725598833280716,0.0,0.8601559959002824,54.553430038991735,0.2677973201121426,0.9443299271230917,0.1160307917305001,0.5178428374113277,0.13984400409971776,0.22763967681793743,0.5463024608875534,0.2957537940743843,-0.22424620592561573,0.9542157093289119,0.40458267351529476,-1.0755905113835003,0.6666666666666666,7.25598833280716,0.0,pqc_trust,0.5897108979162059,best_effort_allocated,True,42,nominal
23,F3,UAV_1 -> GW_1 -> BS_1 -> DC_1,3,0.48,0.88,True,True,True,True,0.45143048064790675,1.0,0.31102452833041777,0.8918860594470047,23.217896933218586,0.16200426035253884,0.7671896537616246,0.07452244966467786,0.3825782913951792,0.10811394055299532,0.12449933884410606,0.3040127418018365,0.6745016974346897,0.1945016974346897,0.4940447925727476,0.2583501856883534,-0.5715498482792536,0.3333333333333333,12.53627558434809,0.03611443845183254,pqc_trust,0.7842189870084981,secure_allocated,True,42,nominal
23,F5,UAV_2 -> BS_2 -> BS_3,2,0.46,0.82,True,True,True,True,1.0,1.0,0.5,0.8472252555715393,8.458073382811744,0.18054669652345218,0.57470508066943,0.06319910754770641,0.34001540712591344,0.15277474442846073,0.1438310668866583,0.27459496585858945,0.9663895562257386,0.5063895562257386,0.1998603089912932,0.13947100911978813,-0.24170161172722965,0.5,14.624738914536785,0.11987579694703074,pqc_trust,0.7908856625249167,secure_allocated,True,42,nominal
23,F4,GW_2 -> UAV_2 -> BS_2 -> BS_1,3,0.44,0.78,True,True,True,True,0.7336132163961658,1.0,0.42317006438218124,0.8205257718089135,25.087160651572827,0.2244238324294739,0.8706694029447983,0.08028382223959236,0.4031784667854208,0.17947422819108658,0.1582903943299926,0.38469324577794856,0.8140029388158522,0.37400293881585217,0.3877824024737663,0.2670734163740065,-0.4679044273859682,0.6666666666666666,11.124738914536785,0.05868905731169327,pqc_trust,0.7650704304961274,secure_allocated,True,42,nominal
0,F1,SAT_1 -> UAV_1 -> BS_2 -> DC_1,3,0.58,1.0,True,True,False,True,0.2298588777669591,1.0,0.18689857992838274,0.8510320718177433,45.72916610590805,0.23177703294877136,0.8662602379831796,0.09876497805804062,0.46506839656972077,0.14896792818225665,0.17746621179835687,0.4460064069089953,0.543649438571731,-0.03635056142826898,0.6769173253976463,0.36340277516090425,-0.7859381579459175,0.6666666666666666,10.741949054773412,0.018388710221356727,qkd_priority,0.2233055344757531,best_effort_allocated,True,42,nominal
0,F2,SAT_2 -> UAV_2 -> BS_2 -> BS_1,3,0.52,0.94,True,True,False,False,0.0,0.5463158413314544,0.0,0.8045249534006665,40.544972583817874,0.30032878381960987,0.9173186145346442,0.12773555876115145,0.5511950791630822,0.19547504659933343,0.31031015270630735,0.47708786815207055,0.20283761834730107,-0.31716238165269894,1.0701091041622939,0.3392098720578167,-1.1718720657796389,0.6666666666666666,5.463158413314544,0.0,qkd_priority,0.06979726220142748,best_effort_allocated,True,42,nominal
0,F3,UAV_1 -> BS_2 -> DC_1,2,0.48,0.88,True,True,True,True,1.0,0.7701024307422758,0.564939058120303,0.869020263475716,19.123933205915833,0.1801301069839718,0.5382958251569114,0.0747991306340464,0.38358307506417955,0.1309797365242839,0.12080323779623772,0.3397930168366909,0.8677305517986817,0.38773055179868177,0.3092237651101505,0.1892450216276072,-0.36599727159843265,0.5,7.701024307422758,0.104124626952701,qkd_priority,0.6932010508072921,secure_allocated,True,42,nominal
0,F5,UAV_2 -> BS_2 -> BS_3,2,0.46,0.82,True,True,True,True,1.0,1.0,0.5,0.8593362511433145,8.50458744801092,0.17484559999764537,0.5748919741478009,0.061829833610092685,0.33466625215378115,0.1406637488566856,0.1421722469558458,0.27558095570153257,0.9690539752515291,0.5090539752515291,0.19329310778585657,0.1396880747573843,-0.23519953021307186,0.5,10.107405388253023,0.11262802844099312,qkd_priority,0.6829472264578895,secure_allocated,True,42,nominal
0,F4,GW_2 -> UAV_2 -> BS_2 -> BS_1,3,0.44,0.78,True,True,True,True,0.7079144410496466,0.6607405388253023,0.5172336720787931,0.8469788609009554,25.261902498472285,0.20762268895803224,0.8762235544091825,0.08004283672601692,0.4023301100787807,0.1530211390990446,0.15329055337210118,0.3711040414073272,0.6530215344469018,0.2130215344469018,0.5409912031039079,0.267888878326204,-0.6213578666017692,0.6666666666666666,6.607405388253023,0.05663315528397173,qkd_priority,0.534733413878252,secure_allocated,True,42,nominal
1,F1,SAT_1 -> UAV_1 -> BS_2 -> DC_1,3,0.58,1.0,True,True,False,False,0.15308973205217913,1.0,0.13276480381082048,0.8797412253676625,43.85823054607408,0.22236960666882027,0.8778980310969096,0.10201278245862208,0.47534368372187175,0.12025877463233747,0.17442635536477025,0.4637010058993493,0.5077424222095842,-0.07225757779041575,0.7111598217218529,0.3546717425483457,-0.8175613444863565,0.6666666666666666,10.739917232579351,0.01224717856417433,qkd_priority,0.18084200279908325,best_effort_allocated,True,42,nominal
1,F2,SAT_2 -> UAV_2 -> BS_2 -> BS_1,3,0.52,0.94,True,True,False,False,0.0,0.5373326915028452,0.0,0.7996329897342153,40.77999376653054,0.3062409946596754,0.925190137266763,0.1245614791143706,0.5423320899030553,0.20036701026578482,0.3319375975301035,0.4659782431241648,0.19771896891780769,-0.3222810310821923,1.07567250115481,0.3403066375771425,-1.177764492427953,0.6666666666666666,5.373326915028453,0.0,qkd_priority,0.06889895282356091,best_effort_allocated,True,42,nominal
1,F3,UAV_1 -> BS_2 -> DC_1,2,0.48,0.88,True,True,True,True,1.0,0.7899726715151262,0.5586677472307707,0.894935521825618,19.40252611765486,0.17161006069846882,0.5566203839949331,0.07519936222116569,0.3850337177482405,0.10506447817438203,0.11817940118864212,0.35550890065361707,0.8823735169834428,0.4023735169834428,0.2911094397679283,0.1905451218823893,-0.3482729763326451,0.5,7.899726715151262,0.09428910377288659,qkd_priority,0.695325496799177,secure_allocated,True,42,nominal
1,F5,UAV_2 -> BS_2 -> BS_3,2,0.46,0.82,True,True,True,True,1.0,0.9959849694706143,0.5010057767445139,0.8645590085467709,8.543938963676629,0.1717383413933647,0.6257007190807369,0.06137435918974374,0.3328766240567561,0.13544099145322913,0.15104938686003894,0.26190031672559966,0.9683962181420661,0.508396218142066,0.19210519149913702,0.13987171516382427,-0.2340667060482843,0.5,9.959849694706143,0.1012349935147284,qkd_priority,0.6839545381935705,secure_allocated,True,42,nominal
1,F4,GW_2 -> UAV_2 -> BS_2 -> BS_1,3,0.44,0.78,True,True,True,True,0.78465179058047,0.6459849694706143,0.5484633224106811,0.8413304357694118,26.308959697295442,0.21087261546277924,0.8790082806641727,0.07791402024523716,0.3947861214961758,0.15866956423058828,0.16297335235089885,0.3623172234149794,0.6873444169503055,0.24734441695030546,0.5062447903819892,0.2727751452540454,-0.5880773339582028,0.6666666666666666,6.4598496947061435,0.0627721432464376,qkd_priority,0.5754924299411868,secure_allocated,True,42,nominal
2,F1,SAT_1 -> UAV_1 -> BS_2 -> DC_1,3,0.58,1.0,True,True,False,True,0.28496821516344933,1.0,0.22177063354613877,0.87268374157081,43.372068086642564,0.2195643253561873,0.8741261118202842,0.09522796133945567,0.4536834241589963,0.12731625842919,0.18267281269272048,0.4298806610209427,0.5787229414854752,-0.0012770585145247537,0.6335018609645582,0.35240298440433193,-0.7392227562858578,0.6666666666666666,10.357472888350804,0.022797457213075946,qkd_priority,0.2617204687850586,best_effort_allocated,True,42,nominal
2,F2,SAT_2 -> UAV_2 -> BS_2 -> BS_1,3,0.52,0.94,True,True,False,False,0.0,0.5265252514451289,0.0,0.8008451129813211,40.592179891438285,0.3023490260075051,0.9263592889941895,0.11978197434532266,0.5287338323959667,0.1991548870186789,0.3397740228951685,0.4431884799221962,0.19312228800619863,-0.3268777119938014,1.0751182317961703,0.33943017282671195,-1.1769472836441839,0.6666666666666666,5.265252514451288,0.0,qkd_priority,0.06921224102319137,best_effort_allocated,True,42,nominal
2,F3,UAV_1 -> BS_2 -> DC_1,2,0.48,0.88,True,True,True,True,1.0,0.7445286245667626,0.5732207462335797,0.8924700633983742,17.999310833708513,0.16678777531418865,0.5426336278812266,0.07237595790059274,0.3747283513542953,0.10752993660162574,0.12183563470049988,0.32739445373322845,0.8613812950026856,0.3813812950026856,0.30735529172727316,0.18399678389063973,-0.3625543268944651,0.5,7.445286245667626,0.10926045364603229,qkd_priority,0.6995761784845551,secure_allocated,True,42,nominal
2,F5,UAV_2 -> BS_2 -> BS_3,2,0.46,0.82,True,True,True,True,1.0,1.0,0.5,0.8702370544947889,8.368896270220178,0.16944390024911948,0.6307749362575656,0.05616717634432133,0.3120382811977559,0.12976294550521106,0.15585684201512778,0.2571740886689446,0.9714521519888536,0.5114521519888535,0.18280717342268915,0.13905484926102749,-0.2245236282009974,0.5,10.057026633468416,0.1160130481620714,qkd_priority,0.6846773307850642,secure_allocated,True,42,nominal
2,F4,GW_2 -> UAV_2 -> BS_2 -> BS_1,3,0.44,0.78,True,True,True,True,0.8365479199751377,0.6557026633468416,0.560594801787816,0.8493205428873143,26.052155623564968,0.2036910661795197,0.8743537235457152,0.0765010223317322,0.3897287010843273,0.1506794571126857,0.1637772127971522,0.34700858655866185,0.7220180739276135,0.2820180739276135,0.46707508112425217,0.2715767262433032,-0.5485480989972431,0.6666666666666666,6.557026633468416,0.06692383359801102,qkd_priority,0.6032568369323675,secure_allocated,True,42,nominal
3,F1,SAT_1 -> UAV_1 -> BS_2 -> DC_1,3,0.58,1.0,True,True,True,True,0.29551175805402513,1.0,0.22810426552817265,0.865983759919216,41.77313804356214,0.22329553381583472,0.8810233468772581,0.0946590741143592,0.45183290879281024,0.13401624008078405,0.18054739944881967,0.435296023779344,0.5830478941119414,0.003047894111941396,0.6303933233033868,0.3449413108699566,-0.7338757165643738,0.6666666666666666,10.359544619053382,0.02364094064432201,qkd_priority,0.2681627248637434,secure_allocated,True,42,nominal
3,F2,SAT_2 -> SAT_1 -> UAV_1 -> GW_1 -> BS_1,4,0.52,0.94,True,True,False,False,0.08245072781077831,0.5359544619053382,0.13332800109363235,0.8824896969139291,61.549138606266176,0.2340223781799333,0.979069482684814,0.0946590741143592,0.45183290879281024,0.11751030308607102,0.2040176399419255,0.4797497992344947,0.2606751414743947,-0.25932485852560533,0.9575931559047779,0.4872293134959088,-1.1037619499535505,0.75,5.359544619053382,0.006596058224862264,qkd_priority,0.12972388530096135,best_effort_allocated,True,42,nominal
3,F3,UAV_1 -> BS_2 -> DC_1,2,0.48,0.88,True,True,True,True,1.0,0.7526231654693316,0.570573309598023,0.8745346526240824,17.888140864655913,0.17756198424116665,0.5652900396412568,0.07497575402134578,0.38422365868521907,0.12546534737591764,0.12249710255571916,0.3374137886211519,0.8610780480384973,0.3810780480384973,0.31488075954133243,0.1834779907017276,-0.3699241567518507,0.5,7.526231654693316,0.09138808724908393,qkd_priority,0.696301826687859,secure_allocated,True,42,nominal
3,F5,UAV_2 -> BS_2 -> BS_3,2,0.46,0.82,True,True,True,True,1.0,1.0,0.5,0.8664601324581716,7.971721087756919,0.15957360678069263,0.6317939510905499,0.05440621197092214,0.3048272498184507,0.1335398675418285,0.1515892708181433,0.21601554056570726,0.9706212291407977,0.5106212291407977,0.17739370636512664,0.13720136507619896,-0.21855411588798632,0.5,14.061354041788407,0.1302019324809008,qkd_priority,0.6843888151072959,secure_allocated,True,42,nominal
3,F4,GW_2 -> BS_2 -> UAV_1 -> GW_1 -> BS_1,4,0.44,0.78,True,False,False,True,0.5189859298495398,0.25262316546933156,0.6726021414185978,0.8694188929385407,36.63133170930868,0.18731870181215693,0.8849038857246244,0.07584707512388726,0.38737432503984925,0.13058110706145934,0.1391915724281185,0.34719892762425875,0.3703948423249251,-0.06960515767507491,0.8107421547505078,0.37094621464344046,-0.92202601914354,0.5,2.5262316546933157,0.04151887438796319,qkd_priority,0.4764651055312074,degraded_unallocated,False,42,nominal
4,F1,SAT_1 -> GW_1 -> UAV_1 -> BS_2 -> DC_1,4,0.58,1.0,True,True,False,False,0.0,0.9064103781555488,0.0,0.8755774782257082,49.69786462248524,0.22916187997443602,0.9758297316705553,0.1104168930533852,0.5011721542589782,0.12442252177429186,0.20007222818435783,0.4526003068827893,0.3805117153796527,-0.19948828462034723,0.8479041691735881,0.43192336823826444,-0.9774811796450674,0.75,9.064103781555488,0.0,qkd_priority,0.06654811649811655,best_effort_allocated,True,42,nominal
4,F2,SAT_2 -> SAT_1 -> GW_1 -> BS_1,3,0.52,0.94,True,False,False,False,0.0,0.4064103781555488,0.0,0.8704179279974168,49.808861979235274,0.26038949621288726,0.9592204608070964,0.1104168930533852,0.5011721542589782,0.12958207200258323,0.25880534529348165,0.4977438408947213,0.15437661432942865,-0.3656233856705714,1.0880916975311152,0.3824413559030979,-1.2028241043020447,0.6666666666666666,4.064103781555488,0.0,qkd_priority,0.07319648581414781,degraded_unallocated,False,42,nominal
4,F3,UAV_1 -> BS_2 -> DC_1,2,0.48,0.88,True,True,True,True,1.0,0.7568278806313149,0.569207724345,0.8918429571969686,16.791546732291742,0.15673415515673073,0.563685779391701,0.0712914706766678,0.3707247890259173,0.10815704280303134,0.12070812340616312,0.2874041954940708,0.8667779968674247,0.38677799686742476,0.29643357020958344,0.17836055141736146,-0.34994173563479186,0.5,7.568278806313149,0.09791436984498066,qkd_priority,0.6993242919531911,secure_allocated,True,42,nominal
4,F5,UAV_2 -> GW_2 -> BS_3,2,0.46,0.82,True,True,True,True,0.6117958384237776,1.0,0.37957402782604943,0.8627551194602219,21.40445015627187,0.19328032375097698,0.825071785925761,0.07722443007065918,0.3923229818904571,0.13724488053977807,0.11234706208559816,0.39126403552958955,0.7562938374143265,0.2962938374143265,0.42876305374622736,0.19988743406260207,-0.488729283965008,0.5,13.7445950262873,0.04894366707390221,qkd_priority,0.46963178705685527,secure_allocated,True,42,nominal
4,F4,GW_2 -> SAT_2 -> SAT_1 -> GW_1 -> BS_1,4,0.44,0.78,True,True,False,False,0.0,0.4064103781555488,0.0,0.8496511838805304,96.76090202453616,0.31865658597342117,0.9938530084901397,0.1276997019208313,0.5510956898268529,0.15034881611946962,0.348214798060733,0.5861407172057599,0.14980793062371364,-0.2901920693762864,1.131361455521039,0.651550876114502,-1.3268267183553895,0.75,4.064103781555488,0.0,qkd_priority,0.029715046164904266,best_effort_allocated,True,42,nominal
5,F1,SAT_1 -> GW_1 -> UAV_1 -> BS_2 -> DC_1,4,0.58,1.0,True,True,False,False,0.025350087414113223,0.8890843608938483,0.027722148330063638,0.8675203292569715,49.62104857687044,0.234271079949578,0.9772976640674517,0.10792522426012008,0.4936259139927663,0.1324796707430286,0.1948744773715297,0.4647715396150248,0.38488498291652773,-0.19511501708347223,0.8439434815589739,0.4315648933587287,-0.9734129495665925,0.75,8.890843608938484,0.002028006993129058,qkd_priority,0.08373139180360328,best_effort_allocated,True,42,nominal
5,F2,SAT_2 -> UAV_2 -> BS_2 -> BS_1,3,0.52,0.94,True,True,False,False,0.0,0.5006143605566884,0.0,0.8049526143022292,40.80867582449295,0.29749352983171407,0.9284501630891259,0.1217561138525165,0.5343877822277422,0.1950473856977708,0.33901116675276316,0.4320754249675531,0.1823660373970002,-0.3376339626029998,1.0851029965842067,0.3404404871809671,-1.1872351427384968,0.6666666666666666,5.0061436055668835,0.0,qkd_priority,0.06967681906818932,best_effort_allocated,True,42,nominal
5,F3,UAV_1 -> BS_2 -> DC_1,2,0.48,0.88,True,True,True,True,0.9635613692776405,0.7102779654055448,0.5756594132494908,0.8794821943253042,16.6074814523934,0.1680486615461566,0.6054641203467561,0.0753996378106137,0.38575836978658373,0.12051780567469583,0.12300407181671548,0.30765770979011536,0.8230699202867643,0.3430699202867643,0.3489915698556521,0.17750158011116918,-0.40224204388900286,0.5,7.102779654055448,0.07708490954221124,qkd_priority,0.6828145616194311,secure_allocated,True,42,nominal
5,F5,UAV_2 -> BS_2 -> BS_3,2,0.46,0.82,True,True,True,True,1.0,0.9635390201738068,0.5092845060504491,0.8641554647035528,8.357722320297976,0.1704657109942808,0.6619162431181518,0.055352710742965126,0.3087137421902624,0.1358445352964472,0.15955490668374622,0.24587679242302277,0.9537067613129947,0.4937067613129947,0.20018124418199723,0.13900270416139054,-0.24188205543041438,0.5,9.635390201738067,0.11199248245953959,qkd_priority,0.6860940405939365,secure_allocated,True,42,nominal
5,F4,GW_2 -> UAV_2 -> BS_2 -> BS_1,3,0.44,0.78,True,True,True,True,1.0,0.6135390201738067,0.6197556969476216,0.8605757863022002,25.78331766285237,0.19066089472198683,0.8726528635756631,0.0702636675909081,0.3669068372036606,0.13942421369779975,0.16169352301957035,0.31764776660842325,0.7954192320646971,0.3554192320646971,0.3821048798611121,0.27032214909331104,-0.4632015245891054,0.6666666666666666,6.135390201738067,0.08676198271804975,qkd_priority,0.6934769698182388,secure_allocated,True,42,nominal
6,F1,SAT_1 -> GW_1 -> UAV_1 -> BS_2 -> DC_1,4,0.58,1.0,True,True,False,False,0.02505375892715291,0.9292967676887172,0.026252156024887015,0.8749029804699765,50.71326237498995,0.2298766841228412,0.9769534697651202,0.10787051875223513,0.4934591966330262,0.12509701953002353,0.1978540497957044,0.4569072415824772,0.4044417685732516,-0.17555823142674837,0.8223675384402835,0.43666189108328646,-0.9533661057652695,0.75,9.292967676887171,0.0020043007141722327,qkd_priority,0.08357339393144408,best_effort_allocated,True,42,nominal
6,F2,SAT_2 -> UAV_2 -> BS_2 -> BS_1,3,0.52,0.94,True,True,False,False,0.0,0.5037740198885385,0.0,0.8031562937274241,39.28824058922369,0.2970179469394425,0.9275944739544048,0.12059492861931576,0.5310685549287243,0.19684370627257586,0.3492758120747572,0.4146221419774247,0.18339269356987564,-0.3366073064301244,1.0830325212850545,0.3333451227497105,-1.1830360581099677,0.6666666666666666,5.037740198885386,0.0,qkd_priority,0.07047167564665704,best_effort_allocated,True,42,nominal
6,F3,UAV_1 -> BS_2 -> DC_1,2,0.48,0.88,True,True,True,True,1.0,0.7630826873014955,0.5671883725037085,0.8962486737571969,17.471743129767457,0.1566694294407776,0.5869977982112672,0.06969423911728984,0.3647815739283298,0.10375132624280314,0.1182942671090016,0.2979722099952628,0.8705619175122562,0.3905619175122562,0.2911347192181762,0.18153480127224814,-0.34559515959985065,0.5,7.630826873014955,0.09881603919614808,qkd_priority,0.6990041739986694,secure_allocated,True,42,nominal
6,F5,UAV_2 -> BS_2 -> BS_3,2,0.46,0.82,True,True,True,True,1.0,0.9924857980482488,0.5018856350090706,0.8637014065457345,8.168830565893758,0.1652365413466579,0.6611600257345203,0.05141571367098325,0.292380637522348,0.13629859345426554,0.1616540505077128,0.2216238365596983,0.9666329185617736,0.5066329185617735,0.18081868442480947,0.13812120930750418,-0.22225504721706074,0.5,9.924857980482487,0.12836030614530608,qkd_priority,0.6843084383380023,secure_allocated,True,42,nominal
6,F4,GW_2 -> BS_2 -> UAV_1 -> GW_1 -> BS_1,4,0.44,0.78,True,False,False,True,0.47867802507816576,0.26308268730149553,0.6453267436374551,0.8694569816683594,35.100204478637195,0.1860968521733797,0.895949465366007,0.07688216319867233,0.3910968724532897,0.13054301833164061,0.134893172820601,0.3475381683118445,0.3529406590457032,-0.0870593409542968,0.8285771425456402,0.36380095423364023,-0.9377174288157323,0.5,2.6308268730149553,0.03829424200625326,qkd_priority,0.4525852013097462,degraded_unallocated,False,42,nominal
7,F1,SAT_1 -> UAV_1 -> BS_2 -> DC_1,3,0.58,1.0,True,True,True,True,0.3276848292023045,1.0,0.2468091989867679,0.8680761587396241,43.08586905055353,0.2087882233904892,0.8983454160323151,0.09221768163066396,0.4438291488485152,0.1319238412603759,0.17083575527113157,0.3926870729679222,0.6012034109839848,0.021203410983984816,0.6037085767538641,0.35106738890258316,-0.7090287934246391,0.6666666666666666,10.221902745577474,0.026214786336184362,qkd_priority,0.28671178836328515,secure_allocated,True,42,nominal
7,F2,SAT_2 -> SAT_1 -> UAV_1 -> GW_1 -> BS_1,4,0.52,0.94,True,True,False,False,0.1186454328525926,0.5221902745577474,0.1851417320861329,0.8639647047743639,63.508876240854065,0.23975121793319795,0.9799950725438981,0.09221768163066396,0.4438291488485152,0.1360352952256361,0.18960640769958276,0.48661365108714755,0.2703128466702723,-0.24968715332972774,0.9485324886117957,0.49637475579065227,-1.0974449153489914,0.75,5.221902745577474,0.009491634628207408,qkd_priority,0.15481437015275665,best_effort_allocated,True,42,nominal
7,F3,UAV_1 -> BS_2 -> DC_1,2,0.48,0.88,True,True,True,True,1.0,0.7257790324275707,0.5794484584699977,0.8872096052009766,17.096356348810396,0.15600738706213596,0.6096624903317813,0.06847956421197585,0.36022389399852833,0.11279039479902347,0.11614041688385962,0.2816383373496701,0.8517866777366218,0.3717866777366218,0.3084726199409715,0.1797829962944485,-0.36240751882930605,0.5,7.257790324275707,0.09971569784350028,qkd_priority,0.7009761059534787,secure_allocated,True,42,nominal
7,F5,UAV_2 -> BS_2 -> DC_1 -> BS_3,3,0.46,0.82,True,True,True,True,1.0,1.0,0.5,0.8961876826972756,12.822354800840255,0.13336478270086427,0.6671564234674408,0.05371233235910142,0.3019621198265656,0.10381231730272437,0.1273468256988022,0.1937807688199905,0.9771612901934006,0.5171612901934006,0.15834339197862973,0.20983765573725452,-0.2212946886998061,0.3333333333333333,14.113252740144928,0.08944687794046854,qkd_priority,0.6779525040440032,secure_allocated,True,42,nominal
7,F4,GW_2 -> UAV_2 -> BS_2 -> BS_1,3,0.44,0.78,True,True,True,True,1.0,1.0,0.5,0.8448205710616534,24.014209113805407,0.1963913201048957,0.8719530172976002,0.06940442715805405,0.3636971491313239,0.1551794289383466,0.16398984460135255,0.3094544948089359,0.9658605256335637,0.5258605256335638,0.21343985569647034,0.26206630919775853,-0.2920597484557979,0.6666666666666666,10.613252740144928,0.087032282304994,qkd_priority,0.6624131392795842,secure_allocated,True,42,nominal
8,F1,SAT_1 -> UAV_1 -> GW_1 -> BS_1 -> DC_1,4,0.58,1.0,True,True,True,True,0.34466397201140675,0.9916649805503471,0.2579185097731236,0.8672527765483405,45.10327559798143,0.1987881646343837,0.9483213687555413,0.0860146481806345,0.4230254364210334,0.13274722345165949,0.1576567936245593,0.3670195039750766,0.6066100366945648,0.026610036694564854,0.5886009964961663,0.41048195279058,-0.7117455823333403,0.5,9.916649805503472,0.027573117760912542,qkd_priority,0.28809403841207804,secure_allocated,True,42,nominal
8,F2,SAT_2 -> SAT_1 -> UAV_1 -> GW_1 -> BS_1,4,0.52,0.94,True,True,False,True,0.3294959580171101,0.49166498055034713,0.401256248978339,0.8574199553427511,63.15999897303413,0.23511945428715741,0.9805173166118119,0.08911793507917537,0.43351872637155575,0.14258004465724888,0.18361986582030315,0.46348989778121796,0.37110440833247205,-0.14889559166752797,0.8430790276896377,0.49474666187415917,-0.9915030262518855,0.75,4.9166498055034715,0.02635967664136881,qkd_priority,0.3029882373725731,best_effort_allocated,True,42,nominal
8,F3,UAV_1 -> GW_1 -> BS_1 -> DC_1,3,0.48,0.88,True,True,False,True,0.24333591901710516,0.5638991456947859,0.30144369298917134,0.8872657318551359,19.878633851096044,0.16298320715698275,0.803314370820305,0.0791152692385802,0.3990540889300334,0.11273426814486413,0.1256628916311436,0.29821567600980325,0.3627878320301914,-0.1172121679698086,0.8103181334229592,0.24276695797178152,-0.8831482208144936,0.3333333333333333,5.63899145694786,0.019466873521368413,qkd_priority,0.28153690288749333,best_effort_allocated,True,42,nominal
8,F5,UAV_2 -> BS_2 -> BS_3,2,0.46,0.82,True,True,True,True,1.0,1.0,0.5,0.8481436377046927,7.59784180606443,0.1728338643673843,0.6485487308384579,0.05239782791878816,0.29649673308175667,0.1518563622953073,0.1614783044579698,0.22422003998842038,0.9665916002950324,0.5065916002950324,0.18530782194072964,0.13545659509496732,-0.22594480046921983,0.5,15.023551993467889,0.13873242711846456,qkd_priority,0.6819030563914588,secure_allocated,True,42,nominal
8,F4,GW_2 -> UAV_2 -> BS_2 -> BS_1,3,0.44,0.78,True,True,True,True,1.0,1.0,0.5,0.8515439940321633,23.441666030154547,0.1923692396160997,0.8751225625663581,0.06639941930670014,0.352341000449116,0.1484560059678367,0.16566285881299794,0.30346071714669526,0.9673396786870759,0.5273396786870759,0.20731172925244792,0.25939444147405455,-0.28513006169466426,0.6666666666666666,11.523551993467889,0.09409990782679026,qkd_priority,0.6638224328837162,secure_allocated,True,42,nominal
9,F1,SAT_1 -> GW_1 -> UAV_1 -> BS_2 -> DC_1,4,0.58,1.0,True,True,False,False,0.01231006989095567,0.9756503535220657,0.01246008402687745,0.8561857275510136,49.242870790557504,0.235788504450312,0.9751674844578091,0.10905419382781623,0.4970565134393004,0.14381427244898645,0.17881992177697525,0.469704421260702,0.4141740575861782,-0.16582594241382176,0.8161948977762874,0.4298000636892683,-0.9451349168830678,0.75,9.756503535220657,0.0009848055912764536,qkd_priority,0.07261240203691119,best_effort_allocated,True,42,nominal
9,F2,SAT_2 -> SAT_1 -> GW_1 -> BS_1,3,0.52,0.94,True,True,False,False,0.0,0.47565035352206575,0.0,0.8535157061376695,49.90592318546924,0.26105521687765226,0.959837583549251,0.10905419382781623,0.4970565134393004,0.1464842938623306,0.23147005395469986,0.5027850738127742,0.18181611443521684,-0.3381838855647832,1.0599228615195517,0.38289430819885645,-1.1747911539792086,0.6666666666666666,4.7565035352206575,0.0,qkd_priority,0.07059320969082196,best_effort_allocated,True,42,nominal
9,F3,UAV_1 -> BS_2 -> DC_1,2,0.48,0.88,True,True,True,True,1.0,0.7060828964196361,0.5861379901871048,0.8829445726342484,17.128757262962026,0.16093951442366758,0.5947924926334485,0.07278864675621621,0.3762452022278536,0.11705542736575164,0.12092431225330616,0.28794911373235,0.8419851093683709,0.3619851093683709,0.3244989726792429,0.17993420056048942,-0.3784792328473897,0.5,7.060828964196361,0.08529220472288339,qkd_priority,0.7019860533578401,secure_allocated,True,42,nominal
9,F5,UAV_2 -> BS_2 -> BS_3,2,0.46,0.82,True,True,True,True,1.0,1.0,0.5,0.8581484651141534,7.379575489713197,0.16927307394445967,0.6432506707693687,0.05958409034973677,0.3257916960458532,0.14185153488584656,0.14587383420009187,0.2467109319432046,0.9687926623251137,0.5087926623251138,0.18882814496135641,0.13443801895199492,-0.2291595506469549,0.5,15.07369859093751,0.12495826366389207,qkd_priority,0.6835565669243236,secure_allocated,True,42,nominal
9,F4,GW_2 -> UAV_2 -> BS_2 -> BS_1,3,0.44,0.78,True,True,True,True,1.0,1.0,0.5,0.8521814340264368,22.861278024726204,0.18809451056094,0.8725711958365511,0.06031585854608593,0.3286974856527508,0.14781856597356322,0.15223332378973617,0.3036246349436628,0.9674799154858161,0.5274799154858161,0.19933698567979458,0.2566859641153889,-0.2763427749144112,0.6666666666666666,11.57369859093751,0.11386269463935786,qkd_priority,0.664324320486657,secure_allocated,True,42,nominal
10,F1,SAT_1 -> GW_1 -> UAV_1 -> BS_2 -> DC_1,4,0.58,1.0,True,True,False,False,0.0,0.9596811435038888,0.0,0.835980032904745,50.01629615447861,0.2412187453565578,0.9734774761977312,0.11389412789512561,0.5115512251385282,0.1640199670952551,0.17046440466413654,0.4650817550578081,0.3957721218157938,-0.18422787818420616,0.8406641198792892,0.4334093820542335,-0.9706869344955593,0.75,9.596811435038887,0.0,qkd_priority,0.06038559762757671,best_effort_allocated,True,42,nominal
10,F2,SAT_2 -> SAT_1 -> GW_1 -> BS_1,3,0.52,0.94,True,True,False,False,0.0,0.4596811435038887,0.0,0.859677395897655,50.12945766849741,0.2550716941984895,0.9573906747856186,0.11389412789512561,0.5115512251385282,0.14032260410234496,0.20603931151845722,0.5204589155875886,0.17598554167423403,-0.344014458325766,1.0666845269997183,0.38393746911965454,-1.1818657677356146,0.6666666666666666,4.596811435038887,0.0,qkd_priority,0.07136098901670007,best_effort_allocated,True,42,nominal
10,F3,UAV_1 -> BS_2 -> DC_1,2,0.48,0.88,True,True,True,True,1.0,0.7155940695876527,0.5828884686226226,0.865476192128339,17.464093703755385,0.16590394866686015,0.5985691251930809,0.07181764404122142,0.3726704228052792,0.13452380787166096,0.11291301809442988,0.285977318785135,0.8424220935826783,0.3624220935826783,0.3254022890187286,0.18149910395085844,-0.3798520202039861,0.5,7.155940695876527,0.09017917992466151,qkd_priority,0.6983186803822778,secure_allocated,True,42,nominal
10,F5,UAV_2 -> BS_2 -> BS_3,2,0.46,0.82,True,True,True,True,1.0,1.0,0.5,0.8487033895691547,7.551710014687952,0.17549620706218885,0.6225004733068591,0.05979613313979123,0.32663511176166743,0.15129661043084525,0.14021856023070206,0.2613886571963915,0.966714745705214,0.5067147457052139,0.19391732541318785,0.13524131340187712,-0.23448971943375096,0.5,15.384263317823997,0.12920902530922398,qkd_priority,0.6820193114250915,secure_allocated,True,42,nominal
10,F4,GW_2 -> UAV_2 -> BS_2 -> BS_1,3,0.44,0.78,True,True,True,True,1.0,1.0,0.5,0.8302041441392757,21.22810013854663,0.1942841721799491,0.8749327584902629,0.05979613313979123,0.32663511176166743,0.1697958558607244,0.14745558436061548,0.29455744693775393,0.9626449117106406,0.5226449117106406,0.20644174371075336,0.2490644673132176,-0.2811610839047186,0.6666666666666666,11.884263317823997,0.12362784755070245,qkd_priority,0.6621709515239087,secure_allocated,True,42,nominal
11,F1,SAT_1 -> UAV_1 -> BS_2 -> DC_1,3,0.58,1.0,True,True,False,True,0.2601483884838025,0.9960493497374905,0.20709190963212395,0.8432899396794343,41.865693871622554,0.21275593519078584,0.8803445653222308,0.09689516400815244,0.4590755097714643,0.15671006032056564,0.15391107597994869,0.3842523410101868,0.5568276077774377,-0.023172392222562288,0.6536814405012821,0.3453732380675719,-0.7572934119215536,0.6666666666666666,9.960493497374905,0.020811871078704202,qkd_priority,0.24352725746752152,best_effort_allocated,True,42,nominal
11,F2,SAT_2 -> SAT_1 -> UAV_1 -> BS_2 -> BS_1,4,0.52,0.94,True,True,False,False,0.042666937044277875,0.49604934973749054,0.07920112699611412,0.845519714776698,62.479900263230675,0.23180556522915358,0.9651689098769657,0.09689516400815244,0.4590755097714643,0.15448028522330198,0.16302779162809422,0.45352439756095764,0.2127033600070971,-0.3072966399929029,1.0063780217888882,0.4915728678950765,-1.1538498821574112,0.75,4.960493497374905,0.00341335496354223,qkd_priority,0.09209243045119678,best_effort_allocated,True,42,nominal
11,F3,UAV_1 -> GW_1 -> BS_1 -> DC_1,3,0.48,0.88,True,True,True,True,0.36817868250987046,1.0,0.26910131492069517,0.8590494381314292,19.576798599575557,0.18144151990596338,0.8000637193887425,0.08492284597644942,0.41929193873488074,0.14095056186857072,0.11185296994722216,0.33783150432375963,0.6214891517693432,0.14148915176934318,0.5649825168720606,0.2413583934646859,-0.6373900349114664,0.3333333333333333,14.478446121723385,0.02945429460078964,qkd_priority,0.32560939255962695,secure_allocated,True,42,nominal
11,F5,UAV_2 -> BS_2 -> BS_3,2,0.46,0.82,True,True,True,True,1.0,1.0,0.5,0.8345641538548613,7.693507595521931,0.17600252145315848,0.6108394365110599,0.05339783837859711,0.300659037565319,0.16543584614513873,0.13201507646934485,0.2478074709881703,0.9636041138480694,0.5036041138480694,0.19076178019718162,0.13590303544576898,-0.23153269083091232,0.5,16.241943637783532,0.15361494644064858,qkd_priority,0.6797991677613638,secure_allocated,True,42,nominal
11,F4,GW_2 -> UAV_2 -> BS_2 -> BS_1,3,0.44,0.78,True,True,True,True,1.0,1.0,0.5,0.8355583893351198,22.527452257799276,0.19045261348431503,0.8771511282933273,0.05883771996582466,0.3228137184900939,0.16444161066488014,0.14193976336211966,0.29548783870593226,0.9638228456537263,0.5238228456537264,0.2025842600367389,0.2551281105363966,-0.27912269319765787,0.6666666666666666,12.741943637783532,0.11253031946335085,qkd_priority,0.6620645418198084,secure_allocated,True,42,nominal
12,F1,SAT_1 -> UAV_1 -> BS_2 -> DC_1,3,0.58,1.0,True,True,True,True,0.3307637784711208,0.9666588602728844,0.25493911435931393,0.8386234746408228,42.23272726788662,0.21066807403287452,0.8795382005400906,0.09423301441534274,0.4504434260575908,0.16137652535917724,0.1405374295859294,0.38354963498186373,0.5814137297028954,0.0014137297028954388,0.6259977601262958,0.34708606058347086,-0.7301235783013371,0.6666666666666666,9.666588602728844,0.026461102277689667,qkd_priority,0.2863090910104356,secure_allocated,True,42,nominal
12,F2,SAT_2 -> SAT_1 -> UAV_1 -> BS_2 -> BS_1,4,0.52,0.94,True,True,False,False,0.12210925078001096,0.4666588602728844,0.20739786766243623,0.8391094703262054,61.524310072251744,0.22986722279474134,0.9619385957692872,0.09423301441534274,0.4504434260575908,0.16089052967379472,0.15154235774584213,0.44801510847112436,0.24176065852356915,-0.27823934147643087,0.9742904482484621,0.4871134470038414,-1.1204244823496146,0.75,4.666588602728844,0.009768740062400878,qkd_priority,0.15959803326496858,best_effort_allocated,True,42,nominal
12,F3,UAV_1 -> GW_1 -> BS_1 -> DC_1,3,0.48,0.88,True,True,True,True,0.23826508166061147,1.0,0.19241847742413856,0.8592940788716792,19.56252490392199,0.18392440671766547,0.810017742251559,0.0927111251586294,0.44545503834104694,0.14070592112832084,0.10963611134588501,0.35086363522462233,0.5500904922651058,0.07009049226510577,0.6440392503431054,0.24129178288496927,-0.7164267852085962,0.3333333333333333,14.283505070997743,0.01906120653284892,qkd_priority,0.24802425050131627,secure_allocated,True,42,nominal
12,F5,UAV_2 -> BS_2 -> BS_3,2,0.46,0.82,True,True,True,True,1.0,1.0,0.5,0.8303240858699139,7.563699710003018,0.18156837050710584,0.5780884478235078,0.06010549870580538,0.3278635673243395,0.16967591413008604,0.13387829981814658,0.26020287681249255,0.962671298891381,0.5026712988913811,0.20100035966790147,0.1352972653133474,-0.24158953926190568,0.5,15.892271279717816,0.1375080204113237,qkd_priority,0.6792540230834849,secure_allocated,True,42,nominal
12,F4,GW_2 -> UAV_2 -> BS_2 -> BS_1,3,0.44,0.78,True,True,True,True,1.0,1.0,0.5,0.8309368696119058,22.939926574621843,0.19198905128197336,0.8708291973894446,0.06010549870580538,0.3278635673243395,0.1690631303880941,0.14039878905478345,0.295164023563584,0.9628061113146192,0.5228061113146192,0.20555485359335365,0.2570529906815686,-0.2826707507978242,0.6666666666666666,12.392271279717816,0.11232253539978679,qkd_priority,0.6610825818395506,secure_allocated,True,42,nominal
13,F1,SAT_1 -> UAV_1 -> GW_1 -> BS_1 -> DC_1,4,0.58,1.0,True,True,False,True,0.2506570552317647,0.9948904433989579,0.2012424700842974,0.8362603579397168,43.71894658975618,0.21179333909948223,0.9365460723908312,0.09495747766901398,0.45280425386510315,0.1637396420602832,0.13347993390661522,0.39226608000148083,0.5495393586537393,-0.030460641346260697,0.6589687074073035,0.4040217507521955,-0.7801752326329622,0.5,9.94890443398958,0.020052564418541176,qkd_priority,0.22794208345349665,best_effort_allocated,True,42,nominal
13,F2,SAT_2 -> SAT_1 -> UAV_1 -> GW_1 -> BS_1,4,0.52,0.94,True,True,False,False,0.18848558284764705,0.49489044339895794,0.27581532803088066,0.8198169468766447,60.236131839629394,0.24983403167486562,0.9726208059481953,0.09495747766901398,0.45280425386510315,0.18018305312335528,0.152879584806413,0.4915511293097275,0.2867274984085988,-0.23327250159140123,0.9388988793113665,0.48110194858493716,-1.0832294638868476,0.75,4.948904433989579,0.015078846627811764,qkd_priority,0.2045795940329175,best_effort_allocated,True,42,nominal
13,F3,UAV_1 -> GW_1 -> BS_1 -> DC_1,3,0.48,0.88,True,False,False,True,0.20404344505675032,0.49308492762052686,0.29269135076676683,0.8537382693252001,19.781947263075573,0.17535399508740968,0.7879166553699155,0.0840483739685419,0.41628566889049046,0.14626173067479994,0.10511670181273132,0.31200482295972115,0.3019345314619938,-0.1780654685380062,0.8810461835499631,0.24231575389435267,-0.953740909718269,0.3333333333333333,4.930849276205269,0.016323475604540026,qkd_priority,0.2567057652818565,degraded_unallocated,False,42,nominal
13,F5,UAV_2 -> GW_2 -> BS_3,2,0.46,0.82,True,True,True,True,0.9896904054626899,1.0,0.4974092465569002,0.8101866002028066,20.43150148212384,0.20553858550312104,0.7882935529026328,0.06160957899250774,0.33380148481233607,0.1898133997971933,0.0915793257892562,0.3705950314304287,0.9525707750490968,0.4925707750490968,0.22337195963039166,0.19534700691657791,-0.28197606170536504,0.5,12.876153919998066,0.0791752324370152,qkd_priority,0.6619389330903698,secure_allocated,True,42,nominal
13,F4,GW_2 -> SAT_2 -> SAT_1 -> GW_1 -> BS_1,4,0.44,0.78,True,False,False,False,0.0,0.2789323232388856,0.0,0.8108697106141727,93.14372723441367,0.30689706437038755,0.9915417470686527,0.11938131787121616,0.5275798640601242,0.18913028938582735,0.2554540282202474,0.5806089027227642,0.08391088179261652,-0.3560891182073835,1.186087763189089,0.6346707270939305,-1.376488981317268,0.75,2.789323232388856,0.0,qkd_priority,0.02642984752803633,degraded_unallocated,False,42,nominal
14,F1,SAT_1 -> UAV_1 -> BS_2 -> DC_1,3,0.58,1.0,True,True,True,True,0.3208481593619401,0.9996407499690406,0.2429767922280364,0.8331853326546753,41.0052574631276,0.2158419280334527,0.8639363053732575,0.09630132148306193,0.4571601888125344,0.1668146673453246,0.1311396356988304,0.40573374807363005,0.5896055983191639,0.009605598319163966,0.6218133164990234,0.3413578681612621,-0.724220676947402,0.6666666666666666,9.996407499690406,0.02566785274895521,qkd_priority,0.27889998944389416,secure_allocated,True,42,nominal
14,F2,SAT_2 -> SAT_1 -> UAV_1 -> BS_2 -> BS_1,4,0.52,0.94,True,True,False,False,0.11095417928218262,0.4996407499690406,0.1817148717861881,0.8217050252050608,60.17611411854155,0.23850767146308788,0.9547294068899042,0.09630132148306193,0.4571601888125344,0.1782949747949392,0.1408196736420933,0.46411612285094905,0.24663824163638212,-0.27336175836361787,0.974980257725141,0.4808218658865272,-1.119226817491099,0.75,4.996407499690406,0.00887633434257461,qkd_priority,0.14649057252130926,best_effort_allocated,True,42,nominal
14,F3,UAV_1 -> GW_1 -> BS_1 -> DC_1,3,0.48,0.88,True,True,True,True,0.2009876310004293,1.0,0.16735195751600332,0.8452667652379117,19.234671719943023,0.19193334702832124,0.7970900558559468,0.09579435775680961,0.4555204536711491,0.15473323476208842,0.10461429798636052,0.36367640795789313,0.5265018854025766,0.046501885402576604,0.6737482341779553,0.2397618013597341,-0.7456767745858754,0.3333333333333333,13.854651627077025,0.016079010480034343,qkd_priority,0.22310816791092067,secure_allocated,True,42,nominal
14,F5,UAV_2 -> BS_2 -> BS_3,2,0.46,0.82,True,True,True,True,1.0,1.0,0.5,0.8088404056916407,7.4962874078817965,0.19350967205255531,0.5371437378504127,0.06336494298166871,0.3406601334168833,0.19115959430835933,0.1343249610219688,0.26876146522881195,0.9579448892521609,0.4979448892521609,0.2142994965257098,0.13498267457011504,-0.2547942988967443,0.5,17.155641241815072,0.13895307082563343,qkd_priority,0.6760786596682288,secure_allocated,True,42,nominal
14,F4,GW_2 -> BS_2 -> UAV_1 -> GW_1 -> BS_1,4,0.44,0.78,True,False,False,True,0.248981446500644,0.2658010059097391,0.48366342973586185,0.8187092683237278,34.47400647425254,0.21284896374827947,0.8876277116325848,0.09579435775680961,0.4555204536711491,0.18129073167627224,0.11117980472152345,0.3916567723099997,0.21666628726595694,-0.22333371273404307,0.9929958598385561,0.3608786968798452,-1.1012594689025097,0.5,2.658010059097391,0.01991851572005152,qkd_priority,0.30163209407583763,degraded_unallocated,False,42,nominal
15,F1,SAT_1 -> UAV_1 -> BS_2 -> DC_1,3,0.58,1.0,True,True,True,True,0.43452944769640806,1.0,0.30290730412971506,0.8288705132956197,40.6282412042021,0.2188083027285028,0.8592807266807976,0.09232390467848334,0.4441795060366461,0.17112948670438036,0.13039653627201522,0.4107242913197082,0.6513427091580607,0.07134270915806074,0.558165903578927,0.3395984589529431,-0.66004544126481,0.6666666666666666,10.403605981733751,0.034762355815712645,qkd_priority,0.34465588564721383,secure_allocated,True,42,nominal
15,F2,SAT_2 -> SAT_1 -> UAV_1 -> BS_2 -> BS_1,4,0.52,0.94,True,True,False,True,0.23884562865845918,0.5403605981733751,0.3065242812927444,0.8209258310410856,58.74142946911877,0.23697498383057625,0.9520517312780866,0.09232390467848334,0.4441795060366461,0.17907416895891443,0.136437727528628,0.46184115816190546,0.3351310477692102,-0.1848689522307898,0.8825525714637106,0.47412667085588756,-1.024790572720477,0.75,5.403605981733751,0.019107650292676734,qkd_priority,0.23613147724727246,best_effort_allocated,True,42,nominal
15,F3,UAV_1 -> GW_1 -> BS_1 -> DC_1,3,0.48,0.88,True,True,True,True,0.32937963510144486,1.0,0.2477694304955333,0.8363911430818792,19.93246935430579,0.1898292671162659,0.7867669375035059,0.08729814579998588,0.4273864951591311,0.16360885691812077,0.1110821117357287,0.33152259192957184,0.5951648507838081,0.11516485078380811,0.5971049432082943,0.2430181903200937,-0.6700104003043225,0.3333333333333333,12.516554619070645,0.02635037080811559,qkd_priority,0.29916913633380127,secure_allocated,True,42,nominal
15,F5,UAV_2 -> BS_2 -> BS_3,2,0.46,0.82,True,True,True,True,1.0,1.0,0.5,0.8013671421601261,7.904004076882765,0.2053683245080713,0.5513870668694993,0.06409170032778831,0.3434777196322204,0.1986328578398739,0.13477841800884394,0.3022000523098995,0.9563007712752277,0.4963007712752277,0.22198440466145947,0.13688535235878624,-0.26305001036909537,0.5,17.152422337075105,0.13558148379914772,qkd_priority,0.6746722684702009,secure_allocated,True,42,nominal
15,F4,GW_2 -> UAV_2 -> BS_2 -> BS_1,3,0.44,0.78,True,True,True,True,1.0,1.0,0.5,0.8041527620471349,25.38018784672158,0.2138731195093363,0.8635975415692108,0.06525206057262183,0.3479500744897988,0.19584723795286504,0.14076172220229155,0.33405338307943827,0.9569136076503697,0.5169136076503698,0.22631681475128132,0.268440876618034,-0.3068490777366915,0.6666666666666666,12.423845795318604,0.09912704339171936,qkd_priority,0.6553567828143652,secure_allocated,True,42,nominal
16,F1,SAT_1 -> UAV_1 -> BS_2 -> DC_1,3,0.58,1.0,True,True,False,True,0.2595719043360301,1.0,0.20607946512816247,0.8269979354621696,39.222352890914884,0.22504373721152937,0.8574705228918567,0.09899582582992521,0.4658043305880938,0.17300206453783032,0.1282053288340412,0.43492483807717347,0.5547040931864938,-0.02529590681350613,0.6630166712057178,0.3330376468242694,-0.7629279652529987,0.6666666666666666,10.701174043648523,0.02076575234688241,qkd_priority,0.2424212665289392,best_effort_allocated,True,42,nominal
16,F2,SAT_2 -> SAT_1 -> UAV_1 -> BS_2 -> BS_1,4,0.52,0.94,True,True,False,False,0.04201839237803394,0.5701174043648523,0.06864227284470151,0.8244956981186408,56.377658720999946,0.24408482996298303,0.9502822607820448,0.09899582582992521,0.4658043305880938,0.17550430188135924,0.14045421149546508,0.49188652267092736,0.24105200135820312,-0.27894799864179687,0.9852372547721626,0.46309574069799975,-1.1241659769815626,0.75,5.701174043648523,0.0033614713902427153,qkd_priority,0.09027883839438682,best_effort_allocated,True,42,nominal
16,F3,UAV_1 -> GW_1 -> BS_1 -> DC_1,3,0.48,0.88,True,True,True,True,0.3828234396845876,1.0,0.2768418792292868,0.8489020913004445,20.992751982311795,0.18241014733650018,0.7896840804006033,0.08351859465080544,0.4144574252775101,0.1510979086995555,0.10647951988186677,0.3298889298285607,0.6273113519126209,0.1473113519126209,0.5583875707081818,0.247966175917455,-0.6327774234834183,0.3333333333333333,12.550515995971596,0.030625875174767007,qkd_priority,0.33162140497283454,secure_allocated,True,42,nominal
16,F5,UAV_2 -> BS_2 -> BS_3,2,0.46,0.82,True,True,True,True,1.0,1.0,0.5,0.7894157867320529,8.138270066377917,0.20890467326443105,0.5288770082829772,0.06547767769003715,0.3488159516121858,0.21058421326794707,0.1317820696595239,0.29842862558399075,0.9536714730810516,0.4936714730810516,0.22753961779098883,0.13797859364309695,-0.2689331958839179,0.5,17.008569276018022,0.13264374712579802,qkd_priority,0.6727155789633433,secure_allocated,True,42,nominal
16,F4,GW_2 -> UAV_2 -> BS_2 -> BS_1,3,0.44,0.78,True,True,True,True,1.0,1.0,0.5,0.8108996209689602,25.02159207891156,0.20732112889823173,0.8641883398510681,0.06671626202222154,0.3535481336335648,0.18910037903103985,0.12872203632521348,0.334437389746799,0.9583979166131712,0.5183979166131711,0.22328362479942432,0.2667674297015873,-0.3033138537099005,0.6666666666666666,11.937124392469528,0.09337859671855986,qkd_priority,0.6566198286901059,secure_allocated,True,42,nominal
17,F1,SAT_1 -> UAV_1 -> BS_2 -> DC_1,3,0.58,1.0,True,True,False,False,0.14645714142321953,1.0,0.12774759398454846,0.826909697099859,42.58798790860231,0.22499001600102897,0.8484249690058684,0.10400468007940335,0.4815630842521016,0.17309030290014105,0.1304560882488265,0.43185021288527015,0.4924715611447397,-0.08752843885526024,0.7291647171187488,0.34874394357347743,-0.833787900190792,0.6666666666666666,10.715841279983941,0.011716571313857562,qkd_priority,0.16956747516554313,best_effort_allocated,True,42,nominal
17,F2,SAT_2 -> UAV_2 -> BS_2 -> BS_1,3,0.52,0.94,True,True,False,False,0.0,0.6049430637588642,0.0,0.7313601348451989,40.99918675169411,0.3187637076817796,0.8956058175195843,0.13252406984798806,0.564320044060262,0.26863986515480104,0.2525625829908356,0.48842797385947373,0.2131236083574326,-0.3068763916425674,1.0714000711144338,0.34132953817457246,-1.1737989325668055,0.6666666666666666,6.049430637588642,0.0,qkd_priority,0.058504589500593965,best_effort_allocated,True,42,nominal
17,F3,UAV_1 -> BS_2 -> DC_1,2,0.48,0.88,True,True,True,True,1.0,0.7569697803795403,0.5691617529039004,0.8540794791695154,17.55202682372319,0.16928088277356038,0.536206927508605,0.06929941756504533,0.3633037592455283,0.1459205208304845,0.09447795100234047,0.3010930523965608,0.8585338865880866,0.3785338865880866,0.30846845047139765,0.1819094585107082,-0.3630412880246101,0.5,7.569697803795403,0.13657572919583388,qkd_priority,0.6931159413247961,secure_allocated,True,42,nominal
17,F5,UAV_2 -> BS_2 -> BS_3,2,0.46,0.82,True,True,True,True,1.0,1.0,0.5,0.784516746749959,8.1202622136623,0.20666477596248595,0.5254490534063928,0.061699302693040387,0.3341539053965147,0.21548325325004097,0.12907034564520176,0.2839048332256279,0.9525936842849909,0.4925936842849909,0.22394394124725642,0.13789455699709072,-0.26531230834638364,0.5,11.636505113910705,0.13862193043398197,qkd_priority,0.6719933284629303,secure_allocated,True,42,nominal
17,F4,GW_2 -> UAV_2 -> BS_2 -> BS_1,3,0.44,0.78,True,True,True,True,1.0,0.8136505113910705,0.55137414497405,0.7951769012136625,25.949591402795665,0.21647967090109466,0.8622679656777456,0.0670870340820856,0.35495777835547915,0.20482309878633745,0.12852063913736358,0.343012338824135,0.8710816483929874,0.4310816483929874,0.31507364810137495,0.27109809321304645,-0.3964030760652889,0.6666666666666666,8.136505113910705,0.09244157796636243,qkd_priority,0.666455357443605,secure_allocated,True,42,nominal
18,F1,SAT_1 -> UAV_1 -> BS_2 -> DC_1,3,0.58,1.0,True,True,False,True,0.263353448402162,1.0,0.20845587490598197,0.8340136421169794,43.33642306942332,0.22485497057753806,0.8504777936010416,0.09934400698262072,0.46691268913870465,0.16598635788302063,0.14103025773469882,0.4314081288390765,0.5583273978869245,-0.021672602113075423,0.6595855111576437,0.3522366409906421,-0.7652565034548364,0.6666666666666666,10.654562186069382,0.02106827587217296,qkd_priority,0.242889570676419,best_effort_allocated,True,42,nominal
18,F2,SAT_2 -> SAT_1 -> UAV_1 -> GW_1 -> BS_1,4,0.52,0.94,True,True,False,False,0.046272629452432275,0.5654562186069383,0.07564238567336838,0.8239564480540393,63.78125550705653,0.25103352802410667,0.9671546309853063,0.09934400698262072,0.46691268913870465,0.1760435519459606,0.15126433677338097,0.5057385144656403,0.24117566314384864,-0.2788243368561514,0.9885175967516755,0.49764585903293046,-1.1378113544615547,0.75,5.654562186069382,0.0037018103561945823,qkd_priority,0.08867986802510294,best_effort_allocated,True,42,nominal
18,F3,UAV_1 -> BS_2 -> DC_1,2,0.48,0.88,True,True,True,True,1.0,0.7389223254847627,0.5750688143711238,0.856838175487683,18.28608125004512,0.17403413279613594,0.5461657386341077,0.07170708454963083,0.37226210504289003,0.14316182451231702,0.10206645312152297,0.3159655033165456,0.8510194450754336,0.3710194450754336,0.3203614409435501,0.18533504583354388,-0.37596195469361327,0.5,7.389223254847627,0.12331123973197453,qkd_priority,0.6944926730409019,secure_allocated,True,42,nominal
18,F5,UAV_2 -> BS_2 -> BS_3,2,0.46,0.82,True,True,True,True,1.0,1.0,0.5,0.7895817489388964,8.813223423333321,0.20886448901503313,0.5154232767184805,0.0644224386559667,0.34475575429333283,0.21041825106110357,0.14298158451585097,0.28512720273112485,0.9537079847665573,0.49370798476655725,0.22646997386354084,0.1411283759755555,-0.2688084866562075,0.5,15.580905262405436,0.13593909760928713,qkd_priority,0.6722680059445012,secure_allocated,True,42,nominal
18,F4,GW_2 -> UAV_2 -> BS_2 -> BS_1,3,0.44,0.78,True,True,True,True,1.0,1.0,0.5,0.7972278058675494,26.528711078896347,0.22259586291821926,0.8630702988492864,0.07164682280865409,0.3720394351530737,0.2027721941324506,0.13732876100430555,0.3605989890292993,0.9553901172908609,0.5153901172908608,0.23778787981060623,0.2738006517015163,-0.3199280753210611,0.6666666666666666,12.080905262405436,0.08175273905267001,qkd_priority,0.653514073124905,secure_allocated,True,42,nominal
19,F1,SAT_1 -> UAV_1 -> BS_2 -> DC_1,3,0.58,1.0,True,True,False,False,0.06680060999441452,1.0,0.06261770884698338,0.8318811872274908,45.205220707191906,0.2310732385456824,0.8518735821789116,0.10710199288292115,0.4911123298043327,0.16811881277250929,0.1397447936172366,0.453985338851529,0.44975419668697597,-0.130245803313024,0.7770068431096642,0.36095769663356225,-0.8852941520997328,0.6666666666666666,10.527717168670076,0.005344048799553162,qkd_priority,0.11635322529832165,best_effort_allocated,True,42,nominal
19,F2,SAT_2 -> SAT_1 -> GW_1 -> BS_1,3,0.52,0.94,True,True,False,False,0.0,0.7365218360813522,0.0,0.8247687260543423,54.43815841073183,0.2685422478783316,0.9331891725536328,0.11220895429214603,0.5065430867731611,0.17523127394565774,0.19465232017091186,0.5251699142060481,0.29288394596856376,-0.22711605403143625,0.9545958372699758,0.4040447392500819,-1.0758092590450004,0.6666666666666666,7.365218360813523,0.0,qkd_priority,0.06310859802063905,best_effort_allocated,True,42,nominal
19,F3,UAV_1 -> BS_2 -> DC_1,2,0.48,0.88,True,True,True,True,1.0,0.7958289119994865,0.5568459185160318,0.8580975254705272,18.993696464453286,0.17535232793421257,0.5282449098814965,0.07466349160977763,0.3830906934930965,0.1419024745294728,0.10167791020798025,0.32397136533422294,0.8769044660032849,0.3969044660032849,0.2977767549403849,0.18863725016744864,-0.3543679299906195,0.5,7.958289119994864,0.11483159983004271,qkd_priority,0.6896305209244697,secure_allocated,True,42,nominal
19,F5,UAV_2 -> BS_2 -> BS_3,2,0.46,0.82,True,True,True,True,1.0,1.0,0.5,0.7786897029144072,8.74596693438396,0.2159825148433756,0.5120122420385916,0.059717537864871356,0.32632262808073975,0.2213102970855928,0.1456993440690848,0.2907323117365336,0.9513117346411696,0.49131173464116956,0.2274610540585344,0.14081451236045847,-0.26970540776667196,0.5,15.686290965295457,0.15131950449624051,qkd_priority,0.6706812785830922,secure_allocated,True,42,nominal
19,F4,GW_2 -> UAV_2 -> BS_2 -> BS_1,3,0.44,0.78,True,True,True,True,0.9761993806944601,1.0,0.49397818369491237,0.7945511060096906,26.874075810601838,0.2255946222917669,0.8585708888409627,0.07345258791643111,0.37867790679221874,0.2054488939903094,0.14239851013019839,0.36169226782827263,0.941710902704085,0.5017109027040849,0.25447615402526486,0.2754123537828086,-0.3370998601601074,0.6666666666666666,12.186290965295457,0.07809595045555681,qkd_priority,0.6406550800702674,secure_allocated,True,42,nominal
20,F1,SAT_1 -> UAV_1 -> BS_2 -> DC_1,3,0.58,1.0,True,True,False,False,0.11091240740329607,1.0,0.0998390212082953,0.82976021020528,47.081972002718864,0.24016844979937496,0.8558218234243604,0.10516306395257055,0.48515164766326757,0.17023978979472001,0.1479382750637672,0.47671624749048314,0.4735490703169744,-0.10645092968302555,0.7558146440085611,0.36971586934602135,-0.8667294048123675,0.6666666666666666,11.05029619332702,0.008872992592263686,qkd_priority,0.14387698976244584,best_effort_allocated,True,42,nominal
20,F2,SAT_2 -> SAT_1 -> GW_1 -> BS_1,3,0.52,0.94,True,True,False,False,0.0,0.7448379878631964,0.0,0.8380877370779926,52.7779901482106,0.26361293275541864,0.9379560675745904,0.11774323138200442,0.5228388733856542,0.16191226292200753,0.19916981763898675,0.524005876595277,0.29955639669559675,-0.22044360330440327,0.9497791413907551,0.39629728735831615,-1.06866832759825,0.6666666666666666,7.448379878631965,0.0,qkd_priority,0.06626856745795145,best_effort_allocated,True,42,nominal
20,F3,UAV_1 -> BS_2 -> DC_1,2,0.48,0.88,True,True,True,True,0.9336925747782545,0.8051354530601115,0.536966600394048,0.8560179179478262,20.206107632374263,0.18797930121348727,0.5410608731920761,0.08372910781850353,0.4151845280529201,0.14398208205217378,0.10684886036073332,0.3645308247271562,0.844165811953612,0.364165811953612,0.34422100560568736,0.1942951689510799,-0.4025095562910113,0.5,8.051354530601115,0.07469540598226036,qkd_priority,0.6536617210982385,secure_allocated,True,42,nominal
20,F5,UAV_2 -> BS_2 -> BS_3,2,0.46,0.82,True,True,True,True,1.0,1.0,0.5,0.7907949366182421,8.960593767309422,0.20465227395970098,0.5301308586346307,0.0618383163561149,0.33469953309751665,0.20920506338175798,0.13583759634619275,0.2790348661362083,0.9539748860560132,0.4939748860560132,0.22179352050023138,0.14181610424744395,-0.2643383517744646,0.5,15.49163333572166,0.13915815427796782,qkd_priority,0.6723468248556197,secure_allocated,True,42,nominal
20,F4,GW_2 -> UAV_2 -> BS_2 -> BS_1,3,0.44,0.78,True,True,True,True,1.0,1.0,0.5,0.7984684202018979,26.382377503321965,0.22070858636909468,0.8655019271418904,0.07096232079103859,0.3695046252340133,0.2015315797981021,0.1389671191431033,0.3533169588680711,0.9556630524444175,0.5156630524444175,0.23603196773017843,0.27311776168216917,-0.31796729623482917,0.6666666666666666,11.99163333572166,0.08037314046668544,qkd_priority,0.6538025987779593,secure_allocated,True,42,nominal
21,F1,SAT_1 -> UAV_1 -> BS_2 -> DC_1,3,0.58,1.0,True,True,False,True,0.2713928459954685,1.0,0.21346104538048957,0.8313831433143175,46.15940996508662,0.23793014079745328,0.8551749949830311,0.09817320067590735,0.4631778830740422,0.16861685668568252,0.15550750626814827,0.46160121363380674,0.5621703568266575,-0.017829643173342458,0.660692677300707,0.36541057983707087,-0.7703158512518282,0.6666666666666666,11.129857660565582,0.021711427679637477,qkd_priority,0.2453879265646702,best_effort_allocated,True,42,nominal
21,F2,SAT_2 -> SAT_1 -> UAV_1 -> GW_1 -> BS_1,4,0.52,0.94,True,True,False,False,0.05531695174490203,0.6129857660565582,0.08277229804912394,0.8327642814343952,68.73533932972674,0.25795884138136316,0.9704724063167213,0.09817320067590735,0.4631778830740422,0.1672357185656048,0.17227807071053922,0.5240773872547169,0.26947606010071423,-0.2505239398992858,0.9623998892894098,0.5207649168720581,-1.1186293643510272,0.75,6.129857660565582,0.0044253561395921626,qkd_priority,0.09238560748183745,best_effort_allocated,True,42,nominal
21,F3,UAV_1 -> BS_2 -> DC_1,2,0.48,0.88,True,True,True,True,1.0,0.746931246176492,0.5724323737346273,0.8528889541155587,19.617753184054536,0.19228084903460185,0.5347110011414657,0.07627487564202133,0.38891550686065934,0.1471110458844414,0.1159714127906061,0.36515781819768556,0.8537546306848443,0.37375463068484427,0.3300006280958914,0.19154951485892113,-0.3874654825535678,0.5,7.46931246176492,0.10641788930288364,qkd_priority,0.6923090093221523,secure_allocated,True,42,nominal
21,F5,UAV_2 -> BS_2 -> BS_3,2,0.46,0.82,True,True,True,True,1.0,1.0,0.5,0.819140511637835,8.748971345775775,0.19174935365219356,0.535859393698287,0.059316137981793686,0.3247242396758404,0.1808594883621651,0.1437868958162655,0.26890606057735844,0.9602109125603236,0.5002109125603236,0.20725735650212357,0.1408285329469536,-0.24950591638620964,0.5,15.33124285489996,0.1408820932035262,qkd_priority,0.6767467968036321,secure_allocated,True,42,nominal
21,F4,GW_2 -> UAV_2 -> BS_2 -> BS_1,3,0.44,0.78,True,True,True,True,0.7947343649758059,1.0,0.4428144802289554,0.8149751624697759,26.314096201880034,0.2211415143954908,0.8652789469368056,0.07887189686104046,0.3981917221749348,0.18502483753022422,0.14890991053419939,0.37282945738652035,0.8463984364800439,0.40639843648004387,0.35266317554166066,0.27279911560877346,-0.43450291022429266,0.6666666666666666,11.83124285489996,0.06357874919806447,qkd_priority,0.5496604913255019,secure_allocated,True,42,nominal
22,F1,SAT_1 -> UAV_1 -> BS_2 -> DC_1,3,0.58,1.0,True,True,False,False,0.1443755089068047,1.0,0.12616095659432913,0.8376504590782395,45.61208422941552,0.23674266285372086,0.853369270295971,0.10353267896292723,0.48009492416049826,0.16234954092176038,0.15794900332768316,0.46520267376249497,0.4936896308959553,-0.08631036910404466,0.7328682984283437,0.36285639307060574,-0.8417252163495254,0.6666666666666666,10.77899992832562,0.011550040712544375,qkd_priority,0.16772832805778945,best_effort_allocated,True,42,nominal
22,F2,SAT_2 -> SAT_1 -> GW_1 -> BS_1,3,0.52,0.94,True,True,False,False,0.0,0.7462779262815918,0.0,0.8515344569201488,56.55402422091521,0.27252323398807066,0.9416701629174707,0.12197694195996797,0.5350169520918399,0.14846554307985116,0.22142248183259983,0.5571479802094307,0.30316264734914905,-0.21683735265085097,0.9532270459684427,0.41391877969760427,-1.0774026798777239,0.6666666666666666,7.462779262815919,0.0,qkd_priority,0.06564235158338169,best_effort_allocated,True,42,nominal
22,F3,UAV_1 -> BS_2 -> DC_1,2,0.48,0.88,True,True,True,True,1.0,0.7494255698695825,0.5716162020397065,0.8490391459920132,19.174078039800854,0.19037341245587852,0.5246754590880648,0.07429689096734973,0.38175797674845374,0.15096085400798676,0.1142241932015164,0.3526950807673183,0.8540301185595551,0.37403011855955515,0.3270774112327037,0.18947903085240397,-0.38392112048842486,0.5,7.4942556986958255,0.11376095985285203,qkd_priority,0.6918380677808681,secure_allocated,True,42,nominal
22,F5,UAV_2 -> BS_2 -> BS_3,2,0.46,0.82,True,True,True,True,1.0,1.0,0.5,0.822663010410682,8.76904569438223,0.18549696946928357,0.5506888388784923,0.05731922909293997,0.3167100345765446,0.17733698958931798,0.1387059375962314,0.25633417150088417,0.96098586229035,0.50098586229035,0.20166528261496378,0.1409222132404504,-0.2439419465870989,0.5,14.978173845867039,0.14342991508653935,qkd_priority,0.6772611195755347,secure_allocated,True,42,nominal
22,F4,GW_2 -> UAV_2 -> BS_2 -> BS_1,3,0.44,0.78,True,True,True,True,0.7759846851112703,1.0,0.43693208146254525,0.8069847319408421,26.055906376403254,0.21919568470497458,0.8632679471282585,0.0796537647362888,0.40095803232543836,0.19301526805915792,0.15005788195196093,0.349285797971061,0.8343282178381839,0.3943282178381839,0.3645493483604143,0.2715942297565485,-0.44602761728737883,0.6666666666666666,11.478173845867039,0.06207877480890162,qkd_priority,0.5387347039933519,secure_allocated,True,42,nominal
23,F1,SAT_1 -> UAV_1 -> BS_2 -> DC_1,3,0.58,1.0,True,True,False,False,0.1938441507297318,1.0,0.16236972858747556,0.849636404886498,46.18291475478404,0.23455931089533366,0.8677121680446738,0.10069738720961244,0.4712023686938794,0.15036359511350197,0.17105739829771868,0.46231389441976867,0.5235342919763821,-0.05646570802361783,0.6998179900999879,0.36552026885565886,-0.8094740707566855,0.6666666666666666,10.800415747527307,0.015507532058378544,qkd_priority,0.20043972037987406,best_effort_allocated,True,42,nominal
23,F2,SAT_2 -> SAT_1 -> GW_1 -> BS_1,3,0.52,0.94,True,True,False,False,0.0,0.725598833280716,0.0,0.8601559959002824,54.553430038991735,0.2677973201121426,0.9443299271230917,0.1160307917305001,0.5178428374113277,0.13984400409971776,0.22763967681793743,0.5463024608875534,0.2957537940743843,-0.22424620592561573,0.9542157093289119,0.40458267351529476,-1.0755905113835003,0.6666666666666666,7.25598833280716,0.0,qkd_priority,0.06833599835774813,best_effort_allocated,True,42,nominal
23,F3,UAV_1 -> BS_2 -> DC_1,2,0.48,0.88,True,True,True,True,1.0,0.7590392157387585,0.568492158135327,0.863150982755901,19.541230561416587,0.18609881166039763,0.5498491655292548,0.07767196922795683,0.3939226337678083,0.1368490172440991,0.1168784427816116,0.35781288426427826,0.8614608632887396,0.3814608632887396,0.3207642604003914,0.19119240928661074,-0.37812198318637463,0.5,7.590392157387585,0.0974176968521666,qkd_priority,0.6929168255542253,secure_allocated,True,42,nominal
23,F5,UAV_2 -> BS_2 -> BS_3,2,0.46,0.82,True,True,True,True,1.0,1.0,0.5,0.8472252555715393,8.458073382811744,0.18054669652345218,0.57470508066943,0.06319910754770641,0.34001540712591344,0.15277474442846073,0.1438310668866583,0.27459496585858945,0.9663895562257386,0.5063895562257386,0.1998603089912932,0.13947100911978813,-0.24170161172722965,0.5,14.624738914536785,0.11987579694703074,qkd_priority,0.6811631369677627,secure_allocated,True,42,nominal
23,F4,GW_2 -> UAV_2 -> BS_2 -> BS_1,3,0.44,0.78,True,True,True,True,0.7336132163961658,1.0,0.42317006438218124,0.8205257718089135,25.087160651572827,0.2244238324294739,0.8706694029447983,0.08028382223959236,0.4031784667854208,0.17947422819108658,0.1582903943299926,0.38469324577794856,0.8140029388158522,0.37400293881585217,0.3877824024737663,0.2670734163740065,-0.4679044273859682,0.6666666666666666,11.124738914536785,0.05868905731169327,qkd_priority,0.5189363167890559,secure_allocated,True,42,nominal
0,F1,SAT_1 -> UAV_1 -> BS_2 -> DC_1,3,0.58,1.0,True,True,False,True,0.2298588777669591,1.0,0.18689857992838274,0.8510320718177433,45.72916610590805,0.23177703294877136,0.8662602379831796,0.09876497805804062,0.46506839656972077,0.14896792818225665,0.17746621179835687,0.4460064069089953,0.543649438571731,-0.03635056142826898,0.6769173253976463,0.36340277516090425,-0.7859381579459175,0.6666666666666666,10.741949054773412,0.018388710221356727,max_margin_greedy,-0.03635056142826898,best_effort_allocated,True,42,nominal
0,F2,SAT_2 -> SAT_1 -> GW_1 -> BS_1,3,0.52,0.94,True,True,False,False,0.0,0.7711299161122326,0.0,0.8656868640727723,54.943166845401784,0.25990687729307516,0.946756995474066,0.11335870475769162,0.5099644355329767,0.13431313592722763,0.22363614943311072,0.529500485183558,0.31745957234651456,-0.20254042765348546,0.9269896313186134,0.4064014452785416,-1.0489100649021759,0.6666666666666666,7.711299161122326,0.0,max_margin_greedy,-0.20254042765348546,best_effort_allocated,True,42,nominal
0,F3,UAV_1 -> BS_2 -> DC_1,2,0.48,0.88,True,True,True,True,1.0,0.7701024307422758,0.564939058120303,0.869020263475716,19.123933205915833,0.1801301069839718,0.5382958251569114,0.0747991306340464,0.38358307506417955,0.1309797365242839,0.12080323779623772,0.3397930168366909,0.8677305517986817,0.38773055179868177,0.3092237651101505,0.1892450216276072,-0.36599727159843265,0.5,7.701024307422758,0.104124626952701,max_margin_greedy,0.38773055179868177,secure_allocated,True,42,nominal
0,F5,UAV_2 -> BS_2 -> BS_3,2,0.46,0.82,True,True,True,True,1.0,1.0,0.5,0.8593362511433145,8.50458744801092,0.17484559999764537,0.5748919741478009,0.061829833610092685,0.33466625215378115,0.1406637488566856,0.1421722469558458,0.27558095570153257,0.9690539752515291,0.5090539752515291,0.19329310778585657,0.1396880747573843,-0.23519953021307186,0.5,14.607405388253023,0.1232946951076598,max_margin_greedy,0.5090539752515291,secure_allocated,True,42,nominal
0,F4,GW_2 -> UAV_2 -> BS_2 -> BS_1,3,0.44,0.78,True,True,True,True,0.7079144410496466,1.0,0.4144905763631684,0.8469788609009554,25.261902498472285,0.20762268895803224,0.8762235544091825,0.08004283672601692,0.4023301100787807,0.1530211390990446,0.15329055337210118,0.3711040414073272,0.8056882919755158,0.36568829197551583,0.3883244455752939,0.267888878326204,-0.4686911090731551,0.6666666666666666,11.107405388253023,0.05663315528397173,max_margin_greedy,0.36568829197551583,secure_allocated,True,42,nominal
1,F1,SAT_1 -> UAV_1 -> BS_2 -> DC_1,3,0.58,1.0,True,True,False,False,0.15308973205217913,1.0,0.13276480381082048,0.8797412253676625,43.85823054607408,0.22236960666882027,0.8778980310969096,0.10201278245862208,0.47534368372187175,0.12025877463233747,0.17442635536477025,0.4637010058993493,0.5077424222095842,-0.07225757779041575,0.7111598217218529,0.3546717425483457,-0.8175613444863565,0.6666666666666666,10.739917232579351,0.01224717856417433,max_margin_greedy,-0.07225757779041575,best_effort_allocated,True,42,nominal
1,F2,SAT_2 -> GW_2 -> UAV_2 -> BS_2 -> BS_1,4,0.52,0.94,True,True,False,False,0.0,0.6471918181020402,0.0,0.8243359722409979,71.98221851117795,0.28170473359156706,0.9824755825607117,0.13072703439959515,0.5594287136887139,0.17566402775900225,0.267506146810698,0.4896163082272265,0.2525902320389376,-0.2674097679610624,1.014034076499446,0.5359170197188304,-1.174809182415095,0.75,6.471918181020402,0.0,max_margin_greedy,-0.2674097679610624,best_effort_allocated,True,42,nominal
1,F3,UAV_1 -> BS_2 -> DC_1,2,0.48,0.88,True,True,True,True,1.0,0.7899726715151262,0.5586677472307707,0.894935521825618,19.40252611765486,0.17161006069846882,0.5566203839949331,0.07519936222116569,0.3850337177482405,0.10506447817438203,0.11817940118864212,0.35550890065361707,0.8823735169834428,0.4023735169834428,0.2911094397679283,0.1905451218823893,-0.3482729763326451,0.5,7.899726715151262,0.09428910377288659,max_margin_greedy,0.4023735169834428,secure_allocated,True,42,nominal
1,F5,UAV_2 -> BS_2 -> BS_3,2,0.46,0.82,True,True,True,True,1.0,0.9959849694706143,0.5010057767445139,0.8645590085467709,8.543938963676629,0.1717383413933647,0.6257007190807369,0.06137435918974374,0.3328766240567561,0.13544099145322913,0.15104938686003894,0.26190031672559966,0.9683962181420661,0.508396218142066,0.19210519149913702,0.13987171516382427,-0.2340667060482843,0.5,9.959849694706143,0.09990166018139507,max_margin_greedy,0.508396218142066,secure_allocated,True,42,nominal
1,F4,GW_2 -> UAV_2 -> BS_2 -> BS_1,3,0.44,0.78,True,True,True,True,0.5846517905804699,0.6459849694706143,0.4750807139518575,0.8413304357694118,26.308959697295442,0.21087261546277924,0.8790082806641727,0.07791402024523716,0.3947861214961758,0.15866956423058828,0.16297335235089885,0.3623172234149794,0.5773444169503055,0.13734441695030547,0.6162447903819891,0.2727751452540454,-0.6980773339582027,0.6666666666666666,6.4598496947061435,0.046772143246437595,max_margin_greedy,0.13734441695030547,secure_allocated,True,42,nominal
2,F1,SAT_1 -> UAV_1 -> BS_2 -> DC_1,3,0.58,1.0,True,True,False,True,0.28496821516344933,1.0,0.22177063354613877,0.87268374157081,43.372068086642564,0.2195643253561873,0.8741261118202842,0.09522796133945567,0.4536834241589963,0.12731625842919,0.18267281269272048,0.4298806610209427,0.5787229414854752,-0.0012770585145247537,0.6335018609645582,0.35240298440433193,-0.7392227562858578,0.6666666666666666,10.357472888350804,0.022797457213075946,max_margin_greedy,-0.0012770585145247537,best_effort_allocated,True,42,nominal
2,F2,SAT_2 -> GW_2 -> UAV_2 -> BS_2 -> BS_1,4,0.52,0.94,True,True,False,False,0.0,0.6912411964130498,0.0,0.8339737642247289,72.76087533201536,0.2751261033555229,0.9815239914053946,0.13122524297704916,0.5607888692571567,0.16602623577527112,0.26891000901043766,0.47896517821407836,0.2745327665153127,-0.2454672334846873,0.9894711973089617,0.539550751549405,-1.1513364227737832,0.75,6.912411964130499,0.0,max_margin_greedy,-0.2454672334846873,best_effort_allocated,True,42,nominal
2,F3,UAV_1 -> BS_2 -> DC_1,2,0.48,0.88,True,True,True,True,1.0,0.7445286245667626,0.5732207462335797,0.8924700633983742,17.999310833708513,0.16678777531418865,0.5426336278812266,0.07237595790059274,0.3747283513542953,0.10752993660162574,0.12183563470049988,0.32739445373322845,0.8613812950026856,0.3813812950026856,0.30735529172727316,0.18399678389063973,-0.3625543268944651,0.5,7.445286245667626,0.10926045364603229,max_margin_greedy,0.3813812950026856,secure_allocated,True,42,nominal
2,F5,UAV_2 -> BS_2 -> BS_3,2,0.46,0.82,True,True,True,True,1.0,1.0,0.5,0.8702370544947889,8.368896270220178,0.16944390024911948,0.6307749362575656,0.05616717634432133,0.3120382811977559,0.12976294550521106,0.15585684201512778,0.2571740886689446,0.9714521519888536,0.5114521519888535,0.18280717342268915,0.13905484926102749,-0.2245236282009974,0.5,10.057026633468416,0.11467971482873808,max_margin_greedy,0.5114521519888535,secure_allocated,True,42,nominal
2,F4,GW_2 -> UAV_2 -> BS_2 -> BS_1,3,0.44,0.78,True,True,True,True,0.6365479199751377,0.6557026633468416,0.4925886110561998,0.8493205428873143,26.052155623564968,0.2036910661795197,0.8743537235457152,0.0765010223317322,0.3897287010843273,0.1506794571126857,0.1637772127971522,0.34700858655866185,0.6120180739276136,0.17201807392761365,0.5770750811242521,0.2715767262433032,-0.6585480989972431,0.6666666666666666,6.557026633468416,0.05092383359801102,max_margin_greedy,0.17201807392761365,secure_allocated,True,42,nominal
3,F1,SAT_1 -> UAV_1 -> BS_2 -> DC_1,3,0.58,1.0,True,True,True,True,0.29551175805402513,1.0,0.22810426552817265,0.865983759919216,41.77313804356214,0.22329553381583472,0.8810233468772581,0.0946590741143592,0.45183290879281024,0.13401624008078405,0.18054739944881967,0.435296023779344,0.5830478941119414,0.003047894111941396,0.6303933233033868,0.3449413108699566,-0.7338757165643738,0.6666666666666666,10.359544619053382,0.02364094064432201,max_margin_greedy,0.003047894111941396,secure_allocated,True,42,nominal
3,F2,SAT_2 -> SAT_1 -> GW_1 -> BS_1,3,0.52,0.94,True,True,False,False,0.0,0.7379911661299825,0.0,0.8811389395564572,50.264828343265805,0.25875472499495095,0.9589981319795673,0.11100362417409784,0.5029357895585649,0.11886106044354276,0.26135868806498863,0.5074385655034405,0.3059465914609127,-0.21405340853908733,0.9362269821764565,0.38456919893524044,-1.0515977418570286,0.6666666666666666,7.3799116612998255,0.0,max_margin_greedy,-0.21405340853908733,best_effort_allocated,True,42,nominal
3,F3,UAV_1 -> BS_2 -> DC_1,2,0.48,0.88,True,True,True,True,1.0,0.7526231654693316,0.570573309598023,0.8745346526240824,17.888140864655913,0.17756198424116665,0.5652900396412568,0.07497575402134578,0.38422365868521907,0.12546534737591764,0.12249710255571916,0.3374137886211519,0.8610780480384973,0.3810780480384973,0.31488075954133243,0.1834779907017276,-0.3699241567518507,0.5,7.526231654693316,0.09138808724908393,max_margin_greedy,0.3810780480384973,secure_allocated,True,42,nominal
3,F5,UAV_2 -> BS_2 -> BS_3,2,0.46,0.82,True,True,True,True,1.0,1.0,0.5,0.8664601324581716,7.971721087756919,0.15957360678069263,0.6317939510905499,0.05440621197092214,0.3048272498184507,0.1335398675418285,0.1515892708181433,0.21601554056570726,0.9706212291407977,0.5106212291407977,0.17739370636512664,0.13720136507619896,-0.21855411588798632,0.5,14.061354041788407,0.1302019324809008,max_margin_greedy,0.5106212291407977,secure_allocated,True,42,nominal
3,F4,GW_2 -> BS_2 -> UAV_1 -> GW_1 -> BS_1,4,0.44,0.78,True,False,False,True,0.6689859298495399,0.25262316546933156,0.7258890274060008,0.8694188929385407,36.63133170930868,0.18731870181215693,0.8849038857246244,0.07584707512388726,0.38737432503984925,0.13058110706145934,0.1391915724281185,0.34719892762425875,0.4528948423249251,0.012894842324925104,0.7282421547505078,0.37094621464344046,-0.83952601914354,0.5,2.5262316546933157,0.05351887438796319,max_margin_greedy,0.012894842324925104,degraded_unallocated,False,42,nominal
4,F1,SAT_1 -> GW_1 -> UAV_1 -> BS_2 -> BS_1 -> DC_1,5,0.58,1.0,True,True,False,False,0.0,0.9064103781555488,0.0,0.8816047347983498,51.879654585301836,0.20621463383617816,0.9787588057519957,0.1104168930533852,0.5011721542589782,0.11839526520165033,0.1811259559220808,0.394395910875245,0.38183771182563386,-0.1981622881743661,0.8362519119653908,0.49210505473140853,-0.9838834283848134,0.6,9.064103781555488,0.0,max_margin_greedy,-0.1981622881743661,best_effort_allocated,True,42,nominal
4,F2,SAT_2 -> SAT_1 -> GW_1 -> BS_1,3,0.52,0.94,True,False,False,False,0.0,0.4064103781555488,0.0,0.8704179279974168,49.808861979235274,0.26038949621288726,0.9592204608070964,0.1104168930533852,0.5011721542589782,0.12958207200258323,0.25880534529348165,0.4977438408947213,0.15437661432942865,-0.3656233856705714,1.0880916975311152,0.3824413559030979,-1.2028241043020447,0.6666666666666666,4.064103781555488,0.0,max_margin_greedy,-0.3656233856705714,degraded_unallocated,False,42,nominal
4,F3,UAV_1 -> BS_2 -> DC_1,2,0.48,0.88,True,True,True,True,1.0,0.7568278806313149,0.569207724345,0.8918429571969686,16.791546732291742,0.15673415515673073,0.563685779391701,0.0712914706766678,0.3707247890259173,0.10815704280303134,0.12070812340616312,0.2874041954940708,0.8667779968674247,0.38677799686742476,0.29643357020958344,0.17836055141736146,-0.34994173563479186,0.5,7.568278806313149,0.10091436984498066,max_margin_greedy,0.38677799686742476,secure_allocated,True,42,nominal
4,F5,UAV_2 -> GW_2 -> BS_3,2,0.46,0.82,True,True,True,True,0.6117958384237776,1.0,0.37957402782604943,0.8627551194602219,21.40445015627187,0.19328032375097698,0.825071785925761,0.07722443007065918,0.3923229818904571,0.13724488053977807,0.11234706208559816,0.39126403552958955,0.7562938374143265,0.2962938374143265,0.42876305374622736,0.19988743406260207,-0.488729283965008,0.5,13.7445950262873,0.04894366707390221,max_margin_greedy,0.2962938374143265,secure_allocated,True,42,nominal
4,F4,GW_2 -> SAT_2 -> SAT_1 -> GW_1 -> BS_1,4,0.44,0.78,True,True,False,False,0.0,0.4064103781555488,0.0,0.8496511838805304,96.76090202453616,0.31865658597342117,0.9938530084901397,0.1276997019208313,0.5510956898268529,0.15034881611946962,0.348214798060733,0.5861407172057599,0.14980793062371364,-0.2901920693762864,1.131361455521039,0.651550876114502,-1.3268267183553895,0.75,4.064103781555488,0.0,max_margin_greedy,-0.2901920693762864,best_effort_allocated,True,42,nominal
5,F1,SAT_1 -> GW_1 -> UAV_1 -> BS_2 -> DC_1,4,0.58,1.0,True,True,False,False,0.025350087414113223,0.8890843608938483,0.027722148330063638,0.8675203292569715,49.62104857687044,0.234271079949578,0.9772976640674517,0.10792522426012008,0.4936259139927663,0.1324796707430286,0.1948744773715297,0.4647715396150248,0.38488498291652773,-0.19511501708347223,0.8439434815589739,0.4315648933587287,-0.9734129495665925,0.75,8.890843608938484,0.002028006993129058,max_margin_greedy,-0.19511501708347223,best_effort_allocated,True,42,nominal
5,F2,SAT_2 -> UAV_2 -> BS_2 -> UAV_1 -> GW_1 -> BS_1,5,0.52,0.94,True,True,False,False,0.0,0.5006143605566884,0.0,0.8320180972828156,64.19404559253928,0.27908961641885166,0.989847726671159,0.1217561138525165,0.5343877822277422,0.16798190271718436,0.27796504408169886,0.4804329878864362,0.1883204436527292,-0.3316795563472708,1.0708668292926895,0.5495722127651833,-1.2357384931222444,0.8,5.0061436055668835,0.0,max_margin_greedy,-0.3316795563472708,best_effort_allocated,True,42,nominal
5,F3,UAV_1 -> BS_2 -> DC_1,2,0.48,0.88,True,False,False,True,0.8035613692776404,0.2602779654055448,0.7553409082368095,0.8794821943253042,16.6074814523934,0.1680486615461566,0.6054641203467561,0.0753996378106137,0.38575836978658373,0.12051780567469583,0.12300407181671548,0.30765770979011536,0.5325699202867643,0.05256992028676433,0.639491569855652,0.17750158011116918,-0.6927420438890027,0.5,2.602779654055448,0.06428490954221124,max_margin_greedy,0.05256992028676433,degraded_unallocated,False,42,nominal
5,F5,UAV_2 -> BS_2 -> BS_3,2,0.46,0.82,True,True,True,True,1.0,0.9635390201738068,0.5092845060504491,0.8641554647035528,8.357722320297976,0.1704657109942808,0.6619162431181518,0.055352710742965126,0.3087137421902624,0.1358445352964472,0.15955490668374622,0.24587679242302277,0.9537067613129947,0.4937067613129947,0.20018124418199723,0.13900270416139054,-0.24188205543041438,0.5,9.635390201738067,0.10985914912620626,max_margin_greedy,0.4937067613129947,secure_allocated,True,42,nominal
5,F4,GW_2 -> UAV_2 -> BS_2 -> BS_1,3,0.44,0.78,True,True,True,True,1.0,0.6135390201738067,0.6197556969476216,0.8605757863022002,25.78331766285237,0.19066089472198683,0.8726528635756631,0.0702636675909081,0.3669068372036606,0.13942421369779975,0.16169352301957035,0.31764776660842325,0.7954192320646971,0.3554192320646971,0.3821048798611121,0.27032214909331104,-0.4632015245891054,0.6666666666666666,6.135390201738067,0.08676198271804975,max_margin_greedy,0.3554192320646971,secure_allocated,True,42,nominal
6,F1,SAT_1 -> GW_1 -> UAV_1 -> BS_2 -> DC_1,4,0.58,1.0,True,True,False,False,0.02505375892715291,0.9292967676887172,0.026252156024887015,0.8749029804699765,50.71326237498995,0.2298766841228412,0.9769534697651202,0.10787051875223513,0.4934591966330262,0.12509701953002353,0.1978540497957044,0.4569072415824772,0.4044417685732516,-0.17555823142674837,0.8223675384402835,0.43666189108328646,-0.9533661057652695,0.75,9.292967676887171,0.0020043007141722327,max_margin_greedy,-0.17555823142674837,best_effort_allocated,True,42,nominal
6,F2,SAT_2 -> UAV_2 -> BS_2 -> UAV_1 -> GW_1 -> BS_1,5,0.52,0.94,True,True,False,False,0.0,0.5037740198885385,0.0,0.8354788019904106,64.47352370900269,0.2728241509013875,0.9896823422611162,0.12059492861931576,0.5310685549287243,0.16452119800958936,0.28076995425554163,0.45823450208163913,0.19050364538773265,-0.32949635461226734,1.0650343612500728,0.550876443975346,-1.2302972944426767,0.8,5.037740198885386,0.0,max_margin_greedy,-0.32949635461226734,best_effort_allocated,True,42,nominal
6,F3,UAV_1 -> GW_1 -> BS_2 -> DC_1,3,0.48,0.88,True,True,False,True,0.21245201671877717,0.5269836345395363,0.2873164370114465,0.8973254103284928,19.59282949813637,0.15694022393291523,0.8322058043341276,0.07688216319867233,0.3910968724532897,0.10267458967150722,0.09811739275973957,0.32520576301126053,0.3314028350103872,-0.14859716498961278,0.836994483872747,0.24143320432463639,-0.9094244451701379,0.3333333333333333,5.269836345395364,0.016996161337502175,max_margin_greedy,-0.14859716498961278,best_effort_allocated,True,42,nominal
6,F5,UAV_2 -> BS_2 -> DC_1 -> BS_3,3,0.46,0.82,True,True,True,True,1.0,0.9924857980482488,0.5018856350090706,0.9029930002223843,13.21101917568298,0.13192311925635228,0.6734591048224057,0.05141571367098325,0.292380637522348,0.09700699977761573,0.12747502233411748,0.2001098506247598,0.9752770691706365,0.5152770691706365,0.15718349387530903,0.21165142281985388,-0.2206789207212652,0.3333333333333333,9.924857980482487,0.08415131520798182,max_margin_greedy,0.5152770691706365,secure_allocated,True,42,nominal
6,F4,GW_2 -> BS_2 -> UAV_1 -> GW_1 -> BS_1,4,0.44,0.78,True,False,False,True,0.2661780250781658,0.02698363453953636,0.90795646820009,0.8694569816683594,35.100204478637195,0.1860968521733797,0.895949465366007,0.07688216319867233,0.3910968724532897,0.13054301833164061,0.134893172820601,0.3475381683118445,0.1298210853028216,-0.3101789146971784,1.0516967162885216,0.36380095423364023,-1.1608370025586137,0.5,0.2698363453953636,0.021294242006253263,max_margin_greedy,-0.3101789146971784,degraded_unallocated,False,42,nominal
7,F1,SAT_1 -> UAV_1 -> BS_2 -> DC_1,3,0.58,1.0,True,True,True,True,0.3276848292023045,1.0,0.2468091989867679,0.8680761587396241,43.08586905055353,0.2087882233904892,0.8983454160323151,0.09221768163066396,0.4438291488485152,0.1319238412603759,0.17083575527113157,0.3926870729679222,0.6012034109839848,0.021203410983984816,0.6037085767538641,0.35106738890258316,-0.7090287934246391,0.6666666666666666,10.221902745577474,0.026214786336184362,max_margin_greedy,0.021203410983984816,secure_allocated,True,42,nominal
7,F2,SAT_2 -> SAT_1 -> GW_1 -> UAV_1 -> BS_2 -> BS_1,5,0.52,0.94,True,True,False,False,0.07867363116873621,0.7106501624407324,0.09967219005140156,0.8577124525487267,70.30909908893938,0.24276383519743813,0.9925664694621651,0.10420086417960149,0.48217229963685443,0.14228754745127323,0.19468324164646666,0.48131786540170074,0.3317598098018543,-0.1882401901981457,0.8980269909462063,0.5781091290817171,-1.0714597296707213,0.8,7.106501624407325,0.006293890493498897,max_margin_greedy,-0.1882401901981457,best_effort_allocated,True,42,nominal
7,F3,UAV_1 -> GW_1 -> BS_1 -> DC_1,3,0.48,0.88,True,True,True,True,0.2514789251303215,1.0,0.200945393550382,0.8875743897930036,19.876556050082876,0.1640761028459672,0.7925008515642317,0.0839332932839656,0.41588897905526223,0.11242561020699642,0.11968722161837969,0.31031364706921954,0.5635797745761376,0.08357977457613763,0.6142267164683631,0.2427572615670534,-0.6870538949384791,0.3333333333333333,10.490228596092496,0.02011831401042572,max_margin_greedy,0.08357977457613763,secure_allocated,True,42,nominal
7,F5,UAV_2 -> BS_2 -> DC_1 -> BS_3,3,0.46,0.82,True,True,True,True,1.0,1.0,0.5,0.8961876826972756,12.822354800840255,0.13336478270086427,0.6671564234674408,0.05371233235910142,0.3019621198265656,0.10381231730272437,0.1273468256988022,0.1937807688199905,0.9771612901934006,0.5171612901934006,0.15834339197862973,0.20983765573725452,-0.2212946886998061,0.3333333333333333,14.113252740144928,0.08944687794046854,max_margin_greedy,0.5171612901934006,secure_allocated,True,42,nominal
7,F4,GW_2 -> UAV_2 -> BS_2 -> BS_1,3,0.44,0.78,True,True,True,True,1.0,1.0,0.5,0.8448205710616534,24.014209113805407,0.1963913201048957,0.8719530172976002,0.06940442715805405,0.3636971491313239,0.1551794289383466,0.16398984460135255,0.3094544948089359,0.9658605256335637,0.5258605256335638,0.21343985569647034,0.26206630919775853,-0.2920597484557979,0.6666666666666666,10.613252740144928,0.087032282304994,max_margin_greedy,0.5258605256335638,secure_allocated,True,42,nominal
8,F1,SAT_1 -> UAV_1 -> GW_1 -> BS_1 -> DC_1,4,0.58,1.0,True,True,True,True,0.34466397201140675,0.9916649805503471,0.2579185097731236,0.8672527765483405,45.10327559798143,0.1987881646343837,0.9483213687555413,0.0860146481806345,0.4230254364210334,0.13274722345165949,0.1576567936245593,0.3670195039750766,0.6066100366945648,0.026610036694564854,0.5886009964961663,0.41048195279058,-0.7117455823333403,0.5,9.916649805503472,0.027573117760912542,max_margin_greedy,0.026610036694564854,secure_allocated,True,42,nominal
8,F2,SAT_2 -> SAT_1 -> UAV_1 -> GW_1 -> BS_1,4,0.52,0.94,True,True,False,True,0.3294959580171101,0.49166498055034713,0.401256248978339,0.8574199553427511,63.15999897303413,0.23511945428715741,0.9805173166118119,0.08911793507917537,0.43351872637155575,0.14258004465724888,0.18361986582030315,0.46348989778121796,0.37110440833247205,-0.14889559166752797,0.8430790276896377,0.49474666187415917,-0.9915030262518855,0.75,4.9166498055034715,0.02635967664136881,max_margin_greedy,-0.14889559166752797,best_effort_allocated,True,42,nominal
8,F3,UAV_1 -> GW_1 -> BS_1 -> DC_1,3,0.48,0.88,True,True,False,True,0.24333591901710516,0.5638991456947859,0.30144369298917134,0.8872657318551359,19.878633851096044,0.16298320715698275,0.803314370820305,0.0791152692385802,0.3990540889300334,0.11273426814486413,0.1256628916311436,0.29821567600980325,0.3627878320301914,-0.1172121679698086,0.8103181334229592,0.24276695797178152,-0.8831482208144936,0.3333333333333333,5.63899145694786,0.019466873521368413,max_margin_greedy,-0.1172121679698086,best_effort_allocated,True,42,nominal
8,F5,UAV_2 -> BS_2 -> DC_1 -> BS_3,3,0.46,0.82,True,True,True,True,1.0,1.0,0.5,0.8778027996500336,12.484986751320298,0.14266511102539678,0.6572403651242754,0.05239782791878816,0.29649673308175667,0.12219720034996655,0.12632289369117655,0.1991180110422355,0.9731166159230074,0.5131166159230074,0.16520686730886036,0.20826327150616136,-0.22768584876070877,0.3333333333333333,15.023551993467889,0.09248828474564304,max_margin_greedy,0.5131166159230074,secure_allocated,True,42,nominal
8,F4,GW_2 -> UAV_2 -> BS_2 -> BS_1,3,0.44,0.78,True,True,True,True,1.0,1.0,0.5,0.8515439940321633,23.441666030154547,0.1923692396160997,0.8751225625663581,0.06639941930670014,0.352341000449116,0.1484560059678367,0.16566285881299794,0.30346071714669526,0.9673396786870759,0.5273396786870759,0.20731172925244792,0.25939444147405455,-0.28513006169466426,0.6666666666666666,11.523551993467889,0.09409990782679026,max_margin_greedy,0.5273396786870759,secure_allocated,True,42,nominal
9,F1,SAT_1 -> GW_1 -> UAV_1 -> BS_2 -> BS_1 -> DC_1,5,0.58,1.0,True,True,False,False,0.009848055912764535,0.9756503535220657,0.009992969870354494,0.8633940554336033,51.09190634428457,0.2156990871679847,0.9812914060784733,0.10905419382781623,0.4970565134393004,0.1366059445663968,0.16494822759429528,0.41896777533927015,0.41440578203234274,-0.16559421796765722,0.8069229355530755,0.488428896273328,-0.9534516044350738,0.6,9.756503535220657,0.0007878444730211628,max_margin_greedy,-0.16559421796765722,best_effort_allocated,True,42,nominal
9,F2,SAT_2 -> GW_2 -> UAV_2 -> BS_2 -> BS_1,4,0.52,0.94,True,True,False,False,0.0,0.6461340106833879,0.0,0.8327687562296541,62.83737781663923,0.25873909135651496,0.9812000041046871,0.12200603706500403,0.5350997990773485,0.16723124377034587,0.25239854610279183,0.4310618713160872,0.25396943117804843,-0.2660305688219516,0.9962381097017203,0.4932410964776497,-1.1442104386450151,0.75,6.461340106833879,0.0,max_margin_greedy,-0.2660305688219516,best_effort_allocated,True,42,nominal
9,F3,UAV_1 -> BS_2 -> DC_1,2,0.48,0.88,True,True,True,True,1.0,0.7060828964196361,0.5861379901871048,0.8829445726342484,17.128757262962026,0.16093951442366758,0.5947924926334485,0.07278864675621621,0.3762452022278536,0.11705542736575164,0.12092431225330616,0.28794911373235,0.8419851093683709,0.3619851093683709,0.3244989726792429,0.17993420056048942,-0.3784792328473897,0.5,7.060828964196361,0.08829220472288339,max_margin_greedy,0.3619851093683709,secure_allocated,True,42,nominal
9,F5,UAV_2 -> BS_2 -> BS_3,2,0.46,0.82,True,True,True,True,1.0,1.0,0.5,0.8581484651141534,7.379575489713197,0.16927307394445967,0.6432506707693687,0.05958409034973677,0.3257916960458532,0.14185153488584656,0.14587383420009187,0.2467109319432046,0.9687926623251137,0.5087926623251138,0.18882814496135641,0.13443801895199492,-0.2291595506469549,0.5,10.57369859093751,0.11295826366389207,max_margin_greedy,0.5087926623251138,secure_allocated,True,42,nominal
9,F4,GW_2 -> UAV_2 -> BS_2 -> BS_1,3,0.44,0.78,True,True,True,True,1.0,0.707369859093751,0.5856961774707599,0.8521814340264368,22.861278024726204,0.18809451056094,0.8725711958365511,0.06031585854608593,0.3286974856527508,0.14781856597356322,0.15223332378973617,0.3036246349436628,0.8357963520780042,0.3957963520780042,0.33102054908760653,0.2566859641153889,-0.4080263383222232,0.6666666666666666,7.073698590937511,0.09786269463935787,max_margin_greedy,0.3957963520780042,secure_allocated,True,42,nominal
10,F1,SAT_1 -> GW_1 -> UAV_1 -> BS_2 -> BS_1 -> DC_1,5,0.58,1.0,True,True,False,False,0.0,0.9596811435038888,0.0,0.8482918256204204,51.74435205414264,0.22082241019465665,0.9802456853911271,0.11389412789512561,0.5115512251385282,0.15170817437957954,0.15724572934533906,0.4215200516809766,0.3984807162132424,-0.18151928378675758,0.8287771746589851,0.49147364291933227,-0.9762192675347848,0.6,9.596811435038887,0.0,max_margin_greedy,-0.18151928378675758,best_effort_allocated,True,42,nominal
10,F2,SAT_2 -> GW_2 -> UAV_2 -> BS_2 -> BS_1,4,0.52,0.94,True,True,False,False,0.0,0.6454286172150888,0.0,0.811227026269431,61.56504387856223,0.2621244542480843,0.9815316190026766,0.11825059552226906,0.5243112622202595,0.1887729737305691,0.24225337766962404,0.4180024110737639,0.24891282352606478,-0.2710871764739352,1.000120996440638,0.4873035380999571,-1.146312057870625,0.75,6.454286172150888,0.0,max_margin_greedy,-0.2710871764739352,best_effort_allocated,True,42,nominal
10,F3,UAV_1 -> BS_2 -> DC_1,2,0.48,0.88,True,True,True,True,1.0,0.7155940695876527,0.5828884686226226,0.865476192128339,17.464093703755385,0.16590394866686015,0.5985691251930809,0.07181764404122142,0.3726704228052792,0.13452380787166096,0.11291301809442988,0.285977318785135,0.8424220935826783,0.3624220935826783,0.3254022890187286,0.18149910395085844,-0.3798520202039861,0.5,7.155940695876527,0.09317917992466151,max_margin_greedy,0.3624220935826783,secure_allocated,True,42,nominal
10,F5,UAV_2 -> BS_2 -> BS_3,2,0.46,0.82,True,True,True,True,1.0,1.0,0.5,0.8487033895691547,7.551710014687952,0.17549620706218885,0.6225004733068591,0.05979613313979123,0.32663511176166743,0.15129661043084525,0.14021856023070206,0.2613886571963915,0.966714745705214,0.5067147457052139,0.19391732541318785,0.13524131340187712,-0.23448971943375096,0.5,10.884263317823997,0.11720902530922399,max_margin_greedy,0.5067147457052139,secure_allocated,True,42,nominal
10,F4,GW_2 -> UAV_2 -> BS_2 -> DC_1 -> BS_1,4,0.44,0.78,True,True,True,True,1.0,0.7384263317823997,0.5752328883414375,0.8675082946368801,27.202898257721323,0.16815564842353614,0.9090953433866276,0.05979613313979123,0.32663511176166743,0.13249170536312,0.13615544100154303,0.270750994838677,0.8531436741221935,0.4131436741221935,0.30418514560881466,0.3269468585360328,-0.4022692031696245,0.5,7.384263317823997,0.08072088566302685,max_margin_greedy,0.4131436741221935,secure_allocated,True,42,nominal
11,F1,SAT_1 -> UAV_1 -> BS_2 -> DC_1,3,0.58,1.0,True,True,False,True,0.2601483884838025,0.9960493497374905,0.20709190963212395,0.8432899396794343,41.865693871622554,0.21275593519078584,0.8803445653222308,0.09689516400815244,0.4590755097714643,0.15671006032056564,0.15391107597994869,0.3842523410101868,0.5568276077774377,-0.023172392222562288,0.6536814405012821,0.3453732380675719,-0.7572934119215536,0.6666666666666666,9.960493497374905,0.020811871078704202,max_margin_greedy,-0.023172392222562288,best_effort_allocated,True,42,nominal
11,F2,SAT_2 -> SAT_1 -> GW_1 -> BS_1,3,0.52,0.94,True,True,False,False,0.001204877911267797,0.6901508293052696,0.001742775677832686,0.8600220943751159,50.02400461547585,0.2517207044198638,0.9531543841402966,0.10993596522265156,0.49972277973143353,0.13997790562488413,0.199607288259809,0.515393841642893,0.2804354168010941,-0.23956458319890594,0.957769595120703,0.38344535487222065,-1.0728032015823692,0.6666666666666666,6.9015082930526965,9.639023290142375e-05,max_margin_greedy,-0.23956458319890594,best_effort_allocated,True,42,nominal
11,F3,UAV_1 -> BS_2 -> DC_1,2,0.48,0.88,True,True,True,True,1.0,0.7091191401103429,0.5850967182635605,0.8639343251028374,16.71121678811042,0.16039192825010024,0.5628574150956667,0.06738380108853188,0.35608377792433044,0.1360656748971626,0.11937905558116896,0.2533946314881055,0.8391691645722785,0.35916916457227854,0.3220281476213492,0.17798567834451529,-0.3754238511247038,0.5,7.09119140110343,0.11609421328656908,max_margin_greedy,0.35916916457227854,secure_allocated,True,42,nominal
11,F5,UAV_2 -> BS_2 -> DC_1 -> BS_3,3,0.46,0.82,True,True,True,True,1.0,1.0,0.5,0.8471482397303532,12.182991871668,0.1505156101604921,0.6271675592266628,0.05339783837859711,0.300659037565319,0.15285176026964675,0.11632557666896697,0.1873385801538439,0.9663726127406778,0.5063726127406778,0.17652417122287345,0.20685396206778398,-0.23858035984320863,0.3333333333333333,16.241943637783532,0.10240996429376571,max_margin_greedy,0.5063726127406778,secure_allocated,True,42,nominal
11,F4,GW_2 -> UAV_2 -> BS_2 -> DC_1 -> BS_1,4,0.44,0.78,True,True,True,True,1.0,1.0,0.5,0.8624108588410466,28.530350905464132,0.16540494821500282,0.9063249081934731,0.05883771996582466,0.3228137184900939,0.13758914115895338,0.13235233992052917,0.2551365308692602,0.9697303889450303,0.5297303889450302,0.18540526737424445,0.3331416375588326,-0.2853477586418942,0.5,12.741943637783532,0.08439773959751314,max_margin_greedy,0.5297303889450302,secure_allocated,True,42,nominal
12,F1,SAT_1 -> UAV_1 -> BS_2 -> DC_1,3,0.58,1.0,True,True,True,True,0.3307637784711208,0.9666588602728844,0.25493911435931393,0.8386234746408228,42.23272726788662,0.21066807403287452,0.8795382005400906,0.09423301441534274,0.4504434260575908,0.16137652535917724,0.1405374295859294,0.38354963498186373,0.5814137297028954,0.0014137297028954388,0.6259977601262958,0.34708606058347086,-0.7301235783013371,0.6666666666666666,9.666588602728844,0.026461102277689667,max_margin_greedy,0.0014137297028954388,secure_allocated,True,42,nominal
12,F2,SAT_2 -> SAT_1 -> GW_1 -> BS_1,3,0.52,0.94,True,True,False,False,0.0,0.6781193250507335,0.0,0.8473683400506121,48.850652671507476,0.25458005872336104,0.9493158108569574,0.11038910847326514,0.5010885123219455,0.15263165994938785,0.18493812577329302,0.5216574960565944,0.2715747310839647,-0.24842526891603534,0.9682584234220342,0.3779697124670348,-1.0816493371621445,0.6666666666666666,6.781193250507335,0.0,max_margin_greedy,-0.24842526891603534,best_effort_allocated,True,42,nominal
12,F3,UAV_1 -> BS_2 -> DC_1,2,0.48,0.88,True,True,True,True,1.0,0.7225336136281302,0.5805401950291841,0.8625776245521583,17.312069644844737,0.15859772838743863,0.5757879456906514,0.0678805273352214,0.3579639468899234,0.13742237544784175,0.10484686110165525,0.2612144044216531,0.8449072035341334,0.3649072035341334,0.31595276096269487,0.18078965834260874,-0.37018965846547747,0.5,7.225336136281301,0.1110430268385224,max_margin_greedy,0.3649072035341334,secure_allocated,True,42,nominal
12,F5,UAV_2 -> BS_2 -> DC_1 -> BS_3,3,0.46,0.82,True,True,True,True,1.0,1.0,0.5,0.8530142938727144,12.092636395963794,0.1527956222820131,0.6254042048730006,0.06010549870580538,0.3278635673243395,0.14698570612728565,0.11129065999767464,0.21305942610172868,0.9676631446519972,0.5076631446519972,0.18306077720599356,0.20643230318116437,-0.24499046816034287,0.3333333333333333,15.892271279717816,0.09167201360754913,max_margin_greedy,0.5076631446519972,secure_allocated,True,42,nominal
12,F4,GW_2 -> UAV_2 -> BS_2 -> DC_1 -> BS_1,4,0.44,0.78,True,True,True,True,1.0,1.0,0.5,0.8657707988216927,28.82567185966638,0.16558906494056175,0.9078860029858243,0.06010549870580538,0.3278635673243395,0.13422920117830725,0.12650891596532948,0.26893299848289853,0.9704695757407724,0.5304695757407725,0.18601139531356525,0.33451980201177645,-0.2863673359170982,0.5,12.392271279717816,0.0842419015498401,max_margin_greedy,0.5304695757407725,secure_allocated,True,42,nominal
13,F1,SAT_1 -> UAV_1 -> GW_1 -> BS_1 -> DC_1,4,0.58,1.0,True,True,False,True,0.2506570552317647,0.9948904433989579,0.2012424700842974,0.8362603579397168,43.71894658975618,0.21179333909948223,0.9365460723908312,0.09495747766901398,0.45280425386510315,0.1637396420602832,0.13347993390661522,0.39226608000148083,0.5495393586537393,-0.030460641346260697,0.6589687074073035,0.4040217507521955,-0.7801752326329622,0.5,9.94890443398958,0.020052564418541176,max_margin_greedy,-0.030460641346260697,best_effort_allocated,True,42,nominal
13,F2,SAT_2 -> SAT_1 -> GW_1 -> BS_1,3,0.52,0.94,True,True,False,False,0.0,0.7289323232388856,0.0,0.8327910730468973,48.094210027250234,0.2560689118616176,0.9451311035585818,0.11305919781416168,0.5090750177406617,0.16720892695310277,0.17870516066010403,0.5088533861387606,0.29123358152781587,-0.22876641847218415,0.9512661832450775,0.3744396467938344,-1.0635980772832279,0.6666666666666666,7.289323232388856,0.0,max_margin_greedy,-0.22876641847218415,best_effort_allocated,True,42,nominal
13,F3,UAV_1 -> GW_1 -> BS_2 -> DC_1,3,0.48,0.88,True,True,True,True,0.30404344505675035,0.9430849276205269,0.24379482635299524,0.8247124911402016,18.735934897366995,0.18508006354608467,0.7906592195794788,0.0840483739685419,0.41628566889049046,0.17528750885979846,0.09341107256192645,0.3127094511623897,0.5530488602612941,0.07304886026129409,0.6343085855570666,0.2374343628543793,-0.7055388944133804,0.3333333333333333,9.430849276205269,0.024323475604540026,max_margin_greedy,0.07304886026129409,secure_allocated,True,42,nominal
13,F5,UAV_2 -> GW_2 -> BS_3,2,0.46,0.82,True,True,True,True,0.9896904054626899,1.0,0.4974092465569002,0.8101866002028066,20.43150148212384,0.20553858550312104,0.7882935529026328,0.06160957899250774,0.33380148481233607,0.1898133997971933,0.0915793257892562,0.3705950314304287,0.9525707750490968,0.4925707750490968,0.22337195963039166,0.19534700691657791,-0.28197606170536504,0.5,12.876153919998066,0.0791752324370152,max_margin_greedy,0.4925707750490968,secure_allocated,True,42,nominal
13,F4,GW_2 -> SAT_2 -> SAT_1 -> GW_1 -> BS_1,4,0.44,0.78,True,False,False,False,0.0,0.2789323232388856,0.0,0.8108697106141727,93.14372723441367,0.30689706437038755,0.9915417470686527,0.11938131787121616,0.5275798640601242,0.18913028938582735,0.2554540282202474,0.5806089027227642,0.08391088179261652,-0.3560891182073835,1.186087763189089,0.6346707270939305,-1.376488981317268,0.75,2.789323232388856,0.0,max_margin_greedy,-0.3560891182073835,degraded_unallocated,False,42,nominal
14,F1,SAT_1 -> UAV_1 -> BS_2 -> DC_1,3,0.58,1.0,True,True,True,True,0.3208481593619401,0.9996407499690406,0.2429767922280364,0.8331853326546753,41.0052574631276,0.2158419280334527,0.8639363053732575,0.09630132148306193,0.4571601888125344,0.1668146673453246,0.1311396356988304,0.40573374807363005,0.5896055983191639,0.009605598319163966,0.6218133164990234,0.3413578681612621,-0.724220676947402,0.6666666666666666,9.996407499690406,0.02566785274895521,max_margin_greedy,0.009605598319163966,secure_allocated,True,42,nominal
14,F2,SAT_2 -> SAT_1 -> GW_1 -> BS_1,3,0.52,0.94,True,True,False,False,0.0,0.6971496697448125,0.0,0.8271503767841756,49.68787952721536,0.2622218923900945,0.9432190632646675,0.11354463406795057,0.510515924476802,0.17284962321582442,0.1821238419530554,0.5192096374282277,0.27569043427768425,-0.24430956572231577,0.9699383984170588,0.381876771127005,-1.0845014297551603,0.6666666666666666,6.971496697448125,0.0,max_margin_greedy,-0.24430956572231577,best_effort_allocated,True,42,nominal
14,F3,UAV_1 -> BS_2 -> DC_1,2,0.48,0.88,True,True,True,True,1.0,0.715801005909739,0.5828181686312671,0.8595555495352472,17.230351827047958,0.16458922615391314,0.5621028471230336,0.07259351625124559,0.37552844882080855,0.14044445046475285,0.09830056384349353,0.28759621716690525,0.8412126735571369,0.36121267355713693,0.32673459041732617,0.1804083085262238,-0.38085708297519333,0.5,7.158010059097391,0.11056665482922629,max_margin_greedy,0.36121267355713693,secure_allocated,True,42,nominal
14,F5,UAV_2 -> BS_2 -> DC_1 -> BS_3,3,0.46,0.82,True,True,True,True,1.0,1.0,0.5,0.841948630935291,12.378445740512655,0.1652543839919439,0.6274344621576358,0.06336494298166871,0.3406601334168833,0.15805136906470904,0.11179888443501955,0.24236641032927586,0.965228698805764,0.5052286988057639,0.19430080734483157,0.2077660801223924,-0.2566306313815493,0.3333333333333333,17.155641241815072,0.09263538055042228,max_margin_greedy,0.5052286988057639,secure_allocated,True,42,nominal
14,F4,GW_2 -> BS_2 -> UAV_1 -> GW_1 -> BS_1,4,0.44,0.78,True,False,False,True,0.30148144650064396,0.2158010059097391,0.5828178495052938,0.8187092683237278,34.47400647425254,0.21284896374827947,0.8876277116325848,0.09579435775680961,0.4555204536711491,0.18129073167627224,0.11117980472152345,0.3916567723099997,0.2230412872659569,-0.2169587127340431,0.9866208598385562,0.3608786968798452,-1.0948844689025097,0.5,2.158010059097391,0.02411851572005152,max_margin_greedy,-0.2169587127340431,degraded_unallocated,False,42,nominal
15,F1,SAT_1 -> UAV_1 -> BS_2 -> DC_1,3,0.58,1.0,True,True,True,True,0.43452944769640806,1.0,0.30290730412971506,0.8288705132956197,40.6282412042021,0.2188083027285028,0.8592807266807976,0.09232390467848334,0.4441795060366461,0.17112948670438036,0.13039653627201522,0.4107242913197082,0.6513427091580607,0.07134270915806074,0.558165903578927,0.3395984589529431,-0.66004544126481,0.6666666666666666,10.403605981733751,0.034762355815712645,max_margin_greedy,0.07134270915806074,secure_allocated,True,42,nominal
15,F2,SAT_2 -> SAT_1 -> UAV_1 -> BS_2 -> BS_1,4,0.52,0.94,True,True,False,True,0.23884562865845918,0.5403605981733751,0.3065242812927444,0.8209258310410856,58.74142946911877,0.23697498383057625,0.9520517312780866,0.09232390467848334,0.4441795060366461,0.17907416895891443,0.136437727528628,0.46184115816190546,0.3351310477692102,-0.1848689522307898,0.8825525714637106,0.47412667085588756,-1.024790572720477,0.75,5.403605981733751,0.019107650292676734,max_margin_greedy,-0.1848689522307898,best_effort_allocated,True,42,nominal
15,F3,UAV_1 -> GW_1 -> BS_1 -> DC_1,3,0.48,0.88,True,True,True,True,0.32937963510144486,1.0,0.2477694304955333,0.8363911430818792,19.93246935430579,0.1898292671162659,0.7867669375035059,0.08729814579998588,0.4273864951591311,0.16360885691812077,0.1110821117357287,0.33152259192957184,0.5951648507838081,0.11516485078380811,0.5971049432082943,0.2430181903200937,-0.6700104003043225,0.3333333333333333,12.516554619070645,0.02635037080811559,max_margin_greedy,0.11516485078380811,secure_allocated,True,42,nominal
15,F5,UAV_2 -> BS_2 -> DC_1 -> BS_3,3,0.46,0.82,True,True,True,True,1.0,1.0,0.5,0.8391191585971699,13.134035578303962,0.1682802071131941,0.6228923727874005,0.06409170032778831,0.3434777196322204,0.16088084140283007,0.11351949500719366,0.2473119199190499,0.9646062148913774,0.5046062148913775,0.196989308217615,0.21129216603208514,-0.26037695802724053,0.3333333333333333,17.152422337075105,0.09038765586609848,max_margin_greedy,0.5046062148913775,secure_allocated,True,42,nominal
15,F4,GW_2 -> UAV_2 -> BS_2 -> BS_1,3,0.44,0.78,True,True,True,True,1.0,1.0,0.5,0.8041527620471349,25.38018784672158,0.2138731195093363,0.8635975415692108,0.06525206057262183,0.3479500744897988,0.19584723795286504,0.14076172220229155,0.33405338307943827,0.9569136076503697,0.5169136076503698,0.22631681475128132,0.268440876618034,-0.3068490777366915,0.6666666666666666,12.423845795318604,0.09912704339171936,max_margin_greedy,0.5169136076503698,secure_allocated,True,42,nominal
16,F1,SAT_1 -> UAV_1 -> BS_2 -> DC_1,3,0.58,1.0,True,True,False,True,0.2595719043360301,1.0,0.20607946512816247,0.8269979354621696,39.222352890914884,0.22504373721152937,0.8574705228918567,0.09899582582992521,0.4658043305880938,0.17300206453783032,0.1282053288340412,0.43492483807717347,0.5547040931864938,-0.02529590681350613,0.6630166712057178,0.3330376468242694,-0.7629279652529987,0.6666666666666666,10.701174043648523,0.02076575234688241,max_margin_greedy,-0.02529590681350613,best_effort_allocated,True,42,nominal
16,F2,SAT_2 -> SAT_1 -> GW_1 -> BS_1,3,0.52,0.94,True,True,False,False,0.0,0.737674529724122,0.0,0.8306350242886923,49.77936368037168,0.26862492726332055,0.9388917618549341,0.11567921443796103,0.5168120257334523,0.1693649757113077,0.18871541241756898,0.5431842578718454,0.2946932437193671,-0.2253067562806329,0.9553909799824901,0.38230369717506785,-1.0700820891350105,0.6666666666666666,7.37674529724122,0.0,max_margin_greedy,-0.2253067562806329,best_effort_allocated,True,42,nominal
16,F3,UAV_1 -> BS_2 -> DC_1,2,0.48,0.88,True,True,True,True,1.0,0.6887348417761038,0.5921592752526286,0.8403549392550564,16.468271747081104,0.18143737333352022,0.5453561796369825,0.07929657287805092,0.3996957585316321,0.15964506074494356,0.09665601081431077,0.3224011710160095,0.8248087654353591,0.3448087654353591,0.35676199219763305,0.17685193481971181,-0.40981757264354657,0.5,6.887348417761038,0.08999617620451503,max_margin_greedy,0.3448087654353591,secure_allocated,True,42,nominal
16,F5,UAV_2 -> BS_2 -> DC_1 -> BS_3,3,0.46,0.82,True,True,True,True,1.0,1.0,0.5,0.8307329123937821,13.476921602178425,0.1703180704417922,0.6324478338008541,0.06547767769003715,0.3488159516121858,0.1692670876062178,0.1101497646515407,0.24441180649412794,0.962761240726632,0.502761240726632,0.2010858788752209,0.21289230081016597,-0.26495356911827067,0.3333333333333333,17.008569276018022,0.088429164750532,max_margin_greedy,0.502761240726632,secure_allocated,True,42,nominal
16,F4,GW_2 -> UAV_2 -> BS_2 -> BS_1,3,0.44,0.78,True,True,True,True,1.0,1.0,0.5,0.8108996209689602,25.02159207891156,0.20732112889823173,0.8641883398510681,0.06671626202222154,0.3535481336335648,0.18910037903103985,0.12872203632521348,0.334437389746799,0.9583979166131712,0.5183979166131711,0.22328362479942432,0.2667674297015873,-0.3033138537099005,0.6666666666666666,11.937124392469528,0.09337859671855986,max_margin_greedy,0.5183979166131711,secure_allocated,True,42,nominal
17,F1,SAT_1 -> UAV_1 -> BS_2 -> DC_1,3,0.58,1.0,True,True,False,False,0.14645714142321953,1.0,0.12774759398454846,0.826909697099859,42.58798790860231,0.22499001600102897,0.8484249690058684,0.10400468007940335,0.4815630842521016,0.17309030290014105,0.1304560882488265,0.43185021288527015,0.4924715611447397,-0.08752843885526024,0.7291647171187488,0.34874394357347743,-0.833787900190792,0.6666666666666666,10.715841279983941,0.011716571313857562,max_margin_greedy,-0.08752843885526024,best_effort_allocated,True,42,nominal
17,F2,SAT_2 -> GW_2 -> UAV_2 -> BS_2 -> BS_1,4,0.52,0.94,True,True,False,False,0.0,0.598073081552565,0.0,0.7836362558521941,73.23236413578162,0.27081072631034747,0.9781637554308091,0.12081307194250779,0.5316935084144703,0.2163637441478059,0.1959781597942153,0.4586143740222809,0.2215328629861369,-0.2984671370138631,1.033255340957137,0.5417510326336475,-1.1957806507472313,0.75,5.98073081552565,0.0,max_margin_greedy,-0.2984671370138631,best_effort_allocated,True,42,nominal
17,F3,UAV_1 -> BS_2 -> DC_1,2,0.48,0.88,True,True,True,True,1.0,0.7569697803795403,0.5691617529039004,0.8540794791695154,17.55202682372319,0.16928088277356038,0.536206927508605,0.06929941756504533,0.3633037592455283,0.1459205208304845,0.09447795100234047,0.3010930523965608,0.8585338865880866,0.3785338865880866,0.30846845047139765,0.1819094585107082,-0.3630412880246101,0.5,7.569697803795403,0.13657572919583388,max_margin_greedy,0.3785338865880866,secure_allocated,True,42,nominal
17,F5,UAV_2 -> BS_2 -> DC_1 -> BS_3,3,0.46,0.82,True,True,True,True,1.0,1.0,0.5,0.8370381727736644,13.520649786703434,0.16234030129078442,0.6436099562854855,0.061699302693040387,0.3341539053965147,0.16296182722633556,0.10311506018689598,0.2322918439314584,0.9641483980102061,0.5041483980102062,0.19244321391977554,0.21309636567128268,-0.25637212362116035,0.3333333333333333,11.636505113910705,0.09152573140043241,max_margin_greedy,0.5041483980102062,secure_allocated,True,42,nominal
17,F4,GW_2 -> UAV_2 -> BS_2 -> BS_1,3,0.44,0.78,True,True,True,True,0.9555197245795304,0.7798636117030707,0.5506101762083114,0.7951769012136625,25.949591402795665,0.21647967090109466,0.8622679656777456,0.0670870340820856,0.35495777835547915,0.20482309878633745,0.12852063913736358,0.343012338824135,0.8314133920521293,0.39141339205212927,0.3547419044422331,0.27109809321304645,-0.43607133240614704,0.6666666666666666,7.798636117030707,0.07644157796636243,max_margin_greedy,0.39141339205212927,secure_allocated,True,42,nominal
18,F1,SAT_1 -> UAV_1 -> BS_2 -> DC_1,3,0.58,1.0,True,True,False,True,0.263353448402162,1.0,0.20845587490598197,0.8340136421169794,43.33642306942332,0.22485497057753806,0.8504777936010416,0.09934400698262072,0.46691268913870465,0.16598635788302063,0.14103025773469882,0.4314081288390765,0.5583273978869245,-0.021672602113075423,0.6595855111576437,0.3522366409906421,-0.7652565034548364,0.6666666666666666,10.654562186069382,0.02106827587217296,max_margin_greedy,-0.021672602113075423,best_effort_allocated,True,42,nominal
18,F2,SAT_2 -> SAT_1 -> GW_1 -> BS_1,3,0.52,0.94,True,True,False,False,0.0,0.7563528271948978,0.0,0.8192777082337659,52.004660028511225,0.27237997106498985,0.9323908563175681,0.12092228495954063,0.5320061472623615,0.18072229176623403,0.19182031290668214,0.5340353835927196,0.3005998680491325,-0.2194001319508675,0.9549726557457032,0.3926884134663857,-1.072779179785619,0.6666666666666666,7.563528271948979,0.0,max_margin_greedy,-0.2194001319508675,best_effort_allocated,True,42,nominal
18,F3,UAV_1 -> BS_2 -> DC_1,2,0.48,0.88,True,True,True,True,1.0,0.7389223254847627,0.5750688143711238,0.856838175487683,18.28608125004512,0.17403413279613594,0.5461657386341077,0.07170708454963083,0.37226210504289003,0.14316182451231702,0.10206645312152297,0.3159655033165456,0.8510194450754336,0.3710194450754336,0.3203614409435501,0.18533504583354388,-0.37596195469361327,0.5,7.389223254847627,0.12331123973197453,max_margin_greedy,0.3710194450754336,secure_allocated,True,42,nominal
18,F5,UAV_2 -> BS_2 -> DC_1 -> BS_3,3,0.46,0.82,True,True,True,True,1.0,1.0,0.5,0.8476115980040876,14.386925664176555,0.16446170689508682,0.6380502478421476,0.0644224386559667,0.34475575429333283,0.15238840199591244,0.11799274122578818,0.24195641451675906,0.9664745515608992,0.5064745515608993,0.19372215511522306,0.21713898643282392,-0.25886385104507026,0.3333333333333333,15.580905262405436,0.09062606507285809,max_margin_greedy,0.5064745515608993,secure_allocated,True,42,nominal
18,F4,GW_2 -> UAV_2 -> BS_2 -> BS_1,3,0.44,0.78,True,True,True,True,1.0,1.0,0.5,0.7972278058675494,26.528711078896347,0.22259586291821926,0.8630702988492864,0.07164682280865409,0.3720394351530737,0.2027721941324506,0.13732876100430555,0.3605989890292993,0.9553901172908609,0.5153901172908608,0.23778787981060623,0.2738006517015163,-0.3199280753210611,0.6666666666666666,12.080905262405436,0.08175273905267001,max_margin_greedy,0.5153901172908608,secure_allocated,True,42,nominal
19,F1,SAT_1 -> UAV_1 -> BS_2 -> DC_1,3,0.58,1.0,True,True,False,False,0.06680060999441452,1.0,0.06261770884698338,0.8318811872274908,45.205220707191906,0.2310732385456824,0.8518735821789116,0.10710199288292115,0.4911123298043327,0.16811881277250929,0.1397447936172366,0.453985338851529,0.44975419668697597,-0.130245803313024,0.7770068431096642,0.36095769663356225,-0.8852941520997328,0.6666666666666666,10.527717168670076,0.005344048799553162,max_margin_greedy,-0.130245803313024,best_effort_allocated,True,42,nominal
19,F2,SAT_2 -> SAT_1 -> GW_1 -> BS_1,3,0.52,0.94,True,True,False,False,0.0,0.7365218360813522,0.0,0.8247687260543423,54.43815841073183,0.2685422478783316,0.9331891725536328,0.11220895429214603,0.5065430867731611,0.17523127394565774,0.19465232017091186,0.5251699142060481,0.29288394596856376,-0.22711605403143625,0.9545958372699758,0.4040447392500819,-1.0758092590450004,0.6666666666666666,7.365218360813523,0.0,max_margin_greedy,-0.22711605403143625,best_effort_allocated,True,42,nominal
19,F3,UAV_1 -> BS_2 -> DC_1,2,0.48,0.88,True,True,True,True,1.0,0.7958289119994865,0.5568459185160318,0.8580975254705272,18.993696464453286,0.17535232793421257,0.5282449098814965,0.07466349160977763,0.3830906934930965,0.1419024745294728,0.10167791020798025,0.32397136533422294,0.8769044660032849,0.3969044660032849,0.2977767549403849,0.18863725016744864,-0.3543679299906195,0.5,7.958289119994864,0.11483159983004271,max_margin_greedy,0.3969044660032849,secure_allocated,True,42,nominal
19,F5,UAV_2 -> BS_2 -> DC_1 -> BS_3,3,0.46,0.82,True,True,True,True,1.0,1.0,0.5,0.8445169025650405,14.724367015749502,0.16543833210601283,0.655671339645608,0.059717537864871356,0.32632262808073975,0.15548309743495947,0.11290935541429409,0.24639252654397137,0.965793718564309,0.5057937185643089,0.19023418790358176,0.21871371274016432,-0.25584830172563106,0.3333333333333333,15.627077533729864,0.10087966966416034,max_margin_greedy,0.5057937185643089,secure_allocated,True,42,nominal
19,F4,GW_2 -> UAV_2 -> BS_2 -> BS_1,3,0.44,0.78,True,True,True,True,0.9761993806944601,1.0,0.49397818369491237,0.7945511060096906,26.874075810601838,0.2255946222917669,0.8585708888409627,0.07345258791643111,0.37867790679221874,0.2054488939903094,0.14239851013019839,0.36169226782827263,0.941710902704085,0.5017109027040849,0.25447615402526486,0.2754123537828086,-0.3370998601601074,0.6666666666666666,12.186290965295457,0.07809595045555681,max_margin_greedy,0.5017109027040849,secure_allocated,True,42,nominal
20,F1,SAT_1 -> UAV_1 -> BS_2 -> DC_1,3,0.58,1.0,True,True,False,False,0.11091240740329607,1.0,0.0998390212082953,0.82976021020528,47.081972002718864,0.24016844979937496,0.8558218234243604,0.10516306395257055,0.48515164766326757,0.17023978979472001,0.1479382750637672,0.47671624749048314,0.4735490703169744,-0.10645092968302555,0.7558146440085611,0.36971586934602135,-0.8667294048123675,0.6666666666666666,11.05029619332702,0.008872992592263686,max_margin_greedy,-0.10645092968302555,best_effort_allocated,True,42,nominal
20,F2,SAT_2 -> SAT_1 -> GW_1 -> BS_1,3,0.52,0.94,True,True,False,False,0.0,0.7448379878631964,0.0,0.8380877370779926,52.7779901482106,0.26361293275541864,0.9379560675745904,0.11774323138200442,0.5228388733856542,0.16191226292200753,0.19916981763898675,0.524005876595277,0.29955639669559675,-0.22044360330440327,0.9497791413907551,0.39629728735831615,-1.06866832759825,0.6666666666666666,7.448379878631965,0.0,max_margin_greedy,-0.22044360330440327,best_effort_allocated,True,42,nominal
20,F3,UAV_1 -> BS_2 -> DC_1,2,0.48,0.88,True,True,True,True,0.9336925747782545,0.8051354530601115,0.536966600394048,0.8560179179478262,20.206107632374263,0.18797930121348727,0.5410608731920761,0.08372910781850353,0.4151845280529201,0.14398208205217378,0.10684886036073332,0.3645308247271562,0.844165811953612,0.364165811953612,0.34422100560568736,0.1942951689510799,-0.4025095562910113,0.5,8.051354530601115,0.07469540598226036,max_margin_greedy,0.364165811953612,secure_allocated,True,42,nominal
20,F5,UAV_2 -> BS_2 -> DC_1 -> BS_3,3,0.46,0.82,True,True,True,True,1.0,1.0,0.5,0.8547620145771209,15.05996258950992,0.16082838858188736,0.6581996473553742,0.0618383163561149,0.33469953309751665,0.14523798542287913,0.11105333388132628,0.2486211799087755,0.9680476432069666,0.5080476432069665,0.1880000149292619,0.22027982541771296,-0.25408396255457577,0.3333333333333333,15.49163333572166,0.09277210285197854,max_margin_greedy,0.5080476432069665,secure_allocated,True,42,nominal
20,F4,GW_2 -> UAV_2 -> BS_2 -> BS_1,3,0.44,0.78,True,True,True,True,1.0,1.0,0.5,0.7984684202018979,26.382377503321965,0.22070858636909468,0.8655019271418904,0.07096232079103859,0.3695046252340133,0.2015315797981021,0.1389671191431033,0.3533169588680711,0.9556630524444175,0.5156630524444175,0.23603196773017843,0.27311776168216917,-0.31796729623482917,0.6666666666666666,11.99163333572166,0.08037314046668544,max_margin_greedy,0.5156630524444175,secure_allocated,True,42,nominal
21,F1,SAT_1 -> UAV_1 -> BS_2 -> DC_1,3,0.58,1.0,True,True,False,True,0.2713928459954685,1.0,0.21346104538048957,0.8313831433143175,46.15940996508662,0.23793014079745328,0.8551749949830311,0.09817320067590735,0.4631778830740422,0.16861685668568252,0.15550750626814827,0.46160121363380674,0.5621703568266575,-0.017829643173342458,0.660692677300707,0.36541057983707087,-0.7703158512518282,0.6666666666666666,11.129857660565582,0.021711427679637477,max_margin_greedy,-0.017829643173342458,best_effort_allocated,True,42,nominal
21,F2,SAT_2 -> SAT_1 -> GW_1 -> BS_1,3,0.52,0.94,True,True,False,False,0.0,0.7642249800217963,0.0,0.8318771375979642,54.68989977720299,0.2783990196609005,0.9363592301597486,0.11732723558401163,0.5216289720209717,0.16812286240203575,0.2133477066282593,0.5549576783660266,0.3069142112813604,-0.2130857887186396,0.9487725905712877,0.40521953229361396,-1.0703384502593718,0.6666666666666666,7.642249800217963,0.0,max_margin_greedy,-0.2130857887186396,best_effort_allocated,True,42,nominal
21,F3,UAV_1 -> BS_2 -> DC_1,2,0.48,0.88,True,True,True,True,1.0,0.746931246176492,0.5724323737346273,0.8528889541155587,19.617753184054536,0.19228084903460185,0.5347110011414657,0.07627487564202133,0.38891550686065934,0.1471110458844414,0.1159714127906061,0.36515781819768556,0.8537546306848443,0.37375463068484427,0.3300006280958914,0.19154951485892113,-0.3874654825535678,0.5,7.46931246176492,0.10641788930288364,max_margin_greedy,0.37375463068484427,secure_allocated,True,42,nominal
21,F5,UAV_2 -> BS_2 -> DC_1 -> BS_3,3,0.46,0.82,True,True,True,True,1.0,1.0,0.5,0.8640660844162523,14.71830498731317,0.15994408602361407,0.6811412576173239,0.059316137981793686,0.3247242396758404,0.13593391558374768,0.11615232464871326,0.25571250646525456,0.9700945385715755,0.5100945385715754,0.183061360058011,0.2186854232741281,-0.24866698704024942,0.3333333333333333,15.33124285489996,0.09392139546901747,max_margin_greedy,0.5100945385715754,secure_allocated,True,42,nominal
21,F4,GW_2 -> UAV_2 -> BS_2 -> BS_1,3,0.44,0.78,True,True,True,True,0.7947343649758059,1.0,0.4428144802289554,0.8149751624697759,26.314096201880034,0.2211415143954908,0.8652789469368056,0.07887189686104046,0.3981917221749348,0.18502483753022422,0.14890991053419939,0.37282945738652035,0.8463984364800439,0.40639843648004387,0.35266317554166066,0.27279911560877346,-0.43450291022429266,0.6666666666666666,11.83124285489996,0.06357874919806447,max_margin_greedy,0.40639843648004387,secure_allocated,True,42,nominal
22,F1,SAT_1 -> UAV_1 -> BS_2 -> DC_1,3,0.58,1.0,True,True,False,False,0.1443755089068047,1.0,0.12616095659432913,0.8376504590782395,45.61208422941552,0.23674266285372086,0.853369270295971,0.10353267896292723,0.48009492416049826,0.16234954092176038,0.15794900332768316,0.46520267376249497,0.4936896308959553,-0.08631036910404466,0.7328682984283437,0.36285639307060574,-0.8417252163495254,0.6666666666666666,10.77899992832562,0.011550040712544375,max_margin_greedy,-0.08631036910404466,best_effort_allocated,True,42,nominal
22,F2,SAT_2 -> SAT_1 -> GW_1 -> BS_1,3,0.52,0.94,True,True,False,False,0.0,0.7462779262815918,0.0,0.8515344569201488,56.55402422091521,0.27252323398807066,0.9416701629174707,0.12197694195996797,0.5350169520918399,0.14846554307985116,0.22142248183259983,0.5571479802094307,0.30316264734914905,-0.21683735265085097,0.9532270459684427,0.41391877969760427,-1.0774026798777239,0.6666666666666666,7.462779262815919,0.0,max_margin_greedy,-0.21683735265085097,best_effort_allocated,True,42,nominal
22,F3,UAV_1 -> BS_2 -> DC_1,2,0.48,0.88,True,True,True,True,1.0,0.7494255698695825,0.5716162020397065,0.8490391459920132,19.174078039800854,0.19037341245587852,0.5246754590880648,0.07429689096734973,0.38175797674845374,0.15096085400798676,0.1142241932015164,0.3526950807673183,0.8540301185595551,0.37403011855955515,0.3270774112327037,0.18947903085240397,-0.38392112048842486,0.5,7.4942556986958255,0.11376095985285203,max_margin_greedy,0.37403011855955515,secure_allocated,True,42,nominal
22,F5,UAV_2 -> BS_2 -> DC_1 -> BS_3,3,0.46,0.82,True,True,True,True,1.0,1.0,0.5,0.8694749612861826,14.432214366193698,0.1571387932418535,0.6750136489823937,0.05731922909293997,0.3167100345765446,0.13052503871381735,0.11845994099549682,0.25145817408794663,0.9712844914829601,0.5112844914829602,0.1786054741200101,0.21735033370890391,-0.24381057423268127,0.3333333333333333,14.978173845867039,0.09561994339102622,max_margin_greedy,0.5112844914829602,secure_allocated,True,42,nominal
22,F4,GW_2 -> UAV_2 -> BS_2 -> BS_1,3,0.44,0.78,True,True,True,True,0.7759846851112703,1.0,0.43693208146254525,0.8069847319408421,26.055906376403254,0.21919568470497458,0.8632679471282585,0.0796537647362888,0.40095803232543836,0.19301526805915792,0.15005788195196093,0.349285797971061,0.8343282178381839,0.3943282178381839,0.3645493483604143,0.2715942297565485,-0.44602761728737883,0.6666666666666666,11.478173845867039,0.06207877480890162,max_margin_greedy,0.3943282178381839,secure_allocated,True,42,nominal
23,F1,SAT_1 -> UAV_1 -> BS_2 -> DC_1,3,0.58,1.0,True,True,False,False,0.1938441507297318,1.0,0.16236972858747556,0.849636404886498,46.18291475478404,0.23455931089533366,0.8677121680446738,0.10069738720961244,0.4712023686938794,0.15036359511350197,0.17105739829771868,0.46231389441976867,0.5235342919763821,-0.05646570802361783,0.6998179900999879,0.36552026885565886,-0.8094740707566855,0.6666666666666666,10.800415747527307,0.015507532058378544,max_margin_greedy,-0.05646570802361783,best_effort_allocated,True,42,nominal
23,F2,SAT_2 -> SAT_1 -> GW_1 -> BS_1,3,0.52,0.94,True,True,False,False,0.0,0.725598833280716,0.0,0.8601559959002824,54.553430038991735,0.2677973201121426,0.9443299271230917,0.1160307917305001,0.5178428374113277,0.13984400409971776,0.22763967681793743,0.5463024608875534,0.2957537940743843,-0.22424620592561573,0.9542157093289119,0.40458267351529476,-1.0755905113835003,0.6666666666666666,7.25598833280716,0.0,max_margin_greedy,-0.22424620592561573,best_effort_allocated,True,42,nominal
23,F3,UAV_1 -> BS_2 -> DC_1,2,0.48,0.88,True,True,True,True,1.0,0.7590392157387585,0.568492158135327,0.863150982755901,19.541230561416587,0.18609881166039763,0.5498491655292548,0.07767196922795683,0.3939226337678083,0.1368490172440991,0.1168784427816116,0.35781288426427826,0.8614608632887396,0.3814608632887396,0.3207642604003914,0.19119240928661074,-0.37812198318637463,0.5,7.590392157387585,0.0974176968521666,max_margin_greedy,0.3814608632887396,secure_allocated,True,42,nominal
23,F5,UAV_2 -> BS_2 -> DC_1 -> BS_3,3,0.46,0.82,True,True,True,True,0.9989649745585895,1.0,0.4997411096606035,0.8826468447894148,13.931886855421551,0.1530522147601324,0.694282391186797,0.06319910754770641,0.34001540712591344,0.11735315521058516,0.12350013801236304,0.25277301404664065,0.9736130418608955,0.5136130418608955,0.18026430656264247,0.21501547199196724,-0.24476894816023265,0.3333333333333333,14.624738914536785,0.07991719796468716,max_margin_greedy,0.5136130418608955,secure_allocated,True,42,nominal
23,F4,GW_2 -> UAV_2 -> BS_2 -> BS_1,3,0.44,0.78,True,True,True,True,0.7336132163961658,1.0,0.42317006438218124,0.8205257718089135,25.087160651572827,0.2244238324294739,0.8706694029447983,0.08028382223959236,0.4031784667854208,0.17947422819108658,0.1582903943299926,0.38469324577794856,0.8140029388158522,0.37400293881585217,0.3877824024737663,0.2670734163740065,-0.4679044273859682,0.6666666666666666,11.124738914536785,0.05868905731169327,max_margin_greedy,0.37400293881585217,secure_allocated,True,42,nominal
0,F1,SAT_1 -> UAV_1 -> BS_2 -> DC_1,3,0.58,1.0,True,True,False,True,0.2298588777669591,1.0,0.18689857992838274,0.8510320718177433,45.72916610590805,0.23177703294877136,0.8662602379831796,0.09876497805804062,0.46506839656972077,0.14896792818225665,0.17746621179835687,0.4460064069089953,0.543649438571731,-0.03635056142826898,0.6769173253976463,0.36340277516090425,-0.7859381579459175,0.6666666666666666,10.741949054773412,0.018388710221356727,shortest_path_pqc,-45.72916610590805,best_effort_allocated,True,42,nominal
0,F2,SAT_2 -> UAV_2 -> BS_2 -> BS_1,3,0.52,0.94,True,True,False,False,0.0,0.5463158413314544,0.0,0.8045249534006665,40.544972583817874,0.30032878381960987,0.9173186145346442,0.12773555876115145,0.5511950791630822,0.19547504659933343,0.31031015270630735,0.47708786815207055,0.20283761834730107,-0.31716238165269894,1.0701091041622939,0.3392098720578167,-1.1718720657796389,0.6666666666666666,5.463158413314544,0.0,shortest_path_pqc,-40.544972583817874,best_effort_allocated,True,42,nominal
0,F3,UAV_1 -> BS_2 -> DC_1,2,0.48,0.88,True,True,True,True,1.0,0.7701024307422758,0.564939058120303,0.869020263475716,19.123933205915833,0.1801301069839718,0.5382958251569114,0.0747991306340464,0.38358307506417955,0.1309797365242839,0.12080323779623772,0.3397930168366909,0.8677305517986817,0.38773055179868177,0.3092237651101505,0.1892450216276072,-0.36599727159843265,0.5,7.701024307422758,0.104124626952701,shortest_path_pqc,-19.123933205915833,secure_allocated,True,42,nominal
0,F5,UAV_2 -> BS_2 -> BS_3,2,0.46,0.82,True,True,True,True,1.0,1.0,0.5,0.8593362511433145,8.50458744801092,0.17484559999764537,0.5748919741478009,0.061829833610092685,0.33466625215378115,0.1406637488566856,0.1421722469558458,0.27558095570153257,0.9690539752515291,0.5090539752515291,0.19329310778585657,0.1396880747573843,-0.23519953021307186,0.5,10.107405388253023,0.11262802844099312,shortest_path_pqc,-8.50458744801092,secure_allocated,True,42,nominal
0,F4,GW_2 -> UAV_2 -> BS_2 -> BS_1,3,0.44,0.78,True,True,True,True,0.7079144410496466,0.6607405388253023,0.5172336720787931,0.8469788609009554,25.261902498472285,0.20762268895803224,0.8762235544091825,0.08004283672601692,0.4023301100787807,0.1530211390990446,0.15329055337210118,0.3711040414073272,0.6530215344469018,0.2130215344469018,0.5409912031039079,0.267888878326204,-0.6213578666017692,0.6666666666666666,6.607405388253023,0.05663315528397173,shortest_path_pqc,-25.261902498472285,secure_allocated,True,42,nominal
1,F1,SAT_1 -> UAV_1 -> BS_2 -> BS_3 -> DC_1,4,0.58,1.0,True,True,False,False,0.11481729903913433,1.0,0.10299203209180181,0.884891342184471,41.76311573682029,0.18465341016088824,0.8899766472621795,0.10201278245862208,0.47534368372187175,0.11510865781552909,0.15041673767169625,0.35091797136956504,0.48782560975210754,-0.09217439024789242,0.7141043457507601,0.39489454010516134,-0.8325727077823085,0.5,10.739917232579351,0.009185383923130747,shortest_path_pqc,-41.76311573682029,best_effort_allocated,True,42,nominal
1,F2,SAT_2 -> UAV_2 -> BS_2 -> BS_1,3,0.52,0.94,True,True,False,False,0.0,0.5373326915028452,0.0,0.7996329897342153,40.77999376653054,0.3062409946596754,0.925190137266763,0.1245614791143706,0.5423320899030553,0.20036701026578482,0.3319375975301035,0.4659782431241648,0.19771896891780769,-0.3222810310821923,1.07567250115481,0.3403066375771425,-1.177764492427953,0.6666666666666666,5.373326915028453,0.0,shortest_path_pqc,-40.77999376653054,best_effort_allocated,True,42,nominal
1,F3,UAV_1 -> BS_2 -> BS_3 -> DC_1,3,0.48,0.88,True,True,True,True,0.8135203092184993,0.7899726715151262,0.507342607041722,0.896737578762044,17.30741130840107,0.1382416473446766,0.6004805464914157,0.07519936222116569,0.3850337177482405,0.103262421237956,0.10491556232325287,0.24119555636248213,0.780206139579631,0.30020613957963105,0.37826103116253357,0.230767919439205,-0.44749140699429507,0.3333333333333333,7.899726715151262,0.06508162473747994,shortest_path_pqc,-17.30741130840107,secure_allocated,True,42,nominal
1,F5,UAV_2 -> BS_2 -> BS_3,2,0.46,0.82,True,True,True,True,1.0,0.9959849694706143,0.5010057767445139,0.8645590085467709,8.543938963676629,0.1717383413933647,0.6257007190807369,0.06137435918974374,0.3328766240567561,0.13544099145322913,0.15104938686003894,0.26190031672559966,0.9683962181420661,0.508396218142066,0.19210519149913702,0.13987171516382427,-0.2340667060482843,0.5,9.959849694706143,0.1012349935147284,shortest_path_pqc,-8.543938963676629,secure_allocated,True,42,nominal
1,F4,GW_2 -> UAV_2 -> BS_2 -> BS_1,3,0.44,0.78,True,True,True,True,0.78465179058047,0.6459849694706143,0.5484633224106811,0.8413304357694118,26.308959697295442,0.21087261546277924,0.8790082806641727,0.07791402024523716,0.3947861214961758,0.15866956423058828,0.16297335235089885,0.3623172234149794,0.6873444169503055,0.24734441695030546,0.5062447903819892,0.2727751452540454,-0.5880773339582028,0.6666666666666666,6.4598496947061435,0.0627721432464376,shortest_path_pqc,-26.308959697295442,secure_allocated,True,42,nominal
2,F1,SAT_1 -> UAV_1 -> BS_2 -> BS_3 -> DC_1,4,0.58,1.0,True,True,False,True,0.21372616137258701,1.0,0.1760909241100043,0.8838612112460802,41.17961591740804,0.18694092537847773,0.8919037831301057,0.09522796133945567,0.4536834241589963,0.11613878875391978,0.15272938776029277,0.3554386164445041,0.5419988552290604,-0.03800114477093952,0.6555454172310036,0.3921715409479042,-0.7731968795153749,0.5,10.357472888350804,0.01709809290980696,shortest_path_pqc,-41.17961591740804,best_effort_allocated,True,42,nominal
2,F2,SAT_2 -> UAV_2 -> BS_2 -> BS_1,3,0.52,0.94,True,True,False,False,0.0,0.5265252514451289,0.0,0.8008451129813211,40.592179891438285,0.3023490260075051,0.9263592889941895,0.11978197434532266,0.5287338323959667,0.1991548870186789,0.3397740228951685,0.4431884799221962,0.19312228800619863,-0.3268777119938014,1.0751182317961703,0.33943017282671195,-1.1769472836441839,0.6666666666666666,5.265252514451288,0.0,shortest_path_pqc,-40.592179891438285,best_effort_allocated,True,42,nominal
2,F3,UAV_1 -> BS_2 -> BS_3 -> DC_1,3,0.48,0.88,True,True,True,True,0.9382815581613801,0.7445286245667626,0.5575682675275082,0.9007779156895465,15.806858664473989,0.14088209202457547,0.6072293049455926,0.07237595790059274,0.3747283513542953,0.09922208431045354,0.10219012745466984,0.2623004633938817,0.8292638794955025,0.3492638794955025,0.32781514975413023,0.22376534043421192,-0.3949447518843938,0.3333333333333333,7.445286245667626,0.07506252465291041,shortest_path_pqc,-15.806858664473989,secure_allocated,True,42,nominal
2,F5,UAV_2 -> BS_2 -> BS_3,2,0.46,0.82,True,True,True,True,1.0,1.0,0.5,0.8702370544947889,8.368896270220178,0.16944390024911948,0.6307749362575656,0.05616717634432133,0.3120382811977559,0.12976294550521106,0.15585684201512778,0.2571740886689446,0.9714521519888536,0.5114521519888535,0.18280717342268915,0.13905484926102749,-0.2245236282009974,0.5,10.057026633468416,0.1160130481620714,shortest_path_pqc,-8.368896270220178,secure_allocated,True,42,nominal
2,F4,GW_2 -> UAV_2 -> BS_2 -> BS_1,3,0.44,0.78,True,True,True,True,0.8365479199751377,0.6557026633468416,0.560594801787816,0.8493205428873143,26.052155623564968,0.2036910661795197,0.8743537235457152,0.0765010223317322,0.3897287010843273,0.1506794571126857,0.1637772127971522,0.34700858655866185,0.7220180739276135,0.2820180739276135,0.46707508112425217,0.2715767262433032,-0.5485480989972431,0.6666666666666666,6.557026633468416,0.06692383359801102,shortest_path_pqc,-26.052155623564968,secure_allocated,True,42,nominal
3,F1,SAT_1 -> UAV_1 -> BS_2 -> DC_1,3,0.58,1.0,True,True,True,True,0.29551175805402513,1.0,0.22810426552817265,0.865983759919216,41.77313804356214,0.22329553381583472,0.8810233468772581,0.0946590741143592,0.45183290879281024,0.13401624008078405,0.18054739944881967,0.435296023779344,0.5830478941119414,0.003047894111941396,0.6303933233033868,0.3449413108699566,-0.7338757165643738,0.6666666666666666,10.359544619053382,0.02364094064432201,shortest_path_pqc,-41.77313804356214,secure_allocated,True,42,nominal
3,F2,SAT_2 -> UAV_2 -> BS_2 -> BS_1,3,0.52,0.94,True,True,False,False,0.0,0.5063670064160102,0.0,0.8070929344176226,39.245264021309715,0.29694550444616474,0.9289866842779958,0.12690767701200673,0.548896072116814,0.19290706558237744,0.3374075072744586,0.43566029100702924,0.18542559845908152,-0.3345744015409185,1.085423896570896,0.33314456543277865,-1.1853672662007295,0.6666666666666666,5.063670064160101,0.0,shortest_path_pqc,-39.245264021309715,best_effort_allocated,True,42,nominal
3,F3,UAV_1 -> BS_2 -> DC_1,2,0.48,0.88,True,True,True,True,1.0,0.7526231654693316,0.570573309598023,0.8745346526240824,17.888140864655913,0.17756198424116665,0.5652900396412568,0.07497575402134578,0.38422365868521907,0.12546534737591764,0.12249710255571916,0.3374137886211519,0.8610780480384973,0.3810780480384973,0.31488075954133243,0.1834779907017276,-0.3699241567518507,0.5,7.526231654693316,0.09138808724908393,shortest_path_pqc,-17.888140864655913,secure_allocated,True,42,nominal
3,F5,UAV_2 -> BS_2 -> BS_3,2,0.46,0.82,True,True,True,True,1.0,0.9561354041788407,0.5112120550876622,0.8664601324581716,7.971721087756919,0.15957360678069263,0.6317939510905499,0.05440621197092214,0.3048272498184507,0.1335398675418285,0.1515892708181433,0.21601554056570726,0.950882161021276,0.49088216102127596,0.1971327744846484,0.13720136507619896,-0.23829318400750807,0.5,9.561354041788407,0.11953526581423414,shortest_path_pqc,-7.971721087756919,secure_allocated,True,42,nominal
3,F4,GW_2 -> SAT_2 -> SAT_1 -> GW_1 -> BS_1,4,0.44,0.78,True,True,False,False,0.0,0.6740773784173665,0.0,0.8593889288885306,97.77852044130529,0.3166907555082735,0.9939487022444625,0.12729228828650663,0.5499652349687132,0.14061107111146934,0.35077529674502067,0.5927327379384246,0.27240038464329164,-0.16759961535670836,1.0076017640776098,0.6562997620594246,-1.2044916926954372,0.75,6.740773784173665,0.0,shortest_path_pqc,-97.77852044130529,best_effort_allocated,True,42,nominal
4,F1,SAT_1 -> GW_1 -> UAV_1 -> BS_2 -> BS_3 -> DC_1,5,0.58,1.0,True,True,False,False,0.0,0.9064103781555488,0.0,0.8810742705093932,47.51753137144012,0.20551363440857895,0.9794606863403201,0.1104168930533852,0.5011721542589782,0.1189257294906066,0.17663430084516354,0.3960270635370276,0.3817210096820634,-0.19827899031793655,0.8360531643665418,0.47174847973338724,-0.977577708286558,0.6,9.064103781555488,0.0,shortest_path_pqc,-47.51753137144012,best_effort_allocated,True,42,nominal
4,F2,SAT_2 -> SAT_1 -> GW_1 -> BS_1,3,0.52,0.94,True,False,False,False,0.0,0.4064103781555488,0.0,0.8704179279974168,49.808861979235274,0.26038949621288726,0.9592204608070964,0.1104168930533852,0.5011721542589782,0.12958207200258323,0.25880534529348165,0.4977438408947213,0.15437661432942865,-0.3656233856705714,1.0880916975311152,0.3824413559030979,-1.2028241043020447,0.6666666666666666,4.064103781555488,0.0,shortest_path_pqc,-49.808861979235274,degraded_unallocated,False,42,nominal
4,F3,UAV_1 -> BS_2 -> BS_3 -> DC_1,3,0.48,0.88,True,True,True,True,0.8409530820415053,0.7568278806313149,0.5263256364218606,0.8955824513460239,14.611213481246628,0.14146298748620403,0.6292306519272086,0.0712914706766678,0.3707247890259173,0.10441754865397608,0.10809961276690422,0.24818082704737413,0.780124880703045,0.300124880703045,0.37621466092222616,0.21818566291248426,-0.44167035979597147,0.3333333333333333,7.568278806313149,0.06727624656332043,shortest_path_pqc,-14.611213481246628,secure_allocated,True,42,nominal
4,F5,UAV_2 -> GW_2 -> BS_3,2,0.46,0.82,True,True,True,True,0.6117958384237776,1.0,0.37957402782604943,0.8627551194602219,21.40445015627187,0.19328032375097698,0.825071785925761,0.07722443007065918,0.3923229818904571,0.13724488053977807,0.11234706208559816,0.39126403552958955,0.7562938374143265,0.2962938374143265,0.42876305374622736,0.19988743406260207,-0.488729283965008,0.5,13.7445950262873,0.04894366707390221,shortest_path_pqc,-21.40445015627187,secure_allocated,True,42,nominal
4,F4,GW_2 -> SAT_2 -> SAT_1 -> GW_1 -> BS_1,4,0.44,0.78,True,True,False,False,0.0,0.4064103781555488,0.0,0.8496511838805304,96.76090202453616,0.31865658597342117,0.9938530084901397,0.1276997019208313,0.5510956898268529,0.15034881611946962,0.348214798060733,0.5861407172057599,0.14980793062371364,-0.2901920693762864,1.131361455521039,0.651550876114502,-1.3268267183553895,0.75,4.064103781555488,0.0,shortest_path_pqc,-96.76090202453616,best_effort_allocated,True,42,nominal
5,F1,SAT_1 -> GW_1 -> UAV_1 -> BS_2 -> DC_1,4,0.58,1.0,True,True,False,False,0.025350087414113223,0.8890843608938483,0.027722148330063638,0.8675203292569715,49.62104857687044,0.234271079949578,0.9772976640674517,0.10792522426012008,0.4936259139927663,0.1324796707430286,0.1948744773715297,0.4647715396150248,0.38488498291652773,-0.19511501708347223,0.8439434815589739,0.4315648933587287,-0.9734129495665925,0.75,8.890843608938484,0.002028006993129058,shortest_path_pqc,-49.62104857687044,best_effort_allocated,True,42,nominal
5,F2,SAT_2 -> UAV_2 -> BS_2 -> BS_1,3,0.52,0.94,True,True,False,False,0.0,0.5006143605566884,0.0,0.8049526143022292,40.80867582449295,0.29749352983171407,0.9284501630891259,0.1217561138525165,0.5343877822277422,0.1950473856977708,0.33901116675276316,0.4320754249675531,0.1823660373970002,-0.3376339626029998,1.0851029965842067,0.3404404871809671,-1.1872351427384968,0.6666666666666666,5.0061436055668835,0.0,shortest_path_pqc,-40.80867582449295,best_effort_allocated,True,42,nominal
5,F3,UAV_1 -> BS_2 -> DC_1,2,0.48,0.88,True,True,True,True,0.9635613692776405,0.7102779654055448,0.5756594132494908,0.8794821943253042,16.6074814523934,0.1680486615461566,0.6054641203467561,0.0753996378106137,0.38575836978658373,0.12051780567469583,0.12300407181671548,0.30765770979011536,0.8230699202867643,0.3430699202867643,0.3489915698556521,0.17750158011116918,-0.40224204388900286,0.5,7.102779654055448,0.07708490954221124,shortest_path_pqc,-16.6074814523934,secure_allocated,True,42,nominal
5,F5,UAV_2 -> BS_2 -> BS_3,2,0.46,0.82,True,True,True,True,1.0,0.9635390201738068,0.5092845060504491,0.8641554647035528,8.357722320297976,0.1704657109942808,0.6619162431181518,0.055352710742965126,0.3087137421902624,0.1358445352964472,0.15955490668374622,0.24587679242302277,0.9537067613129947,0.4937067613129947,0.20018124418199723,0.13900270416139054,-0.24188205543041438,0.5,9.635390201738067,0.11199248245953959,shortest_path_pqc,-8.357722320297976,secure_allocated,True,42,nominal
5,F4,GW_2 -> UAV_2 -> BS_2 -> BS_1,3,0.44,0.78,True,True,True,True,1.0,0.6135390201738067,0.6197556969476216,0.8605757863022002,25.78331766285237,0.19066089472198683,0.8726528635756631,0.0702636675909081,0.3669068372036606,0.13942421369779975,0.16169352301957035,0.31764776660842325,0.7954192320646971,0.3554192320646971,0.3821048798611121,0.27032214909331104,-0.4632015245891054,0.6666666666666666,6.135390201738067,0.08676198271804975,shortest_path_pqc,-25.78331766285237,secure_allocated,True,42,nominal
6,F1,SAT_1 -> GW_1 -> UAV_1 -> BS_2 -> BS_3 -> DC_1,5,0.58,1.0,True,True,False,False,0.020043007141722326,0.9292967676887172,0.02111257494220358,0.8751040626256688,48.85534057036345,0.20512258659043675,0.9802349487275066,0.10787051875223513,0.4934591966330262,0.12489593737433131,0.17589287857996638,0.384606204791991,0.4017300931655171,-0.17826990683448285,0.813939869958436,0.4779915893283627,-0.9573373467569448,0.6,9.292967676887171,0.0016034405713377861,shortest_path_pqc,-48.85534057036345,best_effort_allocated,True,42,nominal
6,F2,SAT_2 -> UAV_2 -> BS_2 -> BS_1,3,0.52,0.94,True,True,False,False,0.0,0.5037740198885385,0.0,0.8031562937274241,39.28824058922369,0.2970179469394425,0.9275944739544048,0.12059492861931576,0.5310685549287243,0.19684370627257586,0.3492758120747572,0.4146221419774247,0.18339269356987564,-0.3366073064301244,1.0830325212850545,0.3333451227497105,-1.1830360581099677,0.6666666666666666,5.037740198885386,0.0,shortest_path_pqc,-39.28824058922369,best_effort_allocated,True,42,nominal
6,F3,UAV_1 -> BS_2 -> BS_3 -> DC_1,3,0.48,0.88,True,True,True,True,0.848466993301234,0.7630826873014955,0.5264913663622843,0.8894685795876104,15.613821325140963,0.13981501844745803,0.6458030944001858,0.06969423911728984,0.3647815739283298,0.11053142041238957,0.10821224264500584,0.23044882587352386,0.785727143110626,0.305727143110626,0.3683850086728126,0.22286449951732448,-0.4352443585280099,0.3333333333333333,7.630826873014955,0.06787735946409872,shortest_path_pqc,-15.613821325140963,secure_allocated,True,42,nominal
6,F5,UAV_2 -> BS_2 -> BS_3,2,0.46,0.82,True,True,True,True,1.0,0.9924857980482488,0.5018856350090706,0.8637014065457345,8.168830565893758,0.1652365413466579,0.6611600257345203,0.05141571367098325,0.292380637522348,0.13629859345426554,0.1616540505077128,0.2216238365596983,0.9666329185617736,0.5066329185617735,0.18081868442480947,0.13812120930750418,-0.22225504721706074,0.5,9.924857980482487,0.12836030614530608,shortest_path_pqc,-8.168830565893758,secure_allocated,True,42,nominal
6,F4,GW_2 -> BS_2 -> UAV_1 -> GW_1 -> BS_1,4,0.44,0.78,True,False,False,True,0.5161780250781657,0.26308268730149553,0.6623945194181433,0.8694569816683594,35.100204478637195,0.1860968521733797,0.895949465366007,0.07688216319867233,0.3910968724532897,0.13054301833164061,0.134893172820601,0.3475381683118445,0.3735656590457032,-0.06643434095429679,0.8079521425456401,0.36380095423364023,-0.9170924288157322,0.5,2.6308268730149553,0.04129424200625326,shortest_path_pqc,-35.100204478637195,degraded_unallocated,False,42,nominal
7,F1,SAT_1 -> UAV_1 -> BS_2 -> DC_1,3,0.58,1.0,True,True,True,True,0.3276848292023045,1.0,0.2468091989867679,0.8680761587396241,43.08586905055353,0.2087882233904892,0.8983454160323151,0.09221768163066396,0.4438291488485152,0.1319238412603759,0.17083575527113157,0.3926870729679222,0.6012034109839848,0.021203410983984816,0.6037085767538641,0.35106738890258316,-0.7090287934246391,0.6666666666666666,10.221902745577474,0.026214786336184362,shortest_path_pqc,-43.08586905055353,secure_allocated,True,42,nominal
7,F2,SAT_2 -> SAT_1 -> GW_1 -> BS_1,3,0.52,0.94,True,True,False,False,0.06556135930728017,0.7106501624407324,0.08446326480652765,0.8657960050061239,50.89132467167822,0.25385516918545875,0.9589428966704341,0.10420086417960149,0.48217229963685443,0.13420399499387614,0.23743701605838077,0.48892906648280104,0.32632644181868087,-0.19367355818131915,0.9084514592239892,0.3874928484678317,-1.0246993137643388,0.6666666666666666,7.106501624407325,0.0052449087445824135,shortest_path_pqc,-50.89132467167822,best_effort_allocated,True,42,nominal
7,F3,UAV_1 -> BS_2 -> DC_1,2,0.48,0.88,True,True,True,True,1.0,0.7257790324275707,0.5794484584699977,0.8872096052009766,17.096356348810396,0.15600738706213596,0.6096624903317813,0.06847956421197585,0.36022389399852833,0.11279039479902347,0.11614041688385962,0.2816383373496701,0.8517866777366218,0.3717866777366218,0.3084726199409715,0.1797829962944485,-0.36240751882930605,0.5,7.257790324275707,0.09971569784350028,shortest_path_pqc,-17.096356348810396,secure_allocated,True,42,nominal
7,F5,UAV_2 -> BS_2 -> DC_1 -> BS_3,3,0.46,0.82,True,True,True,True,1.0,1.0,0.5,0.8961876826972756,12.822354800840255,0.13336478270086427,0.6671564234674408,0.05371233235910142,0.3019621198265656,0.10381231730272437,0.1273468256988022,0.1937807688199905,0.9771612901934006,0.5171612901934006,0.15834339197862973,0.20983765573725452,-0.2212946886998061,0.3333333333333333,14.113252740144928,0.08944687794046854,shortest_path_pqc,-12.822354800840255,secure_allocated,True,42,nominal
7,F4,GW_2 -> UAV_2 -> BS_2 -> BS_1,3,0.44,0.78,True,True,True,True,1.0,1.0,0.5,0.8448205710616534,24.014209113805407,0.1963913201048957,0.8719530172976002,0.06940442715805405,0.3636971491313239,0.1551794289383466,0.16398984460135255,0.3094544948089359,0.9658605256335637,0.5258605256335638,0.21343985569647034,0.26206630919775853,-0.2920597484557979,0.6666666666666666,10.613252740144928,0.087032282304994,shortest_path_pqc,-24.014209113805407,secure_allocated,True,42,nominal
8,F1,SAT_1 -> UAV_1 -> GW_1 -> BS_1 -> DC_1,4,0.58,1.0,True,True,True,True,0.34466397201140675,0.9916649805503471,0.2579185097731236,0.8672527765483405,45.10327559798143,0.1987881646343837,0.9483213687555413,0.0860146481806345,0.4230254364210334,0.13274722345165949,0.1576567936245593,0.3670195039750766,0.6066100366945648,0.026610036694564854,0.5886009964961663,0.41048195279058,-0.7117455823333403,0.5,9.916649805503472,0.027573117760912542,shortest_path_pqc,-45.10327559798143,secure_allocated,True,42,nominal
8,F2,SAT_2 -> UAV_2 -> BS_2 -> BS_1,3,0.52,0.94,True,True,False,False,0.0,0.5200201284916267,0.0,0.8012036108954161,39.24562713832102,0.29357744166184013,0.9272034470013856,0.1206855923628252,0.5313283738323937,0.1987963891045839,0.3269830074897433,0.4240966572714176,0.19027385221822354,-0.32972614778177645,1.074668089987703,0.3331462599788314,-1.1746119679813525,0.6666666666666666,5.200201284916267,0.0,shortest_path_pqc,-39.24562713832102,best_effort_allocated,True,42,nominal
8,F3,UAV_1 -> GW_1 -> BS_2 -> DC_1,3,0.48,0.88,True,True,True,True,0.34333591901710514,1.0,0.25558455942153163,0.8606661189153951,18.81868114508679,0.17229922021091948,0.8200223325123865,0.0791152692385802,0.3990540889300334,0.1393338810846048,0.1024206116931989,0.3154911608595506,0.6081813016207948,0.12818130162079477,0.5691168697066273,0.237820512010405,-0.6404630233097488,0.3333333333333333,10.13899145694786,0.027466873521368413,shortest_path_pqc,-18.81868114508679,secure_allocated,True,42,nominal
8,F5,UAV_2 -> BS_2 -> BS_3,2,0.46,0.82,True,True,True,True,1.0,1.0,0.5,0.8481436377046927,7.59784180606443,0.1728338643673843,0.6485487308384579,0.05239782791878816,0.29649673308175667,0.1518563622953073,0.1614783044579698,0.22422003998842038,0.9665916002950324,0.5065916002950324,0.18530782194072964,0.13545659509496732,-0.22594480046921983,0.5,10.523551993467889,0.1280657604517979,shortest_path_pqc,-7.59784180606443,secure_allocated,True,42,nominal
8,F4,GW_2 -> UAV_2 -> BS_2 -> BS_1,3,0.44,0.78,True,True,True,True,1.0,0.7023551993467889,0.5874214737228225,0.8515439940321633,23.441666030154547,0.1923692396160997,0.8751225625663581,0.06639941930670014,0.352341000449116,0.1484560059678367,0.16566285881299794,0.30346071714669526,0.833399518393131,0.393399518393131,0.34125188954639285,0.25939444147405455,-0.4190702219886092,0.6666666666666666,7.023551993467889,0.09409990782679026,shortest_path_pqc,-23.441666030154547,secure_allocated,True,42,nominal
9,F1,SAT_1 -> GW_1 -> UAV_1 -> BS_2 -> BS_3 -> DC_1,5,0.58,1.0,True,True,False,False,0.009848055912764535,0.9756503535220657,0.009992969870354494,0.8586811119434528,47.85998601777512,0.2138181722950992,0.9788117131141706,0.10905419382781623,0.4970565134393004,0.1413188880565473,0.15774696220553008,0.4116023360319755,0.4133689344645096,-0.16663106553549034,0.8071133714281101,0.4733466014162839,-0.9491173518529953,0.6,9.756503535220657,0.0007878444730211628,shortest_path_pqc,-47.85998601777512,best_effort_allocated,True,42,nominal
9,F2,SAT_2 -> UAV_2 -> BS_2 -> BS_1,3,0.52,0.94,True,True,False,False,0.0,0.539715252522255,0.0,0.7941236788407401,38.45290070032177,0.2934928534414646,0.9235487860675118,0.12145237022921003,0.5335212995067604,0.20587632115925983,0.303258738236784,0.4394835497950497,0.19757907297997757,-0.32242092702002245,1.0678730359453716,0.3294468699348349,-1.1667070969258222,0.6666666666666666,5.39715252522255,0.0,shortest_path_pqc,-38.45290070032177,best_effort_allocated,True,42,nominal
9,F3,UAV_1 -> BS_2 -> BS_3 -> DC_1,3,0.48,0.88,True,True,True,True,0.7357683726906948,0.7060828964196361,0.5102942227492631,0.8781839315939021,15.745872490179647,0.14927195750719435,0.6542576244526201,0.07278864675621621,0.3762452022278536,0.12181606840609797,0.10510124947545389,0.25169740752725633,0.6956103733193768,0.21561037331937682,0.46562330811582403,0.223480738287505,-0.5326675296020755,0.3333333333333333,7.060828964196361,0.05886146981525559,shortest_path_pqc,-15.745872490179647,secure_allocated,True,42,nominal
9,F5,UAV_2 -> BS_2 -> BS_3,2,0.46,0.82,True,True,True,True,1.0,1.0,0.5,0.8581484651141534,7.379575489713197,0.16927307394445967,0.6432506707693687,0.05958409034973677,0.3257916960458532,0.14185153488584656,0.14587383420009187,0.2467109319432046,0.9687926623251137,0.5087926623251138,0.18882814496135641,0.13443801895199492,-0.2291595506469549,0.5,10.57369859093751,0.1142915969972254,shortest_path_pqc,-7.379575489713197,secure_allocated,True,42,nominal
9,F4,GW_2 -> UAV_2 -> BS_2 -> BS_1,3,0.44,0.78,True,True,True,True,1.0,0.707369859093751,0.5856961774707599,0.8521814340264368,22.861278024726204,0.18809451056094,0.8725711958365511,0.06031585854608593,0.3286974856527508,0.14781856597356322,0.15223332378973617,0.3036246349436628,0.8357963520780042,0.3957963520780042,0.33102054908760653,0.2566859641153889,-0.4080263383222232,0.6666666666666666,7.073698590937511,0.11386269463935786,shortest_path_pqc,-22.861278024726204,secure_allocated,True,42,nominal
10,F1,SAT_1 -> GW_1 -> UAV_1 -> BS_2 -> BS_3 -> DC_1,5,0.58,1.0,True,True,False,False,0.0,0.9596811435038888,0.0,0.8405512062741106,48.49859516440742,0.21852234273585486,0.9752993924433493,0.11389412789512561,0.5115512251385282,0.15944879372588938,0.1512435239194021,0.405589313533536,0.3967777799570542,-0.18322222004294575,0.8294450805587125,0.4763267774339013,-0.9723431137888828,0.6,9.596811435038887,0.0,shortest_path_pqc,-48.49859516440742,best_effort_allocated,True,42,nominal
10,F2,SAT_2 -> UAV_2 -> BS_2 -> BS_1,3,0.52,0.94,True,True,False,False,0.0,0.5517208511576547,0.0,0.7764938723247602,36.988682679872355,0.2958123789002877,0.9199267180033417,0.12163030609582114,0.5340290443852933,0.22350612767523984,0.2822679774096794,0.442216912894104,0.19910303493239184,-0.3208969650676082,1.0675197966690608,0.322613852506071,-1.164303952420882,0.6666666666666666,5.517208511576547,0.0,shortest_path_pqc,-36.988682679872355,best_effort_allocated,True,42,nominal
10,F3,UAV_1 -> BS_2 -> BS_3 -> DC_1,3,0.48,0.88,True,True,True,True,0.7764931660388459,0.7155940695876527,0.5204073511913742,0.8632627613360838,15.946392713684196,0.1531815431955878,0.6261446846592901,0.07181764404122142,0.3726704228052792,0.13673723866391616,0.10006201237644136,0.2465247283355725,0.7190063801297474,0.2390063801297474,0.4430929200095869,0.22441649933052624,-0.5104178698087447,0.3333333333333333,7.155940695876527,0.062119453283107674,shortest_path_pqc,-15.946392713684196,secure_allocated,True,42,nominal
10,F5,UAV_2 -> BS_2 -> BS_3,2,0.46,0.82,True,True,True,True,1.0,1.0,0.5,0.8487033895691547,7.551710014687952,0.17549620706218885,0.6225004733068591,0.05979613313979123,0.32663511176166743,0.15129661043084525,0.14021856023070206,0.2613886571963915,0.966714745705214,0.5067147457052139,0.19391732541318785,0.13524131340187712,-0.23448971943375096,0.5,10.884263317823997,0.11854235864255731,shortest_path_pqc,-7.551710014687952,secure_allocated,True,42,nominal
10,F4,GW_2 -> UAV_2 -> BS_2 -> BS_1,3,0.44,0.78,True,True,True,True,1.0,0.7384263317823997,0.5752328883414375,0.8302041441392757,21.22810013854663,0.1942841721799491,0.8749327584902629,0.05979613313979123,0.32663511176166743,0.1697958558607244,0.14745558436061548,0.29455744693775393,0.8449367610127205,0.4049367610127205,0.3241498944086734,0.2490644673132176,-0.3988692346026387,0.6666666666666666,7.384263317823997,0.12362784755070245,shortest_path_pqc,-21.22810013854663,secure_allocated,True,42,nominal
11,F1,SAT_1 -> UAV_1 -> BS_2 -> BS_3 -> DC_1,4,0.58,1.0,True,True,False,True,0.1951112913628519,0.9960493497374905,0.1637993102111035,0.8347571531989209,40.36527109675605,0.2000440615072929,0.8900859786156047,0.09689516400815244,0.4590755097714643,0.16524284680107906,0.13076412600703663,0.34582217057878534,0.5191799913352019,-0.060820008664798086,0.6856087137859459,0.38837126511819486,-0.8021200933214043,0.5,9.960493497374905,0.015608903309028152,shortest_path_pqc,-40.36527109675605,best_effort_allocated,True,42,nominal
11,F2,SAT_2 -> UAV_2 -> BS_2 -> BS_1,3,0.52,0.94,True,True,False,False,0.0,0.5571757570626582,0.0,0.7796968342082445,37.66223851751357,0.28590254673031024,0.9161117081622344,0.12178953529990146,0.5344830467872554,0.22030316579175543,0.259736439021278,0.4353807616705474,0.20226239420400996,-0.3177376057959901,1.0600145135214434,0.32575711308172994,-1.1577416474459623,0.6666666666666666,5.571757570626582,0.0,shortest_path_pqc,-37.66223851751357,best_effort_allocated,True,42,nominal
11,F3,UAV_1 -> BS_2 -> BS_3 -> DC_1,3,0.48,0.88,True,True,True,True,0.9952295551658534,0.7091191401103429,0.583935410590714,0.8456758146543519,15.210794013243914,0.16089743231900483,0.5984461587173391,0.06738380108853188,0.35608377792433044,0.15432418534564818,0.10002712908354612,0.24577364075359723,0.8325285476148312,0.3525285476148312,0.32889624140980356,0.22098370539513826,-0.395191353028345,0.3333333333333333,7.09119140110343,0.07961836441326828,shortest_path_pqc,-15.210794013243914,secure_allocated,True,42,nominal
11,F5,UAV_2 -> BS_2 -> BS_3,2,0.46,0.82,True,True,True,True,1.0,1.0,0.5,0.8345641538548613,7.693507595521931,0.17600252145315848,0.6108394365110599,0.05339783837859711,0.300659037565319,0.16543584614513873,0.13201507646934485,0.2478074709881703,0.9636041138480694,0.5036041138480694,0.19076178019718162,0.13590303544576898,-0.23153269083091232,0.5,11.741943637783532,0.14294827977398192,shortest_path_pqc,-7.693507595521931,secure_allocated,True,42,nominal
11,F4,GW_2 -> UAV_2 -> BS_2 -> BS_1,3,0.44,0.78,True,True,True,True,1.0,0.8241943637783532,0.5481871997064804,0.8355583893351198,22.527452257799276,0.19045261348431503,0.8771511282933273,0.05883771996582466,0.3228137184900939,0.16444161066488014,0.14193976336211966,0.29548783870593226,0.8847103093539852,0.4447103093539852,0.28169679633648004,0.2551281105363966,-0.358235229497399,0.6666666666666666,8.241943637783532,0.11253031946335085,shortest_path_pqc,-22.527452257799276,secure_allocated,True,42,nominal
12,F1,SAT_1 -> UAV_1 -> BS_2 -> BS_3 -> DC_1,4,0.58,1.0,True,True,False,True,0.24807283385334064,0.9666588602728844,0.2042202694248323,0.8288126530161937,40.692970903333844,0.1996014478763687,0.8841169272561833,0.09423301441534274,0.4504434260575908,0.17118734698380633,0.12333997919940211,0.34226059189534086,0.5337753294056979,-0.04622467059430202,0.6686561786530657,0.38990053088222454,-0.7856263379177331,0.5,9.666588602728844,0.01984582670826725,shortest_path_pqc,-40.692970903333844,best_effort_allocated,True,42,nominal
12,F2,SAT_2 -> UAV_2 -> BS_2 -> BS_1,3,0.52,0.94,True,True,False,False,0.0,0.5855612662112183,0.0,0.7753401773934963,37.71467347173267,0.29442906570087285,0.9098236042791595,0.1280123531472392,0.5519617482589647,0.22465982260650366,0.2687925420527872,0.45077753164844014,0.21407740882161738,-0.3059225911783826,1.0564061078085165,0.32600180953475244,-1.1542066506689423,0.6666666666666666,5.855612662112183,0.0,shortest_path_pqc,-37.71467347173267,best_effort_allocated,True,42,nominal
12,F3,UAV_1 -> BS_2 -> BS_3 -> DC_1,3,0.48,0.88,True,True,True,True,0.9531363347654643,0.7225336136281302,0.568809111650658,0.8415118124155408,15.77231328029196,0.16119900872724285,0.5919121533238043,0.0678805273352214,0.3579639468899234,0.15848818758445904,0.09381378341437689,0.24694075715969285,0.8144977089850829,0.3344977089850829,0.34753283166465726,0.22360412864136248,-0.414614070257066,0.3333333333333333,7.225336136281301,0.07625090678123715,shortest_path_pqc,-15.77231328029196,secure_allocated,True,42,nominal
12,F5,UAV_2 -> BS_2 -> BS_3,2,0.46,0.82,True,True,True,True,1.0,1.0,0.5,0.8303240858699139,7.563699710003018,0.18156837050710584,0.5780884478235078,0.06010549870580538,0.3278635673243395,0.16967591413008604,0.13387829981814658,0.26020287681249255,0.962671298891381,0.5026712988913811,0.20100035966790147,0.1352972653133474,-0.24158953926190568,0.5,11.392271279717816,0.12684135374465705,shortest_path_pqc,-7.563699710003018,secure_allocated,True,42,nominal
12,F4,GW_2 -> UAV_2 -> BS_2 -> BS_1,3,0.44,0.78,True,True,True,True,1.0,0.7892271279717816,0.5589005355253989,0.8309368696119058,22.939926574621843,0.19198905128197336,0.8708291973894446,0.06010549870580538,0.3278635673243395,0.1690631303880941,0.14039878905478345,0.295164023563584,0.867958318901921,0.427958318901921,0.30040264600605193,0.2570529906815686,-0.37751854321052253,0.6666666666666666,7.892271279717816,0.11232253539978679,shortest_path_pqc,-22.939926574621843,secure_allocated,True,42,nominal
13,F1,SAT_1 -> UAV_1 -> GW_1 -> BS_1 -> DC_1,4,0.58,1.0,True,True,False,True,0.2506570552317647,0.9948904433989579,0.2012424700842974,0.8362603579397168,43.71894658975618,0.21179333909948223,0.9365460723908312,0.09495747766901398,0.45280425386510315,0.1637396420602832,0.13347993390661522,0.39226608000148083,0.5495393586537393,-0.030460641346260697,0.6589687074073035,0.4040217507521955,-0.7801752326329622,0.5,9.94890443398958,0.020052564418541176,shortest_path_pqc,-43.71894658975618,best_effort_allocated,True,42,nominal
13,F2,SAT_2 -> SAT_1 -> GW_1 -> BS_1,3,0.52,0.94,True,True,False,False,0.0,0.7289323232388856,0.0,0.8327910730468973,48.094210027250234,0.2560689118616176,0.9451311035585818,0.11305919781416168,0.5090750177406617,0.16720892695310277,0.17870516066010403,0.5088533861387606,0.29123358152781587,-0.22876641847218415,0.9512661832450775,0.3744396467938344,-1.0635980772832279,0.6666666666666666,7.289323232388856,0.0,shortest_path_pqc,-48.094210027250234,best_effort_allocated,True,42,nominal
13,F3,UAV_1 -> GW_1 -> BS_2 -> DC_1,3,0.48,0.88,True,True,True,True,0.30404344505675035,0.9430849276205269,0.24379482635299524,0.8247124911402016,18.735934897366995,0.18508006354608467,0.7906592195794788,0.0840483739685419,0.41628566889049046,0.17528750885979846,0.09341107256192645,0.3127094511623897,0.5530488602612941,0.07304886026129409,0.6343085855570666,0.2374343628543793,-0.7055388944133804,0.3333333333333333,9.430849276205269,0.024323475604540026,shortest_path_pqc,-18.735934897366995,secure_allocated,True,42,nominal
13,F5,UAV_2 -> GW_2 -> BS_3,2,0.46,0.82,True,True,True,True,0.9896904054626899,1.0,0.4974092465569002,0.8101866002028066,20.43150148212384,0.20553858550312104,0.7882935529026328,0.06160957899250774,0.33380148481233607,0.1898133997971933,0.0915793257892562,0.3705950314304287,0.9525707750490968,0.4925707750490968,0.22337195963039166,0.19534700691657791,-0.28197606170536504,0.5,12.876153919998066,0.0791752324370152,shortest_path_pqc,-20.43150148212384,secure_allocated,True,42,nominal
13,F4,GW_2 -> SAT_2 -> SAT_1 -> GW_1 -> BS_1,4,0.44,0.78,True,False,False,False,0.0,0.2789323232388856,0.0,0.8108697106141727,93.14372723441367,0.30689706437038755,0.9915417470686527,0.11938131787121616,0.5275798640601242,0.18913028938582735,0.2554540282202474,0.5806089027227642,0.08391088179261652,-0.3560891182073835,1.186087763189089,0.6346707270939305,-1.376488981317268,0.75,2.789323232388856,0.0,shortest_path_pqc,-93.14372723441367,degraded_unallocated,False,42,nominal
14,F1,SAT_1 -> UAV_1 -> BS_2 -> BS_3 -> DC_1,4,0.58,1.0,True,True,False,True,0.24063611952145508,0.9996407499690406,0.19401806599868957,0.8209377947637343,39.14761727572906,0.2068936145715257,0.8600175022222346,0.09630132148306193,0.4571601888125344,0.17906220523626576,0.11803411976046221,0.3636215451482697,0.54279451807089,-0.037205481929109996,0.6645976556894302,0.3826888806200689,-0.7794043198754509,0.5,9.996407499690406,0.019250889561716406,shortest_path_pqc,-39.14761727572906,best_effort_allocated,True,42,nominal
14,F2,SAT_2 -> UAV_2 -> BS_2 -> BS_1,3,0.52,0.94,True,True,False,False,0.0,0.621038033865095,0.0,0.7417577936756833,39.15277269486722,0.30608497300626575,0.8984891172736202,0.1276616424961627,0.5509901770669541,0.2582422063243167,0.2400052802026397,0.4714975843981253,0.22265382984794307,-0.29734617015205694,1.0528319522716152,0.3327129392427136,-1.1526458340444292,0.6666666666666666,6.210380338650951,0.0,shortest_path_pqc,-39.15277269486722,best_effort_allocated,True,42,nominal
14,F3,UAV_1 -> BS_2 -> BS_3 -> DC_1,3,0.48,0.88,True,True,True,True,0.9491665680213301,0.715801005909739,0.5700811132197018,0.8344354267204683,15.372711639649424,0.16974237549785698,0.5494908660414841,0.07259351625124559,0.37552844882080855,0.16556457327953164,0.09177289987744824,0.2708257902353331,0.8077278589496172,0.3277278589496172,0.3625383222296206,0.22173932098503063,-0.4290601185251298,0.3333333333333333,7.158010059097391,0.07593332544170642,shortest_path_pqc,-15.372711639649424,secure_allocated,True,42,nominal
14,F5,UAV_2 -> BS_2 -> BS_3,2,0.46,0.82,True,True,True,True,1.0,1.0,0.5,0.8088404056916407,7.4962874078817965,0.19350967205255531,0.5371437378504127,0.06336494298166871,0.3406601334168833,0.19115959430835933,0.1343249610219688,0.26876146522881195,0.9579448892521609,0.4979448892521609,0.2142994965257098,0.13498267457011504,-0.2547942988967443,0.5,12.655641241815072,0.12828640415896678,shortest_path_pqc,-7.4962874078817965,secure_allocated,True,42,nominal
14,F4,GW_2 -> SAT_2 -> SAT_1 -> GW_1 -> BS_1,4,0.44,0.78,True,True,False,False,0.0,0.5852584182128975,0.0,0.8059583279727556,96.24337931579629,0.3060428992708232,0.9910778082998543,0.11982224538539447,0.5288496992097458,0.19404167202724446,0.23815468087840938,0.5891109703801616,0.22067712034981005,-0.21932287965018996,1.049254609124497,0.6491357701403826,-1.2439953401666117,0.75,5.852584182128974,0.0,shortest_path_pqc,-96.24337931579629,best_effort_allocated,True,42,nominal
15,F1,SAT_1 -> UAV_1 -> BS_2 -> BS_3 -> DC_1,4,0.58,1.0,True,True,True,True,0.3258970857723061,1.0,0.24579365115843677,0.816881797965185,38.5133634754034,0.21032515290821518,0.8652563081942664,0.09232390467848334,0.4441795060366461,0.18311820203481513,0.11572396563275267,0.3728190892108904,0.588957392727109,0.008957392727109048,0.6167338025907494,0.3797290295518825,-0.7306525114563142,0.5,10.403605981733751,0.026071766861784487,shortest_path_pqc,-38.5133634754034,secure_allocated,True,42,nominal
15,F2,SAT_2 -> UAV_2 -> BS_2 -> BS_1,3,0.52,0.94,True,True,False,False,0.0,0.6206744009193155,0.0,0.7439669523930403,41.030094060164956,0.3050457193600517,0.8983589866896093,0.12887083615650158,0.5543332968337026,0.2560330476069597,0.23657912651264582,0.4754284399325044,0.22297620994016085,-0.29702379005983914,1.0528776879802881,0.3414737722807698,-1.1553198196645191,0.6666666666666666,6.206744009193155,0.0,shortest_path_pqc,-41.030094060164956,best_effort_allocated,True,42,nominal
15,F3,UAV_1 -> BS_2 -> BS_3 -> DC_1,3,0.48,0.88,True,True,True,True,0.8387331748187914,0.7528346511557664,0.5269855051921608,0.8278672152383294,15.098316920450555,0.17823711233331047,0.5779394643789943,0.07505129813123529,0.38449744637847844,0.17213278476167063,0.09265129202769389,0.2919278863290021,0.7622096265228626,0.28220962652286263,0.41412143562174675,0.2204588122954359,-0.48025907931037753,0.3333333333333333,7.528346511557665,0.06709865398550331,shortest_path_pqc,-15.098316920450555,secure_allocated,True,42,nominal
15,F5,UAV_2 -> BS_2 -> BS_3,2,0.46,0.82,True,True,True,True,1.0,1.0,0.5,0.8013671421601261,7.904004076882765,0.2053683245080713,0.5513870668694993,0.06409170032778831,0.3434777196322204,0.1986328578398739,0.13477841800884394,0.3022000523098995,0.9563007712752277,0.4963007712752277,0.22198440466145947,0.13688535235878624,-0.26305001036909537,0.5,12.652422337075105,0.12491481713248105,shortest_path_pqc,-7.904004076882765,secure_allocated,True,42,nominal
15,F4,GW_2 -> UAV_2 -> BS_2 -> BS_1,3,0.44,0.78,True,True,True,True,1.0,0.9152422337075106,0.5221271661622707,0.8041527620471349,25.38018784672158,0.2138731195093363,0.8635975415692108,0.06525206057262183,0.3479500744897988,0.19584723795286504,0.14076172220229155,0.33405338307943827,0.9187726128187494,0.47877261281874944,0.26445780958290155,0.268440876618034,-0.34499007256831177,0.6666666666666666,9.152422337075105,0.09912704339171936,shortest_path_pqc,-25.38018784672158,secure_allocated,True,42,nominal
16,F1,SAT_1 -> UAV_1 -> BS_2 -> BS_3 -> DC_1,4,0.58,1.0,True,True,False,True,0.19467892825202263,1.0,0.1629550196694808,0.8142745158671941,37.14739502785803,0.21338451570431843,0.8585181303978499,0.09899582582992521,0.4658043305880938,0.18572548413280585,0.11404465184476284,0.38237860916450783,0.5162138040293951,-0.06378619597060486,0.6962603106845716,0.3733545101300041,-0.8082666637235728,0.5,10.701174043648523,0.01557431426016181,shortest_path_pqc,-37.14739502785803,best_effort_allocated,True,42,nominal
16,F2,SAT_2 -> UAV_2 -> BS_2 -> BS_1,3,0.52,0.94,True,True,False,False,0.0,0.6309533401298808,0.0,0.7464034968380563,41.71642708049455,0.30076259664174076,0.8957470256410779,0.12443330568372164,0.5419714103802759,0.2535965031619437,0.23656599508592477,0.4626974867723548,0.2281377723628187,-0.2918622276371813,1.0426982487210337,0.34467665970897454,-1.1461012466337261,0.6666666666666666,6.309533401298808,0.0,shortest_path_pqc,-41.71642708049455,best_effort_allocated,True,42,nominal
16,F3,UAV_1 -> BS_2 -> BS_3 -> DC_1,3,0.48,0.88,True,True,True,True,0.7777459128154031,0.6887348417761038,0.5303485302349207,0.8189380451974602,14.39331388402426,0.18042719928324202,0.5486978622729493,0.07929657287805092,0.3996957585316321,0.18106195480253984,0.08829154750184975,0.28984742148617665,0.6978573007911597,0.21785730079115972,0.48325887851920724,0.21716879812544654,-0.5484095179568412,0.3333333333333333,6.887348417761038,0.06221967302523224,shortest_path_pqc,-14.39331388402426,secure_allocated,True,42,nominal
16,F5,UAV_2 -> BS_2 -> BS_3,2,0.46,0.82,True,True,True,True,1.0,1.0,0.5,0.7894157867320529,8.138270066377917,0.20890467326443105,0.5288770082829772,0.06547767769003715,0.3488159516121858,0.21058421326794707,0.1317820696595239,0.29842862558399075,0.9536714730810516,0.4936714730810516,0.22753961779098883,0.13797859364309695,-0.2689331958839179,0.5,12.508569276018022,0.12197708045913135,shortest_path_pqc,-8.138270066377917,secure_allocated,True,42,nominal
16,F4,GW_2 -> UAV_2 -> BS_2 -> BS_1,3,0.44,0.78,True,True,True,True,1.0,0.9008569276018022,0.5260785204184938,0.8108996209689602,25.02159207891156,0.20732112889823173,0.8641883398510681,0.06671626202222154,0.3535481336335648,0.18910037903103985,0.12872203632521348,0.334437389746799,0.9137835340339823,0.47378353403398227,0.26789800737861325,0.2667674297015873,-0.3479282362890894,0.6666666666666666,9.008569276018022,0.09337859671855986,shortest_path_pqc,-25.02159207891156,secure_allocated,True,42,nominal
17,F1,SAT_1 -> UAV_1 -> BS_2 -> BS_3 -> DC_1,4,0.58,1.0,True,True,False,False,0.10984285606741465,1.0,0.09897153949941045,0.8078624892291421,40.5315358240468,0.21317580006082532,0.8509179313513329,0.10400468007940335,0.4815630842521016,0.1921375107708579,0.11879671482245081,0.3642996230688161,0.4681433184674893,-0.11185668153251066,0.7481765626229075,0.38914716717888503,-0.864920712776573,0.5,10.715841279983941,0.008787428485393172,shortest_path_pqc,-40.5315358240468,best_effort_allocated,True,42,nominal
17,F2,SAT_2 -> UAV_2 -> BS_2 -> BS_1,3,0.52,0.94,True,True,False,False,0.0,0.6049430637588642,0.0,0.7313601348451989,40.99918675169411,0.3187637076817796,0.8956058175195843,0.13252406984798806,0.564320044060262,0.26863986515480104,0.2525625829908356,0.48842797385947373,0.2131236083574326,-0.3068763916425674,1.0714000711144338,0.34132953817457246,-1.1737989325668055,0.6666666666666666,6.049430637588642,0.0,shortest_path_pqc,-40.99918675169411,best_effort_allocated,True,42,nominal
17,F3,UAV_1 -> BS_2 -> BS_3 -> DC_1,3,0.48,0.88,True,True,True,True,1.0,0.7569697803795403,0.5691617529039004,0.8196266079853408,15.495574739167683,0.17209830592911168,0.5438349560712583,0.06929941756504533,0.3633037592455283,0.18037339201465916,0.09092483218266822,0.2546113194708584,0.8509542549275683,0.3709542549275683,0.3173159225519141,0.22231268211611585,-0.38400972718674886,0.3333333333333333,7.569697803795403,0.09327270835277814,shortest_path_pqc,-15.495574739167683,secure_allocated,True,42,nominal
17,F5,UAV_2 -> BS_2 -> BS_3,2,0.46,0.82,True,True,True,True,1.0,1.0,0.5,0.784516746749959,8.1202622136623,0.20666477596248595,0.5254490534063928,0.061699302693040387,0.3341539053965147,0.21548325325004097,0.12907034564520176,0.2839048332256279,0.9525936842849909,0.4925936842849909,0.22394394124725642,0.13789455699709072,-0.26531230834638364,0.5,11.636505113910705,0.13862193043398197,shortest_path_pqc,-8.1202622136623,secure_allocated,True,42,nominal
17,F4,GW_2 -> UAV_2 -> BS_2 -> BS_1,3,0.44,0.78,True,True,True,True,1.0,0.8136505113910705,0.55137414497405,0.7951769012136625,25.949591402795665,0.21647967090109466,0.8622679656777456,0.0670870340820856,0.35495777835547915,0.20482309878633745,0.12852063913736358,0.343012338824135,0.8710816483929874,0.4310816483929874,0.31507364810137495,0.27109809321304645,-0.3964030760652889,0.6666666666666666,8.136505113910705,0.09244157796636243,shortest_path_pqc,-25.949591402795665,secure_allocated,True,42,nominal
18,F1,SAT_1 -> UAV_1 -> BS_2 -> BS_3 -> DC_1,4,0.58,1.0,True,True,False,True,0.1975150863016215,1.0,0.16493745136157126,0.8284815855838904,41.21348748012261,0.20366263462688233,0.8423181328333553,0.09934400698262072,0.46691268913870465,0.17151841441610952,0.12501144501146527,0.3559036585447739,0.5208992462943477,-0.059100753705652265,0.6874771115724255,0.39232960824057217,-0.8051759940445972,0.5,10.654562186069382,0.01580120690412972,shortest_path_pqc,-41.21348748012261,best_effort_allocated,True,42,nominal
18,F2,SAT_2 -> UAV_2 -> BS_2 -> BS_1,3,0.52,0.94,True,True,False,False,0.0,0.6108761234784079,0.0,0.7367147714382419,43.1890338061882,0.31696025826651647,0.8963671363156662,0.1279049056908358,0.5516642564259713,0.26328522856175807,0.2569255588876652,0.4856169509897031,0.21697150528169673,-0.3030284947183033,1.0635766750447284,0.35154882442887825,-1.169041322373392,0.6666666666666666,6.108761234784079,0.0,shortest_path_pqc,-43.1890338061882,best_effort_allocated,True,42,nominal
18,F3,UAV_1 -> BS_2 -> BS_3 -> DC_1,3,0.48,0.88,True,True,True,True,1.0,0.7389223254847627,0.5750688143711238,0.8418539223199967,16.163145660744416,0.1627179641223957,0.5213992928553559,0.07170708454963083,0.37226210504289003,0.1581460776800034,0.09369597102827017,0.2537737514316525,0.8477229093785426,0.3677229093785426,0.31856570073725804,0.22542801308347393,-0.3861941046623002,0.3333333333333333,7.389223254847627,0.0844297153768719,shortest_path_pqc,-16.163145660744416,secure_allocated,True,42,nominal
18,F5,UAV_2 -> BS_2 -> BS_3,2,0.46,0.82,True,True,True,True,1.0,1.0,0.5,0.7895817489388964,8.813223423333321,0.20886448901503313,0.5154232767184805,0.0644224386559667,0.34475575429333283,0.21041825106110357,0.14298158451585097,0.28512720273112485,0.9537079847665573,0.49370798476655725,0.22646997386354084,0.1411283759755555,-0.2688084866562075,0.5,11.080905262405436,0.12527243094262047,shortest_path_pqc,-8.813223423333321,secure_allocated,True,42,nominal
18,F4,GW_2 -> UAV_2 -> BS_2 -> BS_1,3,0.44,0.78,True,True,True,True,1.0,0.7580905262405435,0.5687989242160213,0.7972278058675494,26.528711078896347,0.22259586291821926,0.8630702988492864,0.07164682280865409,0.3720394351530737,0.2027721941324506,0.13732876100430555,0.3605989890292993,0.8465308540991054,0.40653085409910544,0.34664714300236166,0.2738006517015163,-0.42878733851281653,0.6666666666666666,7.580905262405436,0.08175273905267001,shortest_path_pqc,-26.528711078896347,secure_allocated,True,42,nominal
19,F1,SAT_1 -> UAV_1 -> BS_2 -> BS_3 -> DC_1,4,0.58,1.0,True,True,False,False,0.0501004574958109,1.0,0.047710156812316946,0.8203407907218861,42.892226897780745,0.21731101723992036,0.8557578356184738,0.10710199288292115,0.4911123298043327,0.17965920927811385,0.12446621405171099,0.3964980353970234,0.43803022558151095,-0.14196977441848901,0.7825378146275364,0.40016372552297674,-0.9025869322844293,0.5,10.527717168670076,0.004008036599664872,shortest_path_pqc,-42.892226897780745,best_effort_allocated,True,42,nominal
19,F2,SAT_2 -> UAV_2 -> BS_2 -> BS_1,3,0.52,0.94,True,True,False,False,0.0,0.6240500537858009,0.0,0.732210048287091,42.84908001896051,0.32803276118974556,0.8999128641636519,0.13461014989841477,0.5699473232825212,0.26778995171290904,0.2770926421284801,0.49759796112156973,0.2219087348267704,-0.2980912651732296,1.0681928385292454,0.3499623734218157,-1.17318155055579,0.6666666666666666,6.240500537858009,0.0,shortest_path_pqc,-42.84908001896051,best_effort_allocated,True,42,nominal
19,F3,UAV_1 -> BS_2 -> BS_3 -> DC_1,3,0.48,0.88,True,True,True,True,0.984707776361467,0.7958289119994865,0.5530398687083079,0.8339715507153755,16.68070265504212,0.1755763363970198,0.5406155346382298,0.07466349160977763,0.3830906934930965,0.16602844928462437,0.0939954319236982,0.2906596185673175,0.8631860285559583,0.3831860285559583,0.3115959961959748,0.2278432790568632,-0.3799489799130337,0.3333333333333333,7.958289119994864,0.07877662210891737,shortest_path_pqc,-16.68070265504212,secure_allocated,True,42,nominal
19,F5,UAV_2 -> BS_2 -> BS_3,2,0.46,0.82,True,True,True,True,1.0,1.0,0.5,0.7786897029144072,8.74596693438396,0.2159825148433756,0.5120122420385916,0.059717537864871356,0.32632262808073975,0.2213102970855928,0.1456993440690848,0.2907323117365336,0.9513117346411696,0.49131173464116956,0.2274610540585344,0.14081451236045847,-0.26970540776667196,0.5,11.186290965295457,0.14065283782957386,shortest_path_pqc,-8.74596693438396,secure_allocated,True,42,nominal
19,F4,GW_2 -> UAV_2 -> BS_2 -> BS_1,3,0.44,0.78,True,True,True,True,0.9761993806944601,0.7686290965295457,0.55948157279481,0.7945511060096906,26.874075810601838,0.2255946222917669,0.8585708888409627,0.07345258791643111,0.37867790679221874,0.2054488939903094,0.14239851013019839,0.36169226782827263,0.8375939961423805,0.3975939961423805,0.3585930605869693,0.2754123537828086,-0.44121676672181187,0.6666666666666666,7.686290965295457,0.07809595045555681,shortest_path_pqc,-26.874075810601838,secure_allocated,True,42,nominal
20,F1,SAT_1 -> UAV_1 -> BS_2 -> BS_3 -> DC_1,4,0.58,1.0,True,True,False,False,0.08318430555247207,1.0,0.07679607720132575,0.83033208100051,44.70659445156189,0.2139284529799791,0.8589953854955303,0.10516306395257055,0.48515164766326757,0.16966791899949,0.13196047829651142,0.3919589837650207,0.4584244258739718,-0.12157557412602815,0.7591312898828357,0.40863077410728876,-0.8817205221150224,0.5,11.05029619332702,0.006654744444197765,shortest_path_pqc,-44.70659445156189,best_effort_allocated,True,42,nominal
20,F2,SAT_2 -> UAV_2 -> BS_2 -> BS_1,3,0.52,0.94,True,True,False,False,0.0,0.5910671664833926,0.0,0.7475908919906159,43.00051596670986,0.31260636922787133,0.9015935870273689,0.1287920608123421,0.5541160764146482,0.25240910800938415,0.26188465853820686,0.4818274922487455,0.21045022115546214,-0.3095497788445379,1.068751664100742,0.3506690745113127,-1.1739523864541357,0.6666666666666666,5.910671664833926,0.0,shortest_path_pqc,-43.00051596670986,best_effort_allocated,True,42,nominal
20,F3,UAV_1 -> BS_2 -> BS_3 -> DC_1,3,0.48,0.88,True,True,True,True,0.6502394942966142,0.8051354530601115,0.44678486150774355,0.8480278430939509,17.830730081217293,0.17038902164958866,0.5511627612891931,0.08372910781850353,0.4151845280529201,0.15197215690604915,0.09924160290540358,0.2889162806809819,0.6865088012208572,0.20650880122085724,0.4939623905346877,0.23321007371234737,-0.5639254126483919,0.3333333333333333,8.051354530601115,0.052019159543729133,shortest_path_pqc,-17.830730081217293,secure_allocated,True,42,nominal
20,F5,UAV_2 -> BS_2 -> BS_3,2,0.46,0.82,True,True,True,True,1.0,1.0,0.5,0.7907949366182421,8.960593767309422,0.20465227395970098,0.5301308586346307,0.0618383163561149,0.33469953309751665,0.20920506338175798,0.13583759634619275,0.2790348661362083,0.9539748860560132,0.4939748860560132,0.22179352050023138,0.14181610424744395,-0.2643383517744646,0.5,10.99163333572166,0.12849148761130116,shortest_path_pqc,-8.960593767309422,secure_allocated,True,42,nominal
20,F4,GW_2 -> UAV_2 -> BS_2 -> BS_1,3,0.44,0.78,True,True,True,True,1.0,0.749163333572166,0.5717018993062162,0.7984684202018979,26.382377503321965,0.22070858636909468,0.8655019271418904,0.07096232079103859,0.3695046252340133,0.2015315797981021,0.1389671191431033,0.3533169588680711,0.8427865525518922,0.40278655255189216,0.3489084676227038,0.27311776168216917,-0.4308437961273545,0.6666666666666666,7.4916333357216605,0.08037314046668544,shortest_path_pqc,-26.382377503321965,secure_allocated,True,42,nominal
21,F1,SAT_1 -> UAV_1 -> BS_2 -> BS_3 -> DC_1,4,0.58,1.0,True,True,False,True,0.20354463449660135,1.0,0.1691209687306168,0.8372418286675078,44.03554999786796,0.20495787503153284,0.85807891014407,0.09817320067590735,0.4631778830740422,0.16275817133249212,0.1358809700235532,0.36380962769938174,0.5261427512799824,-0.053857248720017514,0.6818827632527179,0.4054992333233838,-0.8035325332497331,0.5,11.129857660565582,0.016283570759728107,shortest_path_pqc,-44.03554999786796,best_effort_allocated,True,42,nominal
21,F2,SAT_2 -> UAV_2 -> BS_2 -> BS_1,3,0.52,0.94,True,True,False,False,0.0,0.6092895539028524,0.0,0.7654206713393351,41.896293426708375,0.3051018362482952,0.9053934004307167,0.1260098706191724,0.5463927978977132,0.23457932866066486,0.2671533693513457,0.47758051018236913,0.2225728469509373,-0.29742715304906275,1.051321178835224,0.34551603599130576,-1.1549759896326157,0.6666666666666666,6.092895539028524,0.0,shortest_path_pqc,-41.896293426708375,best_effort_allocated,True,42,nominal
21,F3,UAV_1 -> BS_2 -> BS_3 -> DC_1,3,0.48,0.88,True,True,True,True,0.9145935219684747,0.746931246176492,0.5504543413996685,0.8535319309860654,17.493893216835886,0.16353425860099174,0.5440406039810554,0.07627487564202133,0.38891550686065934,0.14646806901393458,0.10298139562366006,0.26691683543049266,0.8069225226790169,0.3269225226790169,0.36389677040659424,0.23163816834523412,-0.4333882209101645,0.3333333333333333,7.46931246176492,0.07316748175747798,shortest_path_pqc,-17.493893216835886,secure_allocated,True,42,nominal
21,F5,UAV_2 -> BS_2 -> BS_3,2,0.46,0.82,True,True,True,True,1.0,1.0,0.5,0.819140511637835,8.748971345775775,0.19174935365219356,0.535859393698287,0.059316137981793686,0.3247242396758404,0.1808594883621651,0.1437868958162655,0.26890606057735844,0.9602109125603236,0.5002109125603236,0.20725735650212357,0.1408285329469536,-0.24950591638620964,0.5,10.83124285489996,0.13021542653685955,shortest_path_pqc,-8.748971345775775,secure_allocated,True,42,nominal
21,F4,GW_2 -> UAV_2 -> BS_2 -> BS_1,3,0.44,0.78,True,True,True,True,0.7947343649758059,0.733124285489996,0.5201622314561059,0.8149751624697759,26.314096201880034,0.2211415143954908,0.8652789469368056,0.07887189686104046,0.3981917221749348,0.18502483753022422,0.14890991053419939,0.37282945738652035,0.7263043649505421,0.28630436495054207,0.47275724707116246,0.27279911560877346,-0.5545969817537945,0.6666666666666666,7.33124285489996,0.06357874919806447,shortest_path_pqc,-26.314096201880034,secure_allocated,True,42,nominal
22,F1,SAT_1 -> UAV_1 -> BS_2 -> BS_3 -> DC_1,4,0.58,1.0,True,True,False,False,0.10828163168010352,1.0,0.09770227042015808,0.8505193612749922,43.70485375753574,0.20017636294778568,0.86002161321542,0.10353267896292723,0.48009492416049826,0.14948063872500786,0.1350670458059509,0.3695598471189875,0.4766691569045552,-0.10333084309544477,0.733433937462073,0.40395598420183343,-0.854620732722623,0.5,10.77899992832562,0.008662530534408281,shortest_path_pqc,-43.70485375753574,best_effort_allocated,True,42,nominal
22,F2,SAT_2 -> UAV_2 -> BS_2 -> BS_1,3,0.52,0.94,True,True,False,False,0.0,0.575801547268659,0.0,0.7620778907190341,42.96790765754725,0.31180609894239225,0.9091050295643078,0.1321454235246674,0.5632927966072818,0.23792210928096602,0.29419222537660644,0.46593392861190236,0.20676783222908401,-0.313232167770916,1.074368111446813,0.35051690240188715,-1.1795231821673793,0.6666666666666666,5.75801547268659,0.0,shortest_path_pqc,-42.96790765754725,best_effort_allocated,True,42,nominal
22,F3,UAV_1 -> BS_2 -> BS_3 -> DC_1,3,0.48,0.88,True,True,True,True,0.9757857765515447,0.7494255698695825,0.5656036163776503,0.8624014532830921,17.26684756792107,0.1570747627139124,0.5462399827766422,0.07429689096734973,0.38175797674845374,0.13759854671690794,0.09828985321459566,0.2626738429077006,0.843652003266942,0.363652003266942,0.322471134141432,0.23057862198363166,-0.3916447207365215,0.3333333333333333,7.4942556986958255,0.07806286212412358,shortest_path_pqc,-17.26684756792107,secure_allocated,True,42,nominal
22,F5,UAV_2 -> BS_2 -> BS_3,2,0.46,0.82,True,True,True,True,1.0,1.0,0.5,0.822663010410682,8.76904569438223,0.18549696946928357,0.5506888388784923,0.05731922909293997,0.3167100345765446,0.17733698958931798,0.1387059375962314,0.25633417150088417,0.96098586229035,0.50098586229035,0.20166528261496378,0.1409222132404504,-0.2439419465870989,0.5,10.478173845867039,0.1327632484198727,shortest_path_pqc,-8.76904569438223,secure_allocated,True,42,nominal
22,F4,GW_2 -> UAV_2 -> BS_2 -> BS_1,3,0.44,0.78,True,True,True,True,0.7759846851112703,0.6978173845867038,0.5265189275180572,0.8069847319408421,26.055906376403254,0.21919568470497458,0.8632679471282585,0.0796537647362888,0.40095803232543836,0.19301526805915792,0.15005788195196093,0.349285797971061,0.6983460409022006,0.25834604090220065,0.5005315252963976,0.2715942297565485,-0.5820097942233621,0.6666666666666666,6.978173845867039,0.06207877480890162,shortest_path_pqc,-26.055906376403254,secure_allocated,True,42,nominal
23,F1,SAT_1 -> UAV_1 -> BS_2 -> BS_3 -> DC_1,4,0.58,1.0,True,True,False,True,0.14538311304729887,1.0,0.1269296808999621,0.8609967692391274,44.368046171143966,0.19685321504081377,0.8722335376175823,0.10069738720961244,0.4712023686938794,0.13900323076087268,0.14430366042613282,0.3640426522823249,0.4993800014086224,-0.08061999859137758,0.7070045375332137,0.40705088213200513,-0.8291198021728152,0.5,10.800415747527307,0.011630649043783909,shortest_path_pqc,-44.368046171143966,best_effort_allocated,True,42,nominal
23,F2,SAT_2 -> UAV_2 -> BS_2 -> BS_1,3,0.52,0.94,True,True,False,False,0.0,0.5569768960969912,0.0,0.7864927803102519,38.802047597233106,0.3095206921167387,0.9132230415863934,0.12733122000984687,0.5500733522867243,0.2135072196897481,0.3037722953538933,0.4892430186007363,0.20366801491190145,-0.31633198508809857,1.073134634612312,0.33107622212042115,-1.1724575012484384,0.6666666666666666,5.5697689609699115,0.0,shortest_path_pqc,-38.802047597233106,best_effort_allocated,True,42,nominal
23,F3,UAV_1 -> BS_2 -> BS_3 -> DC_1,3,0.48,0.88,True,True,True,True,0.8395919182124993,0.7590392157387585,0.5251942742647088,0.8737932759362724,17.726361977776513,0.1519775169326831,0.5652345434291867,0.07767196922795683,0.3939226337678083,0.12620672406372765,0.09926644412486611,0.26161823146618335,0.7755777228052959,0.29557772280529593,0.3912928182563636,0.23272302256295704,-0.4611097250252507,0.3333333333333333,7.590392157387585,0.06716735345699995,shortest_path_pqc,-17.726361977776513,secure_allocated,True,42,nominal
23,F5,UAV_2 -> BS_2 -> BS_3,2,0.46,0.82,True,True,True,True,1.0,1.0,0.5,0.8472252555715393,8.458073382811744,0.18054669652345218,0.57470508066943,0.06319910754770641,0.34001540712591344,0.15277474442846073,0.1438310668866583,0.27459496585858945,0.9663895562257386,0.5063895562257386,0.1998603089912932,0.13947100911978813,-0.24170161172722965,0.5,10.124738914536785,0.10920913028036407,shortest_path_pqc,-8.458073382811744,secure_allocated,True,42,nominal
23,F4,GW_2 -> UAV_2 -> BS_2 -> BS_1,3,0.44,0.78,True,True,True,True,0.7336132163961658,0.6624738914536785,0.5254781111230413,0.8205257718089135,25.087160651572827,0.2244238324294739,0.8706694029447983,0.08028382223959236,0.4031784667854208,0.17947422819108658,0.1582903943299926,0.38469324577794856,0.6621161899700075,0.22211618997000754,0.5396691513196109,0.2670734163740065,-0.6197911762318129,0.6666666666666666,6.624738914536785,0.05868905731169327,shortest_path_pqc,-25.087160651572827,secure_allocated,True,42,nominal
0,F1,SAT_1 -> UAV_1 -> GW_1 -> BS_1 -> DC_1,4,0.58,1.0,True,True,False,True,0.17239415832521934,1.0,0.1470445388191687,0.8725160035136901,49.551059629809586,0.2075865611580821,0.930940862361596,0.09876497805804062,0.46506839656972077,0.1274839964863099,0.16708953853165884,0.4003676047189801,0.5167703078518824,-0.06322969214811758,0.6929107438116847,0.4312382782724447,-0.8222822272934182,0.5,10.741949054773412,0.013791532666017547,random,0.9854744917873458,best_effort_allocated,True,42,nominal
0,F2,SAT_2 -> SAT_1 -> GW_1 -> BS_1,3,0.52,0.94,True,True,False,False,0.0,0.7711299161122326,0.0,0.8656868640727723,54.943166845401784,0.25990687729307516,0.946756995474066,0.11335870475769162,0.5099644355329767,0.13431313592722763,0.22363614943311072,0.529500485183558,0.31745957234651456,-0.20254042765348546,0.9269896313186134,0.4064014452785416,-1.0489100649021759,0.6666666666666666,7.711299161122326,0.0,random,0.9664923982814478,best_effort_allocated,True,42,nominal
0,F3,UAV_1 -> GW_1 -> BS_1 -> DC_1,3,0.48,0.88,True,True,True,True,0.4038245351160102,0.7828007456004492,0.340313443239798,0.8916694418509875,22.945826729817377,0.16509178658465268,0.7615900336752176,0.07241726880686367,0.3748803554118838,0.10833055814901249,0.12585533144134672,0.31434574394077214,0.550531107041225,0.070531107041225,0.6174802857748396,0.2570805247391478,-0.6946044431965839,0.3333333333333333,7.828007456004492,0.03230596280928082,random,0.7883453074320802,secure_allocated,True,42,nominal
0,F5,UAV_2 -> BS_2 -> GW_2 -> BS_3,3,0.46,0.82,True,True,True,True,1.0,1.0,0.5,0.8561266215888953,21.229896153103557,0.1863800593728353,0.788722937700741,0.061829833610092685,0.33466625215378115,0.14387337841110479,0.12320746322070432,0.3386992004865074,0.9683478567495569,0.508347856749557,0.19918973300666426,0.24907284871448326,-0.27391158762100926,0.3333333333333333,12.914793989033845,0.08219646340510653,random,0.9330462139857287,secure_allocated,True,42,nominal
0,F4,GW_2 -> UAV_2 -> BS_2 -> BS_1,3,0.44,0.78,True,True,True,True,0.7079144410496466,1.0,0.4144905763631684,0.8469788609009554,25.261902498472285,0.20762268895803224,0.8762235544091825,0.08004283672601692,0.4023301100787807,0.1530211390990446,0.15329055337210118,0.3711040414073272,0.8056882919755158,0.36568829197551583,0.3883244455752939,0.267888878326204,-0.4686911090731551,0.6666666666666666,11.107405388253023,0.05663315528397173,random,0.7884767662680634,secure_allocated,True,42,nominal
1,F1,SAT_1 -> UAV_1 -> BS_2 -> BS_1 -> DC_1,4,0.58,1.0,True,True,False,False,0.11481729903913433,1.0,0.10299203209180181,0.880263898909454,46.720842410846544,0.19918935904663565,0.8836961156482145,0.10201278245862208,0.47534368372187175,0.119736101090546,0.1582484320037837,0.3913343358190194,0.48680757223160376,-0.0931924277683962,0.7216635602698502,0.41803059791728386,-0.8470727396450354,0.5,10.739917232579351,0.009185383923130747,random,0.9512372388254674,best_effort_allocated,True,42,nominal
1,F2,SAT_2 -> UAV_2 -> BS_2 -> BS_1,3,0.52,0.94,True,True,False,False,0.0,0.5373326915028452,0.0,0.7996329897342153,40.77999376653054,0.3062409946596754,0.925190137266763,0.1245614791143706,0.5423320899030553,0.20036701026578482,0.3319375975301035,0.4659782431241648,0.19771896891780769,-0.3222810310821923,1.07567250115481,0.3403066375771425,-1.177764492427953,0.6666666666666666,5.373326915028453,0.0,random,0.9391202437046549,best_effort_allocated,True,42,nominal
1,F3,UAV_1 -> BS_2 -> BS_3 -> DC_1,3,0.48,0.88,True,True,True,True,0.8135203092184993,0.7899726715151262,0.507342607041722,0.896737578762044,17.30741130840107,0.1382416473446766,0.6004805464914157,0.07519936222116569,0.3850337177482405,0.103262421237956,0.10491556232325287,0.24119555636248213,0.780206139579631,0.30020613957963105,0.37826103116253357,0.230767919439205,-0.44749140699429507,0.3333333333333333,7.899726715151262,0.06508162473747994,random,0.8198768414483878,secure_allocated,True,42,nominal
1,F5,UAV_2 -> BS_2 -> BS_3,2,0.46,0.82,True,True,True,True,1.0,0.9959849694706143,0.5010057767445139,0.8645590085467709,8.543938963676629,0.1717383413933647,0.6257007190807369,0.06137435918974374,0.3328766240567561,0.13544099145322913,0.15104938686003894,0.26190031672559966,0.9683962181420661,0.508396218142066,0.19210519149913702,0.13987171516382427,-0.2340667060482843,0.5,9.959849694706143,0.1012349935147284,random,0.9927772985811509,secure_allocated,True,42,nominal
1,F4,GW_2 -> UAV_2 -> BS_2 -> DC_1 -> BS_1,4,0.44,0.78,True,True,True,True,0.5884888429353525,0.6459849694706143,0.47671229395170284,0.8854082772754543,33.52846706171952,0.18120962936791185,0.9044493713109911,0.07791402024523716,0.3947861214961758,0.11459172272454568,0.14801149558432605,0.34095962186627393,0.5891519208768202,0.14915192087682022,0.591088942712784,0.35646617962135774,-0.6980287965991914,0.5,6.4598496947061435,0.0470791074348282,random,0.6102854344342995,secure_allocated,True,42,nominal
2,F1,SAT_1 -> UAV_1 -> BS_2 -> BS_1 -> DC_1,4,0.58,1.0,True,True,False,True,0.21372616137258701,1.0,0.1760909241100043,0.8808682988832005,45.91305938985975,0.19492729197430975,0.8831797236528686,0.09522796133945567,0.4536834241589963,0.11913170111679947,0.16088305929012373,0.37221243473885146,0.5413404145092269,-0.038659585490773085,0.6597977229189615,0.4142609438193455,-0.7840760060647651,0.5,10.357472888350804,0.01709809290980696,random,0.9321654836692436,best_effort_allocated,True,42,nominal
2,F2,SAT_2 -> GW_2 -> UAV_2 -> BS_2 -> BS_1,4,0.52,0.94,True,True,False,False,0.0,0.6912411964130498,0.0,0.8339737642247289,72.76087533201536,0.2751261033555229,0.9815239914053946,0.13122524297704916,0.5607888692571567,0.16602623577527112,0.26891000901043766,0.47896517821407836,0.2745327665153127,-0.2454672334846873,0.9894711973089617,0.539550751549405,-1.1513364227737832,0.75,6.912411964130499,0.0,random,0.9762967004434483,best_effort_allocated,True,42,nominal
2,F3,UAV_1 -> BS_2 -> BS_1 -> DC_1,3,0.48,0.88,True,True,True,True,0.9382815581613801,0.7445286245667626,0.5575682675275082,0.8967873658723735,20.540302136925693,0.1515305808190181,0.5755301853668323,0.07237595790059274,0.3747283513542953,0.10321263412762645,0.11306168949444444,0.2846655544530115,0.8283859585357244,0.3483859585357244,0.3334848906714075,0.2458547433056532,-0.40724131366310345,0.3333333333333333,7.445286245667626,0.07506252465291041,random,0.9922700772103668,secure_allocated,True,42,nominal
2,F5,UAV_2 -> BS_2 -> BS_1 -> DC_1 -> BS_3,4,0.46,0.82,True,True,True,True,0.7167482176796129,1.0,0.4175033999152086,0.9062872460125407,16.449511253983,0.1350700306150662,0.7185820879141543,0.05616717634432133,0.3120382811977559,0.09371275398745926,0.11999080673864883,0.22760819719645953,0.8235947138465461,0.3635947138465461,0.3151963702296726,0.27676438585192065,-0.3982256859852488,0.25,10.057026633468416,0.05733985741436904,random,0.9538416062408068,secure_allocated,True,42,nominal
2,F4,GW_2 -> UAV_2 -> BS_2 -> BS_1,3,0.44,0.78,True,True,True,True,0.6365479199751377,0.6557026633468416,0.4925886110561998,0.8493205428873143,26.052155623564968,0.2036910661795197,0.8743537235457152,0.0765010223317322,0.3897287010843273,0.1506794571126857,0.1637772127971522,0.34700858655866185,0.6120180739276136,0.17201807392761365,0.5770750811242521,0.2715767262433032,-0.6585480989972431,0.6666666666666666,6.557026633468416,0.05092383359801102,random,0.8157864871665929,secure_allocated,True,42,nominal
3,F1,SAT_1 -> UAV_1 -> BS_2 -> DC_1,3,0.58,1.0,True,True,True,True,0.29551175805402513,1.0,0.22810426552817265,0.865983759919216,41.77313804356214,0.22329553381583472,0.8810233468772581,0.0946590741143592,0.45183290879281024,0.13401624008078405,0.18054739944881967,0.435296023779344,0.5830478941119414,0.003047894111941396,0.6303933233033868,0.3449413108699566,-0.7338757165643738,0.6666666666666666,10.359544619053382,0.02364094064432201,random,0.36301338125772464,secure_allocated,True,42,nominal
3,F2,SAT_2 -> SAT_1 -> UAV_1 -> GW_1 -> BS_1,4,0.52,0.94,True,True,False,False,0.08245072781077831,0.5359544619053382,0.13332800109363235,0.8824896969139291,61.549138606266176,0.2340223781799333,0.979069482684814,0.0946590741143592,0.45183290879281024,0.11751030308607102,0.2040176399419255,0.4797497992344947,0.2606751414743947,-0.25932485852560533,0.9575931559047779,0.4872293134959088,-1.1037619499535505,0.75,5.359544619053382,0.006596058224862264,random,0.9842141897118303,best_effort_allocated,True,42,nominal
3,F3,UAV_1 -> BS_2 -> DC_1,2,0.48,0.88,True,True,True,True,1.0,0.7526231654693316,0.570573309598023,0.8745346526240824,17.888140864655913,0.17756198424116665,0.5652900396412568,0.07497575402134578,0.38422365868521907,0.12546534737591764,0.12249710255571916,0.3374137886211519,0.8610780480384973,0.3810780480384973,0.31488075954133243,0.1834779907017276,-0.3699241567518507,0.5,7.526231654693316,0.09138808724908393,random,0.5315328526775517,secure_allocated,True,42,nominal
3,F5,UAV_2 -> BS_2 -> BS_3,2,0.46,0.82,True,True,True,True,1.0,1.0,0.5,0.8664601324581716,7.971721087756919,0.15957360678069263,0.6317939510905499,0.05440621197092214,0.3048272498184507,0.1335398675418285,0.1515892708181433,0.21601554056570726,0.9706212291407977,0.5106212291407977,0.17739370636512664,0.13720136507619896,-0.21855411588798632,0.5,14.061354041788407,0.1302019324809008,random,0.349448752301762,secure_allocated,True,42,nominal
3,F4,GW_2 -> BS_2 -> UAV_1 -> GW_1 -> BS_1,4,0.44,0.78,True,False,False,True,0.5189859298495398,0.25262316546933156,0.6726021414185978,0.8694188929385407,36.63133170930868,0.18731870181215693,0.8849038857246244,0.07584707512388726,0.38737432503984925,0.13058110706145934,0.1391915724281185,0.34719892762425875,0.3703948423249251,-0.06960515767507491,0.8107421547505078,0.37094621464344046,-0.92202601914354,0.5,2.5262316546933157,0.04151887438796319,random,0.9542141301312042,degraded_unallocated,False,42,nominal
4,F1,SAT_1 -> GW_1 -> UAV_1 -> BS_2 -> BS_3 -> DC_1,5,0.58,1.0,True,True,False,False,0.0,0.9064103781555488,0.0,0.8810742705093932,47.51753137144012,0.20551363440857895,0.9794606863403201,0.1104168930533852,0.5011721542589782,0.1189257294906066,0.17663430084516354,0.3960270635370276,0.3817210096820634,-0.19827899031793655,0.8360531643665418,0.47174847973338724,-0.977577708286558,0.6,9.064103781555488,0.0,random,0.8407827767159712,best_effort_allocated,True,42,nominal
4,F2,SAT_2 -> SAT_1 -> GW_1 -> BS_1,3,0.52,0.94,True,False,False,False,0.0,0.4064103781555488,0.0,0.8704179279974168,49.808861979235274,0.26038949621288726,0.9592204608070964,0.1104168930533852,0.5011721542589782,0.12958207200258323,0.25880534529348165,0.4977438408947213,0.15437661432942865,-0.3656233856705714,1.0880916975311152,0.3824413559030979,-1.2028241043020447,0.6666666666666666,4.064103781555488,0.0,random,0.06709166037336312,degraded_unallocated,False,42,nominal
4,F3,UAV_1 -> BS_2 -> BS_1 -> DC_1,3,0.48,0.88,True,True,True,True,0.8409530820415053,0.7568278806313149,0.5263256364218606,0.8964665584942844,18.973336695108333,0.14263131986553607,0.616560520272867,0.0712914706766678,0.3707247890259173,0.10353344150571564,0.11558570456176633,0.2454622392777365,0.7803193842756623,0.3003193842756623,0.3765459069203083,0.23854223791050555,-0.44810857829345996,0.3333333333333333,7.568278806313149,0.06727624656332043,random,0.2636033709519272,secure_allocated,True,42,nominal
4,F5,UAV_2 -> GW_2 -> BS_3,2,0.46,0.82,True,True,True,True,0.6117958384237776,1.0,0.37957402782604943,0.8627551194602219,21.40445015627187,0.19328032375097698,0.825071785925761,0.07722443007065918,0.3923229818904571,0.13724488053977807,0.11234706208559816,0.39126403552958955,0.7562938374143265,0.2962938374143265,0.42876305374622736,0.19988743406260207,-0.488729283965008,0.5,13.7445950262873,0.04894366707390221,random,0.5008733400484009,secure_allocated,True,42,nominal
4,F4,GW_2 -> SAT_2 -> SAT_1 -> GW_1 -> BS_1,4,0.44,0.78,True,True,False,False,0.0,0.4064103781555488,0.0,0.8496511838805304,96.76090202453616,0.31865658597342117,0.9938530084901397,0.1276997019208313,0.5510956898268529,0.15034881611946962,0.348214798060733,0.5861407172057599,0.14980793062371364,-0.2901920693762864,1.131361455521039,0.651550876114502,-1.3268267183553895,0.75,4.064103781555488,0.0,random,0.8187038152230217,best_effort_allocated,True,42,nominal
5,F1,SAT_1 -> GW_1 -> UAV_1 -> BS_2 -> BS_1 -> DC_1,5,0.58,1.0,True,True,False,False,0.020280069931290577,0.8890843608938483,0.02230136702497683,0.8780337804141147,51.344180360968394,0.21165414634945567,0.9802756461760349,0.10792522426012008,0.4936259139927663,0.12196621958588535,0.17971552936475008,0.4114187549055289,0.38440943255554677,-0.1955905674444532,0.8342414117998999,0.48960617501785253,-0.9811232643052556,0.6,8.890843608938484,0.0016224055945032463,random,0.9951049045172943,best_effort_allocated,True,42,nominal
5,F2,SAT_2 -> UAV_2 -> BS_2 -> BS_1,3,0.52,0.94,True,True,False,False,0.0,0.5006143605566884,0.0,0.8049526143022292,40.80867582449295,0.29749352983171407,0.9284501630891259,0.1217561138525165,0.5343877822277422,0.1950473856977708,0.33901116675276316,0.4320754249675531,0.1823660373970002,-0.3376339626029998,1.0851029965842067,0.3404404871809671,-1.1872351427384968,0.6666666666666666,5.0061436055668835,0.0,random,0.5154872107663738,best_effort_allocated,True,42,nominal
5,F3,UAV_1 -> BS_2 -> BS_1 -> DC_1,3,0.48,0.88,True,True,True,True,0.6673742461850937,0.7102779654055448,0.48442868277657886,0.8930173245644321,18.330613236491352,0.15242791168042652,0.6572174198438822,0.0753996378106137,0.38575836978658373,0.10698267543556801,0.1216959603236875,0.2711076785492587,0.6631447312384717,0.18314473123847175,0.5018874214643662,0.23554286177029296,-0.572550279995454,0.3333333333333333,7.102779654055448,0.053389939694807494,random,0.8956840218894654,secure_allocated,True,42,nominal
5,F5,UAV_2 -> BS_2 -> BS_3,2,0.46,0.82,True,True,True,True,1.0,0.9635390201738068,0.5092845060504491,0.8641554647035528,8.357722320297976,0.1704657109942808,0.6619162431181518,0.055352710742965126,0.3087137421902624,0.1358445352964472,0.15955490668374622,0.24587679242302277,0.9537067613129947,0.4937067613129947,0.20018124418199723,0.13900270416139054,-0.24188205543041438,0.5,9.635390201738067,0.11199248245953959,random,0.9433938265824675,secure_allocated,True,42,nominal
5,F4,GW_2 -> UAV_2 -> BS_2 -> GW_1 -> BS_1,4,0.44,0.78,True,True,True,True,0.8133935879817163,0.6135390201738067,0.5700294346998787,0.8661410544558514,32.93555764724139,0.19119858353759334,0.9318604864383313,0.0702636675909081,0.3669068372036606,0.13385894554414854,0.15595870147460847,0.3366977904013759,0.6940100644484444,0.2540100644484444,0.4837560074443878,0.3536992690204598,-0.5898657881505257,0.5,6.135390201738067,0.06507148703853731,random,0.8623726009099323,secure_allocated,True,42,nominal
6,F1,SAT_1 -> GW_1 -> UAV_1 -> BS_2 -> DC_1,4,0.58,1.0,True,True,False,False,0.02505375892715291,0.9292967676887172,0.026252156024887015,0.8749029804699765,50.71326237498995,0.2298766841228412,0.9769534697651202,0.10787051875223513,0.4934591966330262,0.12509701953002353,0.1978540497957044,0.4569072415824772,0.4044417685732516,-0.17555823142674837,0.8223675384402835,0.43666189108328646,-0.9533661057652695,0.75,9.292967676887171,0.0020043007141722327,random,0.6627818992652256,best_effort_allocated,True,42,nominal
6,F2,SAT_2 -> UAV_2 -> BS_2 -> UAV_1 -> GW_1 -> BS_1,5,0.52,0.94,True,True,False,False,0.0,0.5037740198885385,0.0,0.8354788019904106,64.47352370900269,0.2728241509013875,0.9896823422611162,0.12059492861931576,0.5310685549287243,0.16452119800958936,0.28076995425554163,0.45823450208163913,0.19050364538773265,-0.32949635461226734,1.0650343612500728,0.550876443975346,-1.2302972944426767,0.8,5.037740198885386,0.0,random,0.6755375749282689,best_effort_allocated,True,42,nominal
6,F3,UAV_1 -> GW_1 -> BS_2 -> DC_1,3,0.48,0.88,True,True,False,True,0.21245201671877717,0.5269836345395363,0.2873164370114465,0.8973254103284928,19.59282949813637,0.15694022393291523,0.8322058043341276,0.07688216319867233,0.3910968724532897,0.10267458967150722,0.09811739275973957,0.32520576301126053,0.3314028350103872,-0.14859716498961278,0.836994483872747,0.24143320432463639,-0.9094244451701379,0.3333333333333333,5.269836345395364,0.016996161337502175,random,0.27513651596266175,best_effort_allocated,True,42,nominal
6,F5,UAV_2 -> BS_2 -> BS_3,2,0.46,0.82,True,True,True,True,1.0,0.9924857980482488,0.5018856350090706,0.8637014065457345,8.168830565893758,0.1652365413466579,0.6611600257345203,0.05141571367098325,0.292380637522348,0.13629859345426554,0.1616540505077128,0.2216238365596983,0.9666329185617736,0.5066329185617735,0.18081868442480947,0.13812120930750418,-0.22225504721706074,0.5,9.924857980482487,0.12622697281197273,random,0.5043622382746807,secure_allocated,True,42,nominal
6,F4,GW_2 -> BS_2 -> UAV_1 -> GW_1 -> BS_1,4,0.44,0.78,True,False,False,True,0.2661780250781658,0.02698363453953636,0.90795646820009,0.8694569816683594,35.100204478637195,0.1860968521733797,0.895949465366007,0.07688216319867233,0.3910968724532897,0.13054301833164061,0.134893172820601,0.3475381683118445,0.1298210853028216,-0.3101789146971784,1.0516967162885216,0.36380095423364023,-1.1608370025586137,0.5,0.2698363453953636,0.021294242006253263,random,0.5126610931755661,degraded_unallocated,False,42,nominal
7,F1,SAT_1 -> UAV_1 -> BS_2 -> DC_1,3,0.58,1.0,True,True,True,True,0.3276848292023045,1.0,0.2468091989867679,0.8680761587396241,43.08586905055353,0.2087882233904892,0.8983454160323151,0.09221768163066396,0.4438291488485152,0.1319238412603759,0.17083575527113157,0.3926870729679222,0.6012034109839848,0.021203410983984816,0.6037085767538641,0.35106738890258316,-0.7090287934246391,0.6666666666666666,10.221902745577474,0.026214786336184362,random,0.5906495564574615,secure_allocated,True,42,nominal
7,F2,SAT_2 -> SAT_1 -> GW_1 -> UAV_1 -> BS_2 -> BS_1,5,0.52,0.94,True,True,False,False,0.07867363116873621,0.7106501624407324,0.09967219005140156,0.8577124525487267,70.30909908893938,0.24276383519743813,0.9925664694621651,0.10420086417960149,0.48217229963685443,0.14228754745127323,0.19468324164646666,0.48131786540170074,0.3317598098018543,-0.1882401901981457,0.8980269909462063,0.5781091290817171,-1.0714597296707213,0.8,7.106501624407325,0.006293890493498897,random,0.7626397471312313,best_effort_allocated,True,42,nominal
7,F3,UAV_1 -> GW_1 -> BS_2 -> DC_1,3,0.48,0.88,True,True,True,True,0.2514789251303215,1.0,0.200945393550382,0.8758381205578253,19.189676776794034,0.16644841912126274,0.8223514379807788,0.0839332932839656,0.41588897905526223,0.12416187944217472,0.09908202941781831,0.3234038581877544,0.5609977953443984,0.08099779534439844,0.6178762380239853,0.23955182495837216,-0.6897417855114969,0.3333333333333333,10.490228596092496,0.02011831401042572,random,0.7352876147259946,secure_allocated,True,42,nominal
7,F5,UAV_2 -> BS_2 -> DC_1 -> BS_3,3,0.46,0.82,True,True,True,True,1.0,1.0,0.5,0.8961876826972756,12.822354800840255,0.13336478270086427,0.6671564234674408,0.05371233235910142,0.3019621198265656,0.10381231730272437,0.1273468256988022,0.1937807688199905,0.9771612901934006,0.5171612901934006,0.15834339197862973,0.20983765573725452,-0.2212946886998061,0.3333333333333333,14.113252740144928,0.08944687794046854,random,0.6663572266475368,secure_allocated,True,42,nominal
7,F4,GW_2 -> UAV_2 -> BS_2 -> DC_1 -> BS_1,4,0.44,0.78,True,True,True,True,0.8159276466093188,1.0,0.44931726665035937,0.8848331870328698,30.350635860937828,0.16573378638342276,0.9133794515230444,0.06940442715805405,0.3636971491313239,0.11516681296713022,0.1473953978017252,0.2787604048307864,0.8734235067823567,0.4334235067823567,0.29208098437301455,0.3416363006843765,-0.3945718745783275,0.5,10.613252740144928,0.06527421172874551,random,0.7875993540257825,secure_allocated,True,42,nominal
8,F1,SAT_1 -> UAV_1 -> GW_1 -> BS_1 -> DC_1,4,0.58,1.0,True,True,True,True,0.34466397201140675,0.9916649805503471,0.2579185097731236,0.8672527765483405,45.10327559798143,0.1987881646343837,0.9483213687555413,0.0860146481806345,0.4230254364210334,0.13274722345165949,0.1576567936245593,0.3670195039750766,0.6066100366945648,0.026610036694564854,0.5886009964961663,0.41048195279058,-0.7117455823333403,0.5,9.916649805503472,0.027573117760912542,random,0.8432619595573092,secure_allocated,True,42,nominal
8,F2,SAT_2 -> SAT_1 -> UAV_1 -> GW_1 -> BS_1,4,0.52,0.94,True,True,False,True,0.3294959580171101,0.49166498055034713,0.401256248978339,0.8574199553427511,63.15999897303413,0.23511945428715741,0.9805173166118119,0.08911793507917537,0.43351872637155575,0.14258004465724888,0.18361986582030315,0.46348989778121796,0.37110440833247205,-0.14889559166752797,0.8430790276896377,0.49474666187415917,-0.9915030262518855,0.75,4.9166498055034715,0.02635967664136881,random,0.9650877682226789,best_effort_allocated,True,42,nominal
8,F3,UAV_1 -> GW_1 -> BS_2 -> DC_1,3,0.48,0.88,True,True,False,True,0.24333591901710516,0.5638991456947859,0.30144369298917134,0.8606661189153951,18.81868114508679,0.17229922021091948,0.8200223325123865,0.0791152692385802,0.3990540889300334,0.1393338810846048,0.1024206116931989,0.3154911608595506,0.3569359171834484,-0.12306408281655157,0.8203622541439738,0.237820512010405,-0.8917084077470953,0.3333333333333333,5.63899145694786,0.019466873521368413,random,0.9669360384516367,best_effort_allocated,True,42,nominal
8,F5,UAV_2 -> GW_2 -> BS_3,2,0.46,0.82,True,True,True,True,0.8821866358761588,1.0,0.46870306007964,0.8394490867638222,19.929373390516112,0.19500040668728108,0.7948571074248254,0.06639941930670014,0.352341000449116,0.1605509132361777,0.11386194970982337,0.35437564327221643,0.8998814488199282,0.43988144881992813,0.2759539843016273,0.19300374248907518,-0.33385510704834986,0.5,14.640265759665532,0.0705749308700927,random,0.8493055077365682,secure_allocated,True,42,nominal
8,F4,GW_2 -> UAV_2 -> BS_2 -> GW_1 -> BS_1,4,0.44,0.78,True,True,True,True,0.8321866358761587,0.7729231870368164,0.5184608704006901,0.8577091682900198,30.215267080474078,0.18953134606864022,0.9303533902844189,0.06639941930670014,0.352341000449116,0.14229083170998022,0.1590064395807483,0.31119415969969855,0.7742141009222591,0.33421410092225906,0.399160254920908,0.341004579708879,-0.5014616288335717,0.5,7.729231870368164,0.0665749308700927,random,0.43985072636251965,secure_allocated,True,42,nominal
9,F1,SAT_1 -> GW_1 -> UAV_1 -> BS_2 -> DC_1,4,0.58,1.0,True,True,False,False,0.01231006989095567,0.9756503535220657,0.01246008402687745,0.8561857275510136,49.242870790557504,0.235788504450312,0.9751674844578091,0.10905419382781623,0.4970565134393004,0.14381427244898645,0.17881992177697525,0.469704421260702,0.4141740575861782,-0.16582594241382176,0.8161948977762874,0.4298000636892683,-0.9451349168830678,0.75,9.756503535220657,0.0009848055912764536,random,0.7802116737647123,best_effort_allocated,True,42,nominal
9,F2,SAT_2 -> UAV_2 -> BS_2 -> BS_1,3,0.52,0.94,True,True,False,False,0.0,0.539715252522255,0.0,0.7941236788407401,38.45290070032177,0.2934928534414646,0.9235487860675118,0.12145237022921003,0.5335212995067604,0.20587632115925983,0.303258738236784,0.4394835497950497,0.19757907297997757,-0.32242092702002245,1.0678730359453716,0.3294468699348349,-1.1667070969258222,0.6666666666666666,5.39715252522255,0.0,random,0.9363471899209789,best_effort_allocated,True,42,nominal
9,F3,UAV_1 -> BS_2 -> BS_1 -> DC_1,3,0.48,0.88,True,True,True,True,0.7107683726906948,0.7060828964196361,0.5016534820461435,0.8860388374108195,18.977792816689096,0.15240681562867023,0.6947203074777173,0.07278864675621621,0.3762452022278536,0.1139611625891805,0.1171033584567292,0.26397313970608094,0.6835884525990987,0.20358845259909875,0.4790559149907663,0.2385630331445491,-0.550624824934131,0.3333333333333333,7.060828964196361,0.05686146981525559,random,0.6693969519665556,secure_allocated,True,42,nominal
9,F5,UAV_2 -> BS_2 -> DC_1 -> BS_3,3,0.46,0.82,True,True,True,True,0.9524299749768782,1.0,0.4878177385020722,0.878175936637974,11.85532616881649,0.14608895756397955,0.6593425849571675,0.05958409034973677,0.3257916960458532,0.12182406336202604,0.12047492070531857,0.22050261135788907,0.9470351922976373,0.4870351922976373,0.20015276261761675,0.20532485545447693,-0.2617502192539598,0.3333333333333333,10.57369859093751,0.07619439799815025,random,0.9321661216926247,secure_allocated,True,42,nominal
9,F4,GW_2 -> UAV_2 -> BS_2 -> GW_1 -> BS_1,4,0.44,0.78,True,True,True,True,1.0,0.707369859093751,0.5856961774707599,0.8507622898483653,29.69827271184414,0.19155963802963444,0.9226587791250338,0.06031585854608593,0.3286974856527508,0.1492377101516347,0.14718063115281083,0.32099391646222225,0.8354841403588285,0.39548414035882845,0.33289206816769473,0.3385919393219393,-0.4344696499642765,0.5,7.073698590937511,0.0853970209795184,random,0.9524534568207645,secure_allocated,True,42,nominal
10,F1,SAT_1 -> GW_1 -> UAV_1 -> BS_2 -> BS_1 -> DC_1,5,0.58,1.0,True,True,False,False,0.0,0.9596811435038888,0.0,0.8482918256204204,51.74435205414264,0.22082241019465665,0.9802456853911271,0.11389412789512561,0.5115512251385282,0.15170817437957954,0.15724572934533906,0.4215200516809766,0.3984807162132424,-0.18151928378675758,0.8287771746589851,0.49147364291933227,-0.9762192675347848,0.6,9.596811435038887,0.0,random,0.9885117625850195,best_effort_allocated,True,42,nominal
10,F2,SAT_2 -> SAT_1 -> GW_1 -> UAV_1 -> BS_2 -> BS_1,5,0.52,0.94,True,True,False,False,0.0,0.4596811435038887,0.0,0.8389931468326861,69.83712118405235,0.24916225552018356,0.9922079018579245,0.11389412789512561,0.5115512251385282,0.16100685316731383,0.17344649800128314,0.4987008887780296,0.17143500687994087,-0.3485649931200592,1.0685758143887738,0.5759065655255776,-1.241347784046447,0.8,4.596811435038887,0.0,random,0.9863356067288962,best_effort_allocated,True,42,nominal
10,F3,UAV_1 -> GW_1 -> BS_1 -> DC_1,3,0.48,0.88,True,True,False,True,0.2359646607256227,0.5778431465390783,0.289951335707538,0.872660325701847,19.72961411037269,0.17178176489842523,0.8023225022684759,0.07936172950401874,0.3999262020423223,0.12733967429815293,0.11902510154656169,0.3150855240011517,0.36179525099608406,-0.11820474900391592,0.8154880937187879,0.24207153251507255,-0.8881095534733097,0.3333333333333333,5.778431465390783,0.018877172858049816,random,0.9891774409069356,best_effort_allocated,True,42,nominal
10,F5,UAV_2 -> BS_2 -> BS_1 -> DC_1 -> BS_3,4,0.46,0.82,True,True,True,True,0.8075564081826498,1.0,0.44676691943162194,0.8657169754812124,13.642504204089287,0.14958777699355147,0.7345264140774508,0.05979613313979123,0.32663511176166743,0.1342830245187876,0.11475598354640976,0.21893448358469653,0.8646137591063241,0.4046137591063241,0.28435951848119095,0.26366501961908334,-0.36345902436691596,0.25,12.986261839280314,0.06460451265461199,random,0.9870579996743187,secure_allocated,True,42,nominal
10,F4,GW_2 -> UAV_2 -> BS_2 -> BS_3 -> DC_1 -> BS_1,5,0.44,0.78,True,True,True,True,0.9272088566302684,0.9486261839280313,0.4942912551384613,0.8657738156598189,25.685197267650132,0.16007186518943756,0.9153398724488305,0.05979613313979123,0.32663511176166743,0.1342261843401813,0.1237963529893273,0.25012470535823106,0.9073168933594219,0.4673168933594219,0.24637422391624186,0.3698642539157006,-0.35733350009095205,0.4,9.486261839280314,0.07417670853042148,random,0.6113953988415063,secure_allocated,True,42,nominal
11,F1,SAT_1 -> UAV_1 -> BS_2 -> DC_1,3,0.58,1.0,True,True,False,True,0.2601483884838025,0.9960493497374905,0.20709190963212395,0.8432899396794343,41.865693871622554,0.21275593519078584,0.8803445653222308,0.09689516400815244,0.4590755097714643,0.15671006032056564,0.15391107597994869,0.3842523410101868,0.5568276077774377,-0.023172392222562288,0.6536814405012821,0.3453732380675719,-0.7572934119215536,0.6666666666666666,9.960493497374905,0.020811871078704202,random,0.8124002256317532,best_effort_allocated,True,42,nominal
11,F2,SAT_2 -> UAV_2 -> BS_2 -> UAV_1 -> GW_1 -> BS_1,5,0.52,0.94,True,True,False,False,0.0,0.5571757570626582,0.0,0.8001783779813592,62.42435654560413,0.2762729071198482,0.9854776621409116,0.12178953529990146,0.5344830467872554,0.19982162201864087,0.21852883526765737,0.48317810652465026,0.20676833383409515,-0.31323166616590487,1.0511752360666504,0.541313663879486,-1.2135693352304961,0.8,5.571757570626582,0.0,random,0.992861505000544,best_effort_allocated,True,42,nominal
11,F3,UAV_1 -> GW_1 -> BS_1 -> DC_1,3,0.48,0.88,True,True,True,True,0.2615120158432039,0.9978446121723386,0.20765525032832594,0.8590494381314292,19.576798599575557,0.18144151990596338,0.8000637193887425,0.08492284597644942,0.41929193873488074,0.14095056186857072,0.11185296994722216,0.33783150432375963,0.5618525605802289,0.08185256058022894,0.6246191080611748,0.2413583934646859,-0.6970266261005806,0.3333333333333333,9.978446121723385,0.02092096126745631,random,0.5832920312995834,secure_allocated,True,42,nominal
11,F5,UAV_2 -> BS_2 -> DC_1 -> BS_3,3,0.46,0.82,True,True,True,True,1.0,1.0,0.5,0.8471482397303532,12.182991871668,0.1505156101604921,0.6271675592266628,0.05339783837859711,0.300659037565319,0.15285176026964675,0.11632557666896697,0.1873385801538439,0.9663726127406778,0.5063726127406778,0.17652417122287345,0.20685396206778398,-0.23858035984320863,0.3333333333333333,11.741943637783532,0.09387663096043238,random,0.9591829284528949,secure_allocated,True,42,nominal
11,F4,GW_2 -> UAV_2 -> BS_2 -> BS_1,3,0.44,0.78,True,True,True,True,1.0,0.8241943637783532,0.5481871997064804,0.8355583893351198,22.527452257799276,0.19045261348431503,0.8771511282933273,0.05883771996582466,0.3228137184900939,0.16444161066488014,0.14193976336211966,0.29548783870593226,0.8847103093539852,0.4447103093539852,0.28169679633648004,0.2551281105363966,-0.358235229497399,0.6666666666666666,8.241943637783532,0.11253031946335085,random,0.6365939312466438,secure_allocated,True,42,nominal
12,F1,SAT_1 -> UAV_1 -> BS_2 -> DC_1,3,0.58,1.0,True,True,True,True,0.3307637784711208,0.9666588602728844,0.25493911435931393,0.8386234746408228,42.23272726788662,0.21066807403287452,0.8795382005400906,0.09423301441534274,0.4504434260575908,0.16137652535917724,0.1405374295859294,0.38354963498186373,0.5814137297028954,0.0014137297028954388,0.6259977601262958,0.34708606058347086,-0.7301235783013371,0.6666666666666666,9.666588602728844,0.026461102277689667,random,0.718150321187751,secure_allocated,True,42,nominal
12,F2,SAT_2 -> UAV_2 -> BS_2 -> UAV_1 -> GW_1 -> BS_1,5,0.52,0.94,True,True,False,False,0.0,0.5855612662112183,0.0,0.7963700411848667,63.227860574982444,0.2851759460897211,0.9858611764440461,0.1280123531472392,0.5519617482589647,0.20362995881513327,0.22169401190332522,0.5081370442076543,0.21870397885571888,-0.3012960211442811,1.047615633949397,0.5450633493499181,-1.2111346387543724,0.8,5.855612662112183,0.0,random,0.8171887749161553,best_effort_allocated,True,42,nominal
12,F3,UAV_1 -> GW_1 -> BS_1 -> DC_1,3,0.48,0.88,True,True,True,True,0.13159841499394484,0.9783505070997742,0.1185625864167768,0.8592940788716792,19.56252490392199,0.18392440671766547,0.810017742251559,0.0927111251586294,0.44545503834104694,0.14070592112832084,0.10963611134588501,0.35086363522462233,0.4816815537933374,0.001681553793337398,0.7124481888148737,0.24129178288496927,-0.7848357236803645,0.3333333333333333,9.783505070997743,0.010527873199515586,random,0.2796715967313689,secure_allocated,True,42,nominal
12,F5,UAV_2 -> BS_2 -> BS_3,2,0.46,0.82,True,True,True,True,1.0,1.0,0.5,0.8303240858699139,7.563699710003018,0.18156837050710584,0.5780884478235078,0.06010549870580538,0.3278635673243395,0.16967591413008604,0.13387829981814658,0.26020287681249255,0.962671298891381,0.5026712988913811,0.20100035966790147,0.1352972653133474,-0.24158953926190568,0.5,11.392271279717816,0.1247080204113237,random,0.9513217965579933,secure_allocated,True,42,nominal
12,F4,GW_2 -> UAV_2 -> BS_2 -> BS_3 -> DC_1 -> BS_1,5,0.44,0.78,True,True,True,True,0.8424190154984009,0.7892271279717816,0.5163000684123492,0.8524926766858154,27.285915495113603,0.16575156583381967,0.9113872359156484,0.06010549870580538,0.3278635673243395,0.14750732331418454,0.11555665838022762,0.2588250913134733,0.7860310549823015,0.3460310549823015,0.3705230414740022,0.3773342723105301,-0.48372332316716127,0.4,7.892271279717816,0.06739352123987208,random,0.9602673990986329,secure_allocated,True,42,nominal
13,F1,SAT_1 -> UAV_1 -> GW_1 -> BS_1 -> DC_1,4,0.58,1.0,True,True,False,True,0.2506570552317647,0.9948904433989579,0.2012424700842974,0.8362603579397168,43.71894658975618,0.21179333909948223,0.9365460723908312,0.09495747766901398,0.45280425386510315,0.1637396420602832,0.13347993390661522,0.39226608000148083,0.5495393586537393,-0.030460641346260697,0.6589687074073035,0.4040217507521955,-0.7801752326329622,0.5,9.94890443398958,0.020052564418541176,random,0.3103742570248761,best_effort_allocated,True,42,nominal
13,F2,SAT_2 -> SAT_1 -> GW_1 -> BS_1,3,0.52,0.94,True,True,False,False,0.0,0.7289323232388856,0.0,0.8327910730468973,48.094210027250234,0.2560689118616176,0.9451311035585818,0.11305919781416168,0.5090750177406617,0.16720892695310277,0.17870516066010403,0.5088533861387606,0.29123358152781587,-0.22876641847218415,0.9512661832450775,0.3744396467938344,-1.0635980772832279,0.6666666666666666,7.289323232388856,0.0,random,0.8503777858793172,best_effort_allocated,True,42,nominal
13,F3,UAV_1 -> GW_1 -> BS_2 -> DC_1,3,0.48,0.88,True,True,True,True,0.30404344505675035,0.9430849276205269,0.24379482635299524,0.8247124911402016,18.735934897366995,0.18508006354608467,0.7906592195794788,0.0840483739685419,0.41628566889049046,0.17528750885979846,0.09341107256192645,0.3127094511623897,0.5530488602612941,0.07304886026129409,0.6343085855570666,0.2374343628543793,-0.7055388944133804,0.3333333333333333,9.430849276205269,0.024323475604540026,random,0.6991059840924209,secure_allocated,True,42,nominal
13,F5,UAV_2 -> GW_2 -> BS_2 -> BS_3,3,0.46,0.82,True,True,True,True,0.6597936036417933,1.0,0.3975154514357232,0.8172150868785181,22.672025561069063,0.17503718352711534,0.7833910353574967,0.06160957899250774,0.33380148481233607,0.1827849131214819,0.10198285042784606,0.24875646997637868,0.7726738011162603,0.31267380111626025,0.38954330267402565,0.2558027859516556,-0.4662841384595223,0.3333333333333333,12.876153919998066,0.05278348829134347,random,0.64093495895707,secure_allocated,True,42,nominal
13,F4,GW_2 -> SAT_2 -> SAT_1 -> GW_1 -> BS_1,4,0.44,0.78,True,False,False,False,0.0,0.2789323232388856,0.0,0.8108697106141727,93.14372723441367,0.30689706437038755,0.9915417470686527,0.11938131787121616,0.5275798640601242,0.18913028938582735,0.2554540282202474,0.5806089027227642,0.08391088179261652,-0.3560891182073835,1.186087763189089,0.6346707270939305,-1.376488981317268,0.75,2.789323232388856,0.0,random,0.5298683922814719,degraded_unallocated,False,42,nominal
14,F1,SAT_1 -> UAV_1 -> BS_2 -> DC_1,3,0.58,1.0,True,True,True,True,0.3208481593619401,0.9996407499690406,0.2429767922280364,0.8331853326546753,41.0052574631276,0.2158419280334527,0.8639363053732575,0.09630132148306193,0.4571601888125344,0.1668146673453246,0.1311396356988304,0.40573374807363005,0.5896055983191639,0.009605598319163966,0.6218133164990234,0.3413578681612621,-0.724220676947402,0.6666666666666666,9.996407499690406,0.02566785274895521,random,0.1710913175971931,secure_allocated,True,42,nominal
14,F2,SAT_2 -> UAV_2 -> BS_2 -> UAV_1 -> GW_1 -> BS_1,5,0.52,0.94,True,True,False,False,0.0,0.621038033865095,0.0,0.7762163114450672,63.40835283270803,0.2905938751049999,0.9814710012706839,0.1276616424961627,0.5509901770669541,0.2237836885549327,0.1984299910890432,0.5214488717142688,0.23023470375720753,-0.28976529624279246,1.038280084306781,0.5459056465526375,-1.2020517782725721,0.8,6.210380338650951,0.0,random,0.9569363078035431,best_effort_allocated,True,42,nominal
14,F3,UAV_1 -> GW_1 -> BS_1 -> DC_1,3,0.48,0.88,True,True,False,True,0.09432096433376264,0.9354651627077025,0.09159277043743348,0.8452667652379117,19.234671719943023,0.19193334702832124,0.7970900558559468,0.09579435775680961,0.4555204536711491,0.15473323476208842,0.10461429798636052,0.36367640795789313,0.43879454195437606,-0.04120545804562392,0.7614555776261558,0.2397618013597341,-0.833384118034076,0.3333333333333333,9.354651627077025,0.007545677146701011,random,0.6356298762715589,best_effort_allocated,True,42,nominal
14,F5,UAV_2 -> BS_2 -> BS_1 -> DC_1 -> BS_3,4,0.46,0.82,True,True,True,True,0.7884566926602089,1.0,0.440858700071419,0.838912234092676,14.655545504751066,0.16830034312863373,0.7150444468576547,0.06336494298166871,0.3406601334168833,0.16108776590732396,0.10726575215793147,0.25452449129183413,0.8482118724635036,0.3882118724635036,0.3126883152986024,0.2683925456888383,-0.3932060790052539,0.25,12.655641241815072,0.06307653541281671,random,0.6868609012452551,secure_allocated,True,42,nominal
14,F4,GW_2 -> SAT_2 -> SAT_1 -> GW_1 -> BS_1,4,0.44,0.78,True,True,False,False,0.0,0.5573850931922925,0.0,0.8059583279727556,96.24337931579629,0.3060428992708232,0.9910778082998543,0.11982224538539447,0.5288496992097458,0.19404167202724446,0.23815468087840938,0.5891109703801616,0.2081341240905378,-0.2318658759094622,1.0617976053837692,0.6491357701403826,-1.256538336425884,0.75,5.573850931922925,0.0,random,0.14317252688436422,best_effort_allocated,True,42,nominal
15,F1,SAT_1 -> UAV_1 -> GW_1 -> BS_1 -> DC_1,4,0.58,1.0,True,True,True,True,0.3258970857723061,1.0,0.24579365115843677,0.8232747438478473,43.34751590925863,0.21901926899543178,0.9319249073748501,0.09232390467848334,0.4441795060366461,0.17672525615215273,0.12954708041377877,0.40251511841131776,0.5903638408212947,0.010363840821294712,0.6192397067358111,0.4022884075765403,-0.7399262290087731,0.5,10.403605981733751,0.026071766861784487,random,0.9776301719517618,secure_allocated,True,42,nominal
15,F2,SAT_2 -> SAT_1 -> UAV_1 -> BS_2 -> DC_1 -> BS_1,5,0.52,0.94,True,True,False,True,0.24107650292676724,0.5403605981733751,0.3085040402962297,0.8480300355771586,65.3952141809689,0.21144785945826272,0.9628101362020891,0.09232390467848334,0.4441795060366461,0.1519699644228414,0.13074658208309636,0.41534960337222077,0.3423209536147157,-0.1776790463852843,0.863875459650664,0.5551776661778549,-1.0304287595040205,0.6,5.403605981733751,0.01928612023414138,random,0.9341129638523844,best_effort_allocated,True,42,nominal
15,F3,UAV_1 -> BS_2 -> BS_1 -> DC_1,3,0.48,0.88,True,True,True,True,0.8420665081521247,0.8028346511557665,0.5119252931321616,0.8429885329818521,19.449063313955445,0.17705252478026615,0.663227451198418,0.07505129813123529,0.38449744637847844,0.15701146701814803,0.10656788124073609,0.29770800099951483,0.7898696497597709,0.30986964975977094,0.3859283479859685,0.2407622954651254,-0.4581570366255061,0.3333333333333333,8.028346511557665,0.06736532065216998,random,0.6343957397916725,secure_allocated,True,42,nominal
15,F5,UAV_2 -> BS_2 -> BS_3,2,0.46,0.82,True,True,True,True,1.0,1.0,0.5,0.8013671421601261,7.904004076882765,0.2053683245080713,0.5513870668694993,0.06409170032778831,0.3434777196322204,0.1986328578398739,0.13477841800884394,0.3022000523098995,0.9563007712752277,0.4963007712752277,0.22198440466145947,0.13688535235878624,-0.26305001036909537,0.5,17.152422337075105,0.13558148379914772,random,0.8952798309040587,secure_allocated,True,42,nominal
15,F4,GW_2 -> UAV_2 -> BS_2 -> BS_1,3,0.44,0.78,True,True,True,True,1.0,1.0,0.5,0.8041527620471349,25.38018784672158,0.2138731195093363,0.8635975415692108,0.06525206057262183,0.3479500744897988,0.19584723795286504,0.14076172220229155,0.33405338307943827,0.9569136076503697,0.5169136076503698,0.22631681475128132,0.268440876618034,-0.3068490777366915,0.6666666666666666,12.423845795318604,0.09912704339171936,random,0.8993543653723567,secure_allocated,True,42,nominal
16,F1,SAT_1 -> UAV_1 -> BS_2 -> BS_1 -> DC_1,4,0.58,1.0,True,True,False,True,0.19467892825202263,1.0,0.1629550196694808,0.8349095425109305,41.47456439133096,0.2064141396224813,0.887981985453437,0.09899582582992521,0.4658043305880938,0.16509045748906942,0.11914806282711987,0.3855160596170565,0.5207535098910171,-0.05924649010898286,0.688583935586123,0.39354796715954443,-0.8066483257339863,0.5,10.701174043648523,0.01557431426016181,random,0.9758300449031049,best_effort_allocated,True,42,nominal
16,F2,SAT_2 -> SAT_1 -> GW_1 -> BS_1,3,0.52,0.94,True,True,False,False,0.0,0.737674529724122,0.0,0.8306350242886923,49.77936368037168,0.26862492726332055,0.9388917618549341,0.11567921443796103,0.5168120257334523,0.1693649757113077,0.18871541241756898,0.5431842578718454,0.2946932437193671,-0.2253067562806329,0.9553909799824901,0.38230369717506785,-1.0700820891350105,0.6666666666666666,7.37674529724122,0.0,random,0.7446176946492659,best_effort_allocated,True,42,nominal
16,F3,UAV_1 -> GW_1 -> BS_2 -> DC_1,3,0.48,0.88,True,True,True,True,0.3828234396845876,1.0,0.2768418792292868,0.8234985667436246,20.0769931871383,0.18829060166188136,0.79938459669182,0.08351859465080544,0.4144574252775101,0.17650143325637532,0.08746217860609447,0.3305052124587365,0.6217225765101205,0.14172257651012055,0.5666225505571036,0.24369263487331205,-0.6397303410190973,0.3333333333333333,12.550515995971596,0.030625875174767007,random,0.964434346912774,secure_allocated,True,42,nominal
16,F5,UAV_2 -> GW_2 -> BS_2 -> BS_3,3,0.46,0.82,True,True,True,True,0.5836162294909991,1.0,0.36853387747774163,0.8144316403794725,24.439598827254173,0.18580986906030822,0.7757768674666006,0.06671626202222154,0.3535481336335648,0.18556835962052753,0.10120077047267538,0.2877755043570729,0.7301638871035335,0.2701638871035335,0.4418375873819964,0.2640514611938528,-0.5210530257401522,0.3333333333333333,11.937124392469528,0.04668929835927993,random,0.8899785680333232,secure_allocated,True,42,nominal
16,F4,GW_2 -> BS_2 -> UAV_1 -> GW_1 -> BS_1,4,0.44,0.78,True,True,True,True,0.5217351595268813,0.6887348417761038,0.43101866131772815,0.8185231814544134,34.59820672886683,0.21192615664524728,0.8818132560269769,0.08351859465080544,0.4144574252775101,0.18147681854558653,0.11231078757446174,0.3862734081095792,0.5569601164590023,0.11696011645900234,0.6420210103507364,0.3614582980680452,-0.75045849977115,0.5,6.887348417761038,0.04173881276215051,random,0.9912532340701209,secure_allocated,True,42,nominal
17,F1,SAT_1 -> UAV_1 -> BS_2 -> BS_1 -> DC_1,4,0.58,1.0,True,True,False,False,0.10984285606741465,1.0,0.09897153949941045,0.8221615709811418,44.71182785310877,0.21580647677366827,0.8697950493413312,0.10400468007940335,0.4815630842521016,0.17783842901885824,0.12583278643937762,0.3921173911334751,0.47128911645292926,-0.1087108835470707,0.7462145691582469,0.4086551966478409,-0.8688111281525992,0.5,10.715841279983941,0.008787428485393172,random,0.9893048873825238,best_effort_allocated,True,42,nominal
17,F2,SAT_2 -> UAV_2 -> BS_2 -> UAV_1 -> GW_1 -> BS_1,5,0.52,0.94,True,True,False,False,0.0,0.6049430637588642,0.0,0.7683443202643265,66.67970881164793,0.2962222849504593,0.9796262182289946,0.13252406984798806,0.564320044060262,0.23165567973567347,0.20712390719638885,0.5193602276419584,0.2212601291496407,-0.29873987085035936,1.0531199100931317,0.561171974454357,-1.2214715024294387,0.8,6.049430637588642,0.0,random,0.9565254961981811,best_effort_allocated,True,42,nominal
17,F3,UAV_1 -> GW_1 -> BS_1 -> DC_1,3,0.48,0.88,True,True,False,True,0.20547509086784654,0.8333996007157856,0.1977862128440399,0.8452721411124647,21.45832194164926,0.1926464288759711,0.7721666651046134,0.08814271191555006,0.43023985904525913,0.15472785888753524,0.10933241539360684,0.36087667103399274,0.45400099134416133,-0.02599900865583865,0.7402498664113404,0.2501388357276966,-0.8152915171296493,0.3333333333333333,8.333996007157856,0.016438007269427724,random,0.8890410759607436,best_effort_allocated,True,42,nominal
17,F5,UAV_2 -> BS_2 -> BS_1 -> DC_1 -> BS_3,4,0.46,0.82,True,True,True,True,0.8530537318790539,1.0,0.4603502409042564,0.8297579277364958,15.644489731209905,0.16881919074098486,0.6938562522287344,0.061699302693040387,0.3341539053965147,0.17024207226350413,0.10532701539292974,0.24244861441811627,0.8817262966355087,0.4217262966355087,0.27778081554706313,0.2730076187456462,-0.35968310117075697,0.25,11.636505113910705,0.06824429855032431,random,0.8367560555664478,secure_allocated,True,42,nominal
17,F4,GW_2 -> UAV_2 -> BS_2 -> BS_3 -> DC_1 -> BS_1,5,0.44,0.78,True,True,True,True,0.6933118347477183,0.8136505113910705,0.4600724341415398,0.8218727055656292,30.624096829154908,0.18394219588719832,0.892777247046238,0.0670870340820856,0.35495777835547915,0.17812729443437098,0.11210622873702833,0.2806121790824915,0.7082762344616652,0.2682762344616652,0.46323719827644383,0.39291245186938956,-0.5811109338372606,0.4,8.136505113910705,0.05546494677981746,random,0.7833218858421137,secure_allocated,True,42,nominal
18,F1,SAT_1 -> SAT_2 -> UAV_2 -> BS_2 -> DC_1,4,0.58,1.0,True,True,False,False,0.0,0.6108761234784079,0.0,0.7842761629088484,67.42197923399897,0.2959108891438904,0.9657194444740648,0.1279049056908358,0.5516642564259713,0.21572383709115156,0.23314408302437908,0.5155677501822339,0.22743501140523015,-0.3525649885947698,1.0436409528160133,0.5146359030919951,-1.1980317237436118,0.75,6.108761234784079,0.0,random,0.9994711048401215,best_effort_allocated,True,42,nominal
18,F2,SAT_2 -> GW_2 -> UAV_2 -> BS_2 -> BS_1,4,0.52,0.94,True,True,False,False,0.0,0.5654150251529179,0.0,0.7819546073252648,70.2902319711259,0.2853529103687587,0.9786994283991802,0.13592884635144165,0.5734767083009829,0.21804539267473522,0.20994384636344515,0.49699731902437727,0.20646677493037124,-0.3135332250696288,1.065311211810816,0.5280210825319208,-1.223717536570392,0.75,5.654150251529178,0.0,random,0.6678284067053565,best_effort_allocated,True,42,nominal
18,F3,UAV_1 -> BS_2 -> BS_3 -> DC_1,3,0.48,0.88,True,True,True,True,1.0,1.0,0.5,0.8418539223199967,16.163145660744416,0.1627179641223957,0.5213992928553559,0.07170708454963083,0.37226210504289003,0.1581460776800034,0.09369597102827017,0.2537737514316525,0.9652078629103993,0.4852078629103993,0.2010807472054013,0.22542801308347393,-0.26870915113044347,0.3333333333333333,12.389223254847627,0.09109638204353857,random,0.8227511069944415,secure_allocated,True,42,nominal
18,F5,UAV_2 -> BS_2 -> DC_1 -> BS_3,3,0.46,0.82,True,True,True,True,0.907825813410726,0.6080905262405436,0.5988627404198095,0.8476115980040876,14.386925664176555,0.16446170689508682,0.6380502478421476,0.0644224386559667,0.34475575429333283,0.15238840199591244,0.11799274122578818,0.24195641451675906,0.7394194857450431,0.2794194857450431,0.42077722093107917,0.21713898643282392,-0.48591891686092636,0.3333333333333333,6.080905262405436,0.07262606507285808,random,0.9667222604614143,secure_allocated,True,42,nominal
18,F4,GW_2 -> BS_2 -> UAV_1 -> GW_1 -> BS_1,4,0.44,0.78,True,True,True,True,0.5257582417559907,0.7389223254847627,0.4157241404468452,0.8253583525110116,37.205915822024025,0.2042321238358275,0.8690553651343556,0.08470546403958033,0.41854595171545883,0.1746416474889883,0.1140323259773219,0.36573473869034484,0.5832609169863607,0.14326091698636073,0.6132800266686264,0.37362760716944543,-0.72536830881946,0.5,7.389223254847627,0.04206065934047926,random,0.756894610935346,secure_allocated,True,42,nominal
19,F1,SAT_1 -> UAV_1 -> BS_2 -> BS_1 -> DC_1,4,0.58,1.0,True,True,False,False,0.0501004574958109,1.0,0.047710156812316946,0.8261436882139956,47.19306502311687,0.2192095324961596,0.8695308211241388,0.10710199288292115,0.4911123298043327,0.17385631178600433,0.13127635609686394,0.4063651414535938,0.439306863029775,-0.14069313697022495,0.7821155090445799,0.42023430344121204,-0.9081858000769436,0.5,10.527717168670076,0.004008036599664872,random,0.9288488412861965,best_effort_allocated,True,42,nominal
19,F2,SAT_2 -> SAT_1 -> UAV_1 -> GW_1 -> BS_1,4,0.52,0.94,True,True,False,False,0.0,0.5527717168670077,0.0,0.8263216071461419,66.94152170510908,0.2560300943958476,0.968690250408039,0.10710199288292115,0.4911123298043327,0.173678392853858,0.15593671813317447,0.5243752086866367,0.21053802616230463,-0.30946197383769536,1.0274535987669098,0.5123937679571757,-1.1811717291540624,0.75,5.527717168670076,0.0,random,0.9020559124942329,best_effort_allocated,True,42,nominal
19,F3,UAV_1 -> GW_1 -> BS_1 -> DC_1,3,0.48,0.88,True,True,True,True,0.2735247183669561,0.8007741944181352,0.2546076470075266,0.8620393496726767,22.768414092815277,0.1740389390907643,0.7574451494822227,0.08340562522848528,0.4140668898337324,0.13796065032732338,0.10650627208501444,0.3200190592718577,0.4804356395179755,0.000435639517975539,0.7013986055313015,0.25625259909980463,-0.7782743852612429,0.3333333333333333,8.007741944181353,0.021881977469356485,random,0.7921077871686373,secure_allocated,True,42,nominal
19,F5,UAV_2 -> GW_2 -> BS_3,2,0.46,0.82,True,True,True,True,0.7321495355208452,1.0,0.4226826382519526,0.8147852705144942,22.70835610991209,0.21704388515040754,0.7901536914317562,0.07345258791643111,0.37867790679221874,0.18521472948550577,0.0940506127057412,0.42192829228083034,0.8119350040496536,0.35193500404965355,0.3804042209660845,0.20597232851292308,-0.4421959195199614,0.5,12.347335039721589,0.058571962841667616,random,0.9912198559583042,secure_allocated,True,42,nominal
19,F4,GW_2 -> UAV_2 -> BS_2 -> BS_1,3,0.44,0.78,True,True,True,True,0.9095327140277936,0.8847335039721589,0.5069106829875218,0.7945511060096906,26.874075810601838,0.2255946222917669,0.8585708888409627,0.07345258791643111,0.37867790679221874,0.2054488939903094,0.14239851013019839,0.36169226782827263,0.8531743128248899,0.41317431282488987,0.34301274390445996,0.2754123537828086,-0.4256364500393025,0.6666666666666666,8.847335039721589,0.07276261712222348,random,0.5377032380431325,secure_allocated,True,42,nominal
20,F1,SAT_1 -> UAV_1 -> BS_2 -> BS_1 -> DC_1,4,0.58,1.0,True,True,False,False,0.08318430555247207,1.0,0.07679607720132575,0.8342266029663759,49.146065909859196,0.22103659109231907,0.871724859455197,0.10516306395257055,0.48515164766326757,0.1657733970336242,0.1394966234931766,0.4183583015169408,0.45928122070646227,-0.12071877929353769,0.7614731572008983,0.42934830757934284,-0.8902776494747011,0.5,11.05029619332702,0.006654744444197765,random,0.847942129212819,best_effort_allocated,True,42,nominal
20,F2,SAT_2 -> SAT_1 -> UAV_1 -> BS_2 -> DC_1 -> BS_1,5,0.52,0.94,True,True,False,False,0.0,0.6050296193327019,0.0,0.85249093955105,73.73577144933768,0.22475112369752784,0.9602826883620336,0.10516306395257055,0.48515164766326757,0.14750906044895007,0.14629438239442918,0.4579349271086862,0.23981133540094687,-0.2801886645990531,0.9826145821787575,0.5941002667635757,-1.1608446622078303,0.6,6.05029619332702,0.0,random,0.9409704375782711,best_effort_allocated,True,42,nominal
20,F3,UAV_1 -> GW_1 -> BS_2 -> DC_1,3,0.48,0.88,True,True,True,True,0.4547603058436933,1.0,0.3126015358110514,0.8366498148869107,21.998395896730756,0.18313184869421842,0.8095428287791799,0.0771890136876797,0.39219621924866255,0.16335018511308927,0.0918585541657939,0.3282667965743603,0.6641811274891516,0.1841811274891516,0.5162772592354123,0.2526591808514102,-0.5920750134908354,0.3333333333333333,12.250208019814451,0.036380824467495465,random,0.16552582585635722,secure_allocated,True,42,nominal
20,F5,UAV_2 -> BS_2 -> BS_1 -> DC_1 -> BS_3,4,0.46,0.82,True,True,True,True,0.8697384642372988,1.0,0.4651658405027686,0.8529779562452564,17.124056496650255,0.16153154517920337,0.6959006604529314,0.0618383163561149,0.33469953309751665,0.14702204375474354,0.11183291760634591,0.24728700083066008,0.8960113057044709,0.43601130570447083,0.2603527729005498,0.2799122636510345,-0.34432645199586015,0.25,13.487593643368456,0.06957907713898391,random,0.9992652131531462,secure_allocated,True,42,nominal
20,F4,GW_2 -> UAV_2 -> BS_2 -> BS_1,3,0.44,0.78,True,True,True,True,1.0,1.0,0.5,0.7984684202018979,26.382377503321965,0.22070858636909468,0.8655019271418904,0.07096232079103859,0.3695046252340133,0.2015315797981021,0.1389671191431033,0.3533169588680711,0.9556630524444175,0.5156630524444175,0.23603196773017843,0.27311776168216917,-0.31796729623482917,0.6666666666666666,11.99163333572166,0.08037314046668544,random,0.8349217282474166,secure_allocated,True,42,nominal
21,F1,SAT_1 -> UAV_1 -> BS_2 -> BS_1 -> DC_1,4,0.58,1.0,True,True,False,True,0.20354463449660135,1.0,0.1691209687306168,0.8404229577024949,48.50378191380155,0.214998405507489,0.8684207562156298,0.09817320067590735,0.4631778830740422,0.15957704229750513,0.145798905126852,0.3977962597422244,0.5268425996676797,-0.053157400332320304,0.685701153579201,0.42635098226440715,-0.8136064482585231,0.5,11.129857660565582,0.016283570759728107,random,0.9596464050089473,best_effort_allocated,True,42,nominal
21,F2,SAT_2 -> SAT_1 -> GW_1 -> BS_1,3,0.52,0.94,True,True,False,False,0.0,0.7642249800217963,0.0,0.8318771375979642,54.68989977720299,0.2783990196609005,0.9363592301597486,0.11732723558401163,0.5216289720209717,0.16812286240203575,0.2133477066282593,0.5549576783660266,0.3069142112813604,-0.2130857887186396,0.9487725905712877,0.40521953229361396,-1.0703384502593718,0.6666666666666666,7.642249800217963,0.0,random,0.8307299960382789,best_effort_allocated,True,42,nominal
21,F3,UAV_1 -> BS_2 -> BS_3 -> DC_1,3,0.48,0.88,True,True,True,True,0.9145935219684747,0.746931246176492,0.5504543413996685,0.8535319309860654,17.493893216835886,0.16353425860099174,0.5440406039810554,0.07627487564202133,0.38891550686065934,0.14646806901393458,0.10298139562366006,0.26691683543049266,0.8069225226790169,0.3269225226790169,0.36389677040659424,0.23163816834523412,-0.4333882209101645,0.3333333333333333,7.46931246176492,0.07316748175747798,random,0.7344866504919887,secure_allocated,True,42,nominal
21,F5,UAV_2 -> BS_2 -> BS_3,2,0.46,0.82,True,True,True,True,1.0,1.0,0.5,0.819140511637835,8.748971345775775,0.19174935365219356,0.535859393698287,0.059316137981793686,0.3247242396758404,0.1808594883621651,0.1437868958162655,0.26890606057735844,0.9602109125603236,0.5002109125603236,0.20725735650212357,0.1408285329469536,-0.24950591638620964,0.5,15.33124285489996,0.1408820932035262,random,0.9113497421319938,secure_allocated,True,42,nominal
21,F4,GW_2 -> UAV_2 -> BS_2 -> DC_1 -> BS_1,4,0.44,0.78,True,True,True,True,0.5960507737318544,1.0,0.37345351635536017,0.8590195296828483,34.33697685321653,0.19060780516535394,0.8976841183765096,0.07887189686104046,0.3981917221749348,0.1409804703171517,0.13763175173319614,0.3435082720107073,0.7468122220827467,0.30681222208274667,0.4385092207853963,0.3602392253150104,-0.5465809883798994,0.5,11.83124285489996,0.04768406189854836,random,0.8555314970823339,secure_allocated,True,42,nominal
22,F1,SAT_1 -> GW_1 -> UAV_1 -> BS_2 -> DC_1,4,0.58,1.0,True,True,False,False,0.0,0.994417091198023,0.0,0.8413551302131936,56.15349788598632,0.25173490939196497,0.9691836975688299,0.12197694195996797,0.5350169520918399,0.1586448697868063,0.1744664374440137,0.5120191470187921,0.4125858196860129,-0.16741418031398708,0.8344491275633313,0.4620496568012694,-0.9730640246037121,0.75,9.94417091198023,0.0,random,0.760402703537041,best_effort_allocated,True,42,nominal
22,F2,SAT_2 -> SAT_1 -> UAV_1 -> BS_2 -> DC_1 -> BS_1,5,0.52,0.94,True,True,False,False,0.1299379580161242,0.7462779262815918,0.14829445613197142,0.8643020694223147,74.472039320815,0.22087657398919303,0.9599291649797117,0.10353267896292723,0.48009492416049826,0.13569793057768526,0.15630738529844174,0.4516811585588085,0.3774373990084938,-0.1425626009915062,0.8419807903267675,0.5975361834971367,-1.0212416453759086,0.6,7.462779262815919,0.010395036641289938,random,0.9706807362431465,best_effort_allocated,True,42,nominal
22,F3,UAV_1 -> GW_1 -> BS_2 -> DC_1,3,0.48,0.88,True,True,False,True,0.2604116660375848,0.7315333264918834,0.2625263174861469,0.8532144324803435,21.50660065783855,0.18547419259743528,0.8341930303555442,0.07942602202111183,0.4001535072366327,0.14678556751965657,0.09822000981494043,0.35981873707643075,0.44012358838769466,-0.03987641161230532,0.7433781750903095,0.25036413640324656,-0.8184874160112834,0.3333333333333333,7.315333264918834,0.020832933283006786,random,0.9174195707643567,best_effort_allocated,True,42,nominal
22,F5,UAV_2 -> BS_2 -> BS_1 -> DC_1 -> BS_3,4,0.46,0.82,True,True,True,True,0.8964369692908709,1.0,0.47269536705249576,0.8686169965315214,17.231834288395767,0.1476257774711393,0.6971558408904803,0.05731922909293997,0.3167100345765446,0.13138300346847867,0.11326463351431366,0.21809614342411926,0.9141360723469137,0.4541360723469137,0.2314730361592351,0.28041522667918023,-0.31559760416298915,0.25,14.978173845867039,0.07171495754326968,random,0.968958793689768,secure_allocated,True,42,nominal
22,F4,GW_2 -> UAV_2 -> BS_2 -> BS_1,3,0.44,0.78,True,True,True,True,0.7759846851112703,1.0,0.43693208146254525,0.8069847319408421,26.055906376403254,0.21919568470497458,0.8632679471282585,0.0796537647362888,0.40095803232543836,0.19301526805915792,0.15005788195196093,0.349285797971061,0.8343282178381839,0.3943282178381839,0.3645493483604143,0.2715942297565485,-0.44602761728737883,0.6666666666666666,11.478173845867039,0.06207877480890162,random,0.6583532720835107,secure_allocated,True,42,nominal
23,F1,SAT_1 -> GW_1 -> UAV_1 -> BS_2 -> DC_1,4,0.58,1.0,True,True,False,False,0.0,0.9262862996405804,0.0,0.8571803260160463,53.622851791961104,0.24202032102562832,0.9715825793315984,0.1160307917305001,0.5178428374113277,0.1428196739839537,0.17875891095052301,0.49649517779076907,0.3854085065617914,-0.19459149343820858,0.8529613472525733,0.4502399750291518,-0.9880333397613189,0.75,9.262862996405804,0.0,random,0.8088718490520695,best_effort_allocated,True,42,nominal
23,F2,SAT_2 -> SAT_1 -> UAV_1 -> BS_2 -> DC_1 -> BS_1,5,0.52,0.94,True,True,False,True,0.17445973565675862,0.725598833280716,0.19383153683288584,0.8710715577748693,75.34797350997601,0.2214614396924705,0.9649323695032587,0.10069738720961244,0.4712023686938794,0.12892844222513067,0.1697986552073611,0.45001617651581355,0.3941080722980107,-0.12589192770198931,0.8233501677370708,0.601623876379888,-1.0038373306510373,0.6,7.25598833280716,0.01395677885254069,random,0.9881027927329817,best_effort_allocated,True,42,nominal
23,F3,UAV_1 -> GW_1 -> BS_1 -> DC_1,3,0.48,0.88,True,True,True,True,0.32643048064790686,0.7634083063220356,0.29952180501436837,0.8918860594470047,23.217896933218586,0.16200426035253884,0.7671896537616246,0.07452244966467786,0.3825782913951792,0.10811394055299532,0.12449933884410606,0.3040127418018365,0.4992854352796058,0.0192854352796058,0.6692610547278315,0.2583501856883534,-0.7467661104343375,0.3333333333333333,7.634083063220356,0.026114438451832547,random,0.5802457779929242,secure_allocated,True,42,nominal
23,F5,UAV_2 -> BS_2 -> DC_1 -> BS_3,3,0.46,0.82,True,True,True,True,0.9989649745585895,1.0,0.4997411096606035,0.8826468447894148,13.931886855421551,0.1530522147601324,0.694282391186797,0.06319910754770641,0.34001540712591344,0.11735315521058516,0.12350013801236304,0.25277301404664065,0.9736130418608955,0.5136130418608955,0.18026430656264247,0.21501547199196724,-0.24476894816023265,0.3333333333333333,14.624738914536785,0.07991719796468716,random,0.6110751166269983,secure_allocated,True,42,nominal
23,F4,GW_2 -> UAV_2 -> BS_2 -> DC_1 -> BS_1,4,0.44,0.78,True,True,True,True,0.5502099122971245,1.0,0.35492607029058093,0.8632406902870906,32.6160882251812,0.18996565846743502,0.9030608758989471,0.08028382223959236,0.4031784667854208,0.13675930971290948,0.14456704973009643,0.34021541671038724,0.7225284036265784,0.28252840362657844,0.4637507593801225,0.35220841171751227,-0.5694132828953762,0.5,11.124738914536785,0.04401679298376995,random,0.7714077919506996,secure_allocated,True,42,nominal
