scenario,seed,method,secure_feasible_ratio,allocated_ratio,avg_security_margin,avg_functional_score,avg_q_share,avg_risk,avg_latency,avg_SCI,avg_SDI,avg_free_energy
nominal,1,proposed_hybrid,0.5666666666666667,0.9666666666666667,0.16062167298840005,-0.6333466245751673,0.3817748593745538,0.23644038385104185,30.172313057229754,0.4610516992548212,0.13721768113304691,0.5494733290058943
nominal,1,latency_first,0.6166666666666667,0.9833333333333333,0.14494999120626392,-0.6480365961263574,0.34616096622045134,0.23700845564259226,28.199784506885614,0.467109141085976,0.1748712555894761,0.5669659684142393
nominal,1,pqc_trust,0.5833333333333334,0.95,0.12846461497140735,-0.6594850613233003,0.3321340806325921,0.2451650171296282,32.4323480310645,0.43429893045223195,0.1752976905905236,0.5894828861916226
nominal,1,qkd_priority,0.5333333333333333,0.925,0.15425863871137,-0.6380115773445445,0.42022026556546926,0.23161316120588157,32.02086060583443,0.45993039617316556,0.1489250761905648,0.5500443280333082
nominal,1,max_margin_greedy,0.5333333333333333,0.9416666666666667,0.13817680763455337,-0.6653558987436187,0.3825185316328744,0.242523680929163,31.979633201981382,0.4181336054769053,0.13955133202014444,0.5757387784867017
nominal,1,shortest_path_pqc,0.5833333333333334,0.9833333333333333,0.13479867950230423,-0.6592287292065259,0.3408736872222163,0.23756673244468238,27.942539903482597,0.45539568696944493,0.18362415571479931,0.578298141980515
nominal,1,random,0.4666666666666667,0.8416666666666667,0.0426161958504426,-0.7359897317165132,0.35554578646677004,0.23651576621109285,37.612596339091084,0.29036858858105735,0.20444883888258436,0.6706226995273464
nominal,2,proposed_hybrid,0.5166666666666667,0.8833333333333333,0.03808268468143695,-0.722158490950235,0.28733244811149317,0.24782152552072484,37.00567943945848,0.3229694428181378,0.2461898366055633,0.6567287964698622
nominal,2,latency_first,0.45,0.8916666666666667,0.0079096962281452,-0.764109587634746,0.2831751924839879,0.2631034530005693,33.56218039825253,0.3030241790355836,0.2870772108336779,0.6974688985787627
nominal,2,pqc_trust,0.5416666666666666,0.9083333333333333,0.020736397555311648,-0.7532451974529399,0.23176425040321497,0.2591603798400498,36.58632260398667,0.2832338540471577,0.24142660091144866,0.6835083101582657
nominal,2,qkd_priority,0.4666666666666667,0.875,0.01608656053740435,-0.7515098138700216,0.2780399234178945,0.25690393612230084,38.08918220994725,0.2964459001763096,0.2640133184476718,0.6840240642434098
nominal,2,max_margin_greedy,0.5166666666666667,0.8833333333333333,0.04277960847585086,-0.7195082221830139,0.2929436636044482,0.24854425074933875,39.39130946351714,0.33081338461702475,0.24456417398022867,0.6516932998690008
nominal,2,shortest_path_pqc,0.45,0.8916666666666667,0.0079096962281452,-0.764109587634746,0.2831751924839879,0.2631034530005693,33.56218039825253,0.3030241790355836,0.2870772108336779,0.6974688985787627
nominal,2,random,0.49166666666666664,0.8666666666666667,-0.01704739224025624,-0.7852361826114017,0.26752290218333036,0.24813742188887877,38.14436849127392,0.2291744677583379,0.26354421017820934,0.7157323974558436
nominal,3,proposed_hybrid,0.7333333333333333,0.975,0.2165451456628725,-0.5732336687574662,0.429418582705151,0.21899870096252966,32.4156212247927,0.5148684681952446,0.0782855132297759,0.48536262214120657
nominal,3,latency_first,0.7333333333333333,0.9666666666666667,0.17907238496641228,-0.5991018922763568,0.4182446254985935,0.21099577862384494,29.690648337957494,0.47052696594355786,0.1094939317370814,0.5211367867218901
nominal,3,pqc_trust,0.7666666666666667,1.0,0.2230436713809657,-0.5705592148672599,0.4132687767814144,0.22203284523874173,33.23467577373538,0.5222507340557606,0.07256591272316842,0.48040566878403035
nominal,3,qkd_priority,0.6,0.875,0.16151478944167258,-0.634355873792159,0.45802420359672347,0.22023343315808694,33.98298864237516,0.4366293626497284,0.11099470651732406,0.54161926266208
nominal,3,max_margin_greedy,0.7416666666666667,0.975,0.2192693825093702,-0.5752870836541079,0.4344903728775476,0.2207641326651528,34.01932293341174,0.5138992950608197,0.07182392709837976,0.4833489742997654
nominal,3,shortest_path_pqc,0.725,0.9666666666666667,0.18019393541375728,-0.5980176262624057,0.41928983926504754,0.21221402656518598,29.684721811576004,0.4728257682545734,0.10953154363006269,0.5205634478481487
nominal,3,random,0.6666666666666666,0.95,0.10134539843035649,-0.6893232632444972,0.383416009831925,0.21647961418675699,39.201460704506765,0.37021064029878353,0.16588524023758097,0.6028734292269866
nominal,4,proposed_hybrid,0.6166666666666667,0.9416666666666667,0.13916037612558682,-0.649521159943299,0.36677790996394866,0.2356184455798053,36.67502756698647,0.42144813836225,0.1408828639155023,0.5596136587737752
nominal,4,latency_first,0.6583333333333333,0.9416666666666667,0.061107197980998604,-0.7244429791583705,0.34554397962412847,0.23308021787613967,32.00790531295826,0.28694022975713057,0.1637402338276979,0.6410168271297549
nominal,4,pqc_trust,0.675,0.9583333333333334,0.099479731566845,-0.6970234064849653,0.32085228785221886,0.2330522876207483,37.43938187330317,0.34658589374445753,0.14602191881130233,0.6006704033347562
nominal,4,qkd_priority,0.6166666666666667,0.9416666666666667,0.12826479609866537,-0.6603368277124188,0.3764044801063612,0.23991036071137403,36.94337823632924,0.4224331650362633,0.16383478580508307,0.5728069942278965
nominal,4,max_margin_greedy,0.625,0.95,0.13471430264007322,-0.6582621919998751,0.36977177264961064,0.23685158086505104,37.761986247246334,0.41275570110478843,0.14115428449173753,0.564885375473919
nominal,4,shortest_path_pqc,0.6416666666666667,0.95,0.06562853840833811,-0.717132248778644,0.34116306759664144,0.23271328260010574,30.737618039761863,0.2944877055550172,0.16217210392530326,0.6365716634120585
nominal,4,random,0.5916666666666667,0.9083333333333333,0.03581844637494779,-0.7582744584317843,0.32113296098633853,0.2289580718177166,39.50587618348112,0.2538277569846144,0.1816131473577036,0.6649069279239114
nominal,5,proposed_hybrid,0.5916666666666667,0.9583333333333334,0.13197962651118528,-0.6528665284563266,0.340030020049,0.22775399057863085,36.90236689776785,0.4313869056361083,0.1652989489603315,0.5819645175438773
nominal,5,latency_first,0.6083333333333333,0.975,0.12319188881188098,-0.6684918276752041,0.3053614188057844,0.22730340384511025,33.086116396317365,0.42870549859106283,0.1803347550187222,0.5940984594859791
nominal,5,pqc_trust,0.5916666666666667,0.975,0.13510436960550626,-0.6634644576657579,0.3080950167200436,0.22677921485356053,36.802814373308564,0.4136664008833419,0.14127855893675675,0.5791785238657196
nominal,5,qkd_priority,0.55,0.9333333333333333,0.07457656839479411,-0.7225791948018362,0.3525130218806048,0.2302215222915129,39.250769028598306,0.35427532890419905,0.2039193442372754,0.6408738315253173
nominal,5,max_margin_greedy,0.5583333333333333,0.9416666666666667,0.11228615545343322,-0.6860854258540857,0.35152626368385903,0.2287593042341875,39.05171820662535,0.389547248304674,0.16316387037436514,0.6025283192001034
nominal,5,shortest_path_pqc,0.5833333333333334,0.975,0.12296293442618626,-0.6675074971457609,0.30664815056625017,0.22741553055690286,32.67173660657637,0.42859976583557174,0.18069062384729295,0.5944688689254092
nominal,5,random,0.5583333333333333,0.9166666666666666,0.031182864841795607,-0.7618537405605582,0.2993658744885504,0.22296796812499173,41.57462531103008,0.27819948067015315,0.2153308015536298,0.6825937413529994
nominal,6,proposed_hybrid,0.575,0.8916666666666667,0.12456252770677455,-0.6398585373726331,0.3732654819194438,0.21558473933925854,35.84979521229209,0.37255307329423665,0.12141894485315896,0.5695078292972746
nominal,6,latency_first,0.6916666666666667,0.975,0.1302788949318641,-0.6482192538108088,0.3566114961537172,0.20913144952117843,33.66178079779811,0.36879018835360483,0.10613112599097563,0.5604409043959349
nominal,6,pqc_trust,0.7083333333333334,0.9833333333333333,0.1297841149219301,-0.6611752662497247,0.32764634009367605,0.21785744783194647,35.05418637710711,0.35756845563219103,0.09590693361217066,0.5687606263023411
nominal,6,qkd_priority,0.55,0.8916666666666667,0.10752231893598756,-0.6630616745842134,0.39389160448108745,0.21799739319518885,38.09010191218576,0.3656625851093678,0.14888371628681216,0.5871656630548745
nominal,6,max_margin_greedy,0.5166666666666667,0.875,0.09556782642238136,-0.6814040724960087,0.36524480865281056,0.2197400836425958,40.2559616580155,0.32855842987824796,0.1358813604782855,0.6023012215868717
nominal,6,shortest_path_pqc,0.625,0.9916666666666667,0.13013314511888457,-0.647079499481125,0.34814384305878276,0.20539446337122058,31.09782889346626,0.38257339914882665,0.12020818721559166,0.5591727911311124
nominal,6,random,0.675,0.975,0.0926486704195404,-0.7020880313341437,0.3299357086004778,0.21586754878247408,38.91898259788032,0.3084065840985106,0.12161490986556624,0.6041405779323017
nominal,7,proposed_hybrid,0.575,0.85,0.1385607891671072,-0.5805211931374019,0.3923977056875331,0.2262671136797024,30.19746285891497,0.4893743650331091,0.21001793526071555,0.5713342007834359
nominal,7,latency_first,0.575,0.9583333333333334,0.14151344456012077,-0.6321343866304246,0.40986187677400476,0.22579076634081716,25.953119750329012,0.44179532244292935,0.15648595841042778,0.5675473670226135
nominal,7,pqc_trust,0.5083333333333333,0.8333333333333334,0.1440844803657403,-0.6092005293929326,0.3678377184606087,0.22816083763359038,32.133827275057776,0.468640030720002,0.1781471267568159,0.5697905259656205
nominal,7,qkd_priority,0.5166666666666667,0.85,0.12393288175990937,-0.6189127245421999,0.44283241057280176,0.22830022682996642,30.9678250793585,0.4388594120790368,0.18899473111147755,0.5864584599414454
nominal,7,max_margin_greedy,0.5583333333333333,0.8333333333333334,0.13743091062270898,-0.5889824402058291,0.40088854315115835,0.2299162866704611,33.17850109192125,0.48196472826310915,0.2048862794270023,0.5747498013765335
nominal,7,shortest_path_pqc,0.575,0.9583333333333334,0.14163563085916936,-0.6322931975982747,0.4095137006061617,0.2264566138636876,25.946460468602268,0.4420416657877853,0.15648595841042778,0.5677088838612204
nominal,7,random,0.5416666666666666,0.9,0.0805582732176276,-0.6889378985598847,0.37203736388084846,0.21950719216387438,34.733533001857694,0.3757764923509908,0.21336061892835456,0.6274289554331196
nominal,8,proposed_hybrid,0.5666666666666667,0.9833333333333333,0.08097033178781726,-0.7093670958689918,0.33619227085390835,0.229668073848002,33.35591583142871,0.3472926343522386,0.18404599768325217,0.6223634908153605
nominal,8,latency_first,0.5666666666666667,0.9666666666666667,0.029033320990475335,-0.7577117603060293,0.320933732605935,0.22870160382592833,31.55339644159673,0.29762569091506147,0.23909076956329667,0.6753200233629396
nominal,8,pqc_trust,0.55,0.975,0.07456504673763244,-0.7147568267689768,0.3308436283479555,0.2292277255740061,33.57340536781841,0.33883372958453734,0.18850097406511712,0.6290651099081482
nominal,8,qkd_priority,0.48333333333333334,0.925,0.04337544121282369,-0.7466734210968091,0.3550952229971658,0.23174942461558412,33.89253252681285,0.2853688963096002,0.19791840999342344,0.660939002478383
nominal,8,max_margin_greedy,0.5583333333333333,0.975,0.07751512479645954,-0.7241325868353019,0.3429439903770175,0.22774816007496604,36.32479419374519,0.338302740524105,0.18202224698285593,0.6250879140844322
nominal,8,shortest_path_pqc,0.4666666666666667,0.95,-0.011025033855223956,-0.7980698453715567,0.3173678145682601,0.22881183008186354,30.710301722917087,0.24838900802620967,0.27061689886335477,0.7163008565434557
nominal,8,random,0.5166666666666667,0.9333333333333333,-0.005648267372716052,-0.8057483107596493,0.2963757212747211,0.22311705396363568,36.815286514601226,0.23984694655494865,0.2512345823870375,0.7097399171188399
nominal,9,proposed_hybrid,0.5666666666666667,0.9666666666666667,0.18874809199694073,-0.5974115485936469,0.3877907970907607,0.21787908189873395,38.45566328740613,0.5012213100657092,0.12068080200736109,0.5061294960925317
nominal,9,latency_first,0.5333333333333333,0.9666666666666667,0.13832642886150673,-0.6447428019258984,0.34157141877999225,0.22197895732255624,33.94096902718092,0.4590482640031999,0.1801643348469364,0.5611270611766139
nominal,9,pqc_trust,0.575,0.975,0.18310430882718046,-0.6063496776455114,0.3561734827958282,0.22191422922294385,37.75973354738671,0.496450889503375,0.12728897654534987,0.5159594638343422
nominal,9,qkd_priority,0.5333333333333333,0.95,0.1642231703926035,-0.6200734481073896,0.41768495376506265,0.21530529525440933,37.85495275343756,0.46801372360800514,0.13691862201001417,0.5272417207966572
nominal,9,max_margin_greedy,0.5666666666666667,0.9666666666666667,0.18838015855242032,-0.605430680577996,0.3918127806560715,0.21315701279879182,41.11811928424948,0.499103302479354,0.11930459572044212,0.5042159485248862
nominal,9,shortest_path_pqc,0.5416666666666666,0.9583333333333334,0.14622474892872456,-0.6300759678414825,0.3486993891908057,0.22204234907014903,33.62885289681869,0.47031351196999477,0.1755055504201469,0.5524696926540708
nominal,9,random,0.5583333333333333,0.9583333333333334,0.1578150639054168,-0.6403742264594836,0.36973235205084953,0.2160577886144461,41.578282407380925,0.46882699555479307,0.1506514634874205,0.5374696040287179
nominal,10,proposed_hybrid,0.55,0.9833333333333333,0.11074732646097826,-0.6826251875667827,0.3260632541546219,0.21869451442754068,31.8627065734198,0.40494602319132617,0.1816651230683861,0.5978480712904954
nominal,10,latency_first,0.5083333333333333,0.975,0.05120555009815207,-0.7392765134523291,0.3126849953568863,0.2201032517465914,28.87813088394033,0.34390791447898666,0.24067091831335743,0.661626629713036
nominal,10,pqc_trust,0.575,0.9916666666666667,0.0666110990246012,-0.7316243503852539,0.23788212158411254,0.21331730441810873,32.47320698583241,0.32149105033011205,0.1871944797159967,0.643582179197012
nominal,10,qkd_priority,0.43333333333333335,0.95,0.06120470467007055,-0.7286092901724587,0.3351038236541992,0.2240242158424556,35.00738652945867,0.30978419770859006,0.18638761571248008,0.649678340550535
nominal,10,max_margin_greedy,0.38333333333333336,0.9666666666666667,0.029677818159315795,-0.7766895801303277,0.2736824647610158,0.22114402856607848,39.45815092148588,0.2636584865810125,0.20382417577594034,0.6824308154321191
nominal,10,shortest_path_pqc,0.4666666666666667,0.9666666666666667,0.03979109382464675,-0.7499948267197403,0.3049154740145406,0.22119929470369257,28.917106265229343,0.33329101985273385,0.25306704036755895,0.6742214111124037
nominal,10,random,0.48333333333333334,0.9583333333333334,-0.022584599131334735,-0.8233783760167442,0.24461364724827975,0.21987636613533115,39.92958855344144,0.18969365320929318,0.2352271191998874,0.735257497116388
nominal,11,proposed_hybrid,0.575,0.95,0.10825081235202152,-0.6711199939458514,0.33371290067617065,0.22104231318893977,26.126603454154687,0.3829070398927035,0.1646594343442731,0.6057839259764782
nominal,11,latency_first,0.575,0.9666666666666667,0.08326807318568766,-0.7035695367705713,0.33196496160512867,0.23122666578095372,25.095756022033544,0.3476248144004273,0.17974563459057324,0.6357061478377445
nominal,11,pqc_trust,0.575,0.9666666666666667,0.09219396671696721,-0.6982724839658159,0.3052668861194769,0.22729166113765356,27.124810712965424,0.3529968012516284,0.16712186835451703,0.6258028030833028
nominal,11,qkd_priority,0.5083333333333333,0.8833333333333333,0.019821580266878785,-0.7794390424303754,0.36687236577493004,0.22957390729794558,30.775196063216086,0.25136279369367,0.21139993025238213,0.6977532905390702
nominal,11,max_margin_greedy,0.5583333333333333,0.9416666666666667,0.09953841104871944,-0.68307795037004,0.3397673238119996,0.2168454755201689,27.320142980555094,0.3707803191629684,0.1700980388228082,0.6127382038446084
nominal,11,shortest_path_pqc,0.575,0.9666666666666667,0.08311439214981388,-0.7036906007396687,0.33196496160512867,0.23226787928577267,25.092042729475292,0.34744887643602507,0.17987953742430354,0.6363283749507869
nominal,11,random,0.44166666666666665,0.825,-0.03862556105459665,-0.8105299846063952,0.3115588868267191,0.23189569662141452,35.28492893355095,0.2039788964096508,0.28185301143907954,0.7575910699851398
nominal,12,proposed_hybrid,0.5833333333333334,1.0,0.11381438431512662,-0.6964870614727572,0.2751664153410342,0.23418474185856958,29.06772589690549,0.40723280366324316,0.17776831915693955,0.6081672452170894
nominal,12,latency_first,0.575,0.9916666666666667,0.09647333682429783,-0.7017998554476393,0.25064672895489526,0.23263847007473656,22.803202181419866,0.37468279401024934,0.18018009879997152,0.6257334016992249
nominal,12,pqc_trust,0.5833333333333334,0.9916666666666667,0.06886448799162073,-0.7377138551187857,0.21779181307889717,0.23164864290024922,28.762067312815088,0.3188114039123099,0.1799717103808165,0.6539424388664904
nominal,12,qkd_priority,0.5666666666666667,0.9916666666666667,0.11591134864477985,-0.684911860867143,0.27480447217905823,0.235562324879998,26.79299143811878,0.4320511085941163,0.19835887342318914,0.6066912628498362
nominal,12,max_margin_greedy,0.5833333333333334,0.9916666666666667,0.11660030292234223,-0.6932886587250111,0.2695760127608259,0.2287228710217424,30.992114571218043,0.41952131851237234,0.18444006262055335,0.6030153862808999
nominal,12,shortest_path_pqc,0.55,0.9916666666666667,0.08991515491992379,-0.7083627232622393,0.2442851199815826,0.23320364422336778,22.6776306900035,0.36421764394638895,0.18293708967234915,0.632792379036686
nominal,12,random,0.5333333333333333,0.9833333333333333,0.02885181967643041,-0.7864964971599856,0.23920670305892736,0.2325424461710097,31.374288743360943,0.2789902793312569,0.22082128804813114,0.6927233915599263
nominal,13,proposed_hybrid,0.5666666666666667,0.9666666666666667,0.1166277131246512,-0.6770536109251893,0.36892616903210296,0.224304606055752,33.50561600538639,0.3479500078820063,0.11281348948553206,0.5916369369647079
nominal,13,latency_first,0.7,0.9916666666666667,0.12544432260064772,-0.6662220464115883,0.3555820828167583,0.22471327967281768,28.87086845348439,0.3683789678162897,0.11546702708917735,0.5855295058849053
nominal,13,pqc_trust,0.6916666666666667,0.9833333333333333,0.13595128092624212,-0.6552526718830746,0.34690748372000957,0.22404675564518867,30.7334966724576,0.3805662136157835,0.10647088916771481,0.5736063834151454
nominal,13,qkd_priority,0.5333333333333333,0.9666666666666667,0.09701315721841847,-0.701058456788451,0.3688881535297449,0.227927000751394,35.0685082880285,0.32735028460057625,0.13175924182150678,0.6129359795109026
nominal,13,max_margin_greedy,0.5,0.9666666666666667,0.08689955054939054,-0.7218277596314933,0.35685709701126983,0.2257257252980701,38.49394055570229,0.3033538123230526,0.1281531055702491,0.6225599596770259
nominal,13,shortest_path_pqc,0.5833333333333334,0.9916666666666667,0.10901971280001958,-0.6807720066882973,0.3261456801212515,0.22685874184825097,26.978509347934217,0.3597553724331884,0.1399575643686328,0.604357519240412
nominal,13,random,0.6333333333333333,0.975,0.059758642280927976,-0.7506178405295636,0.31846377079712185,0.2243651081615988,36.73658789573848,0.25081758390786374,0.13033645027696059,0.6532573456186302
nominal,14,proposed_hybrid,0.5083333333333333,0.9583333333333334,0.08476228136704281,-0.7177233442472462,0.32488551233209534,0.21910183201546307,36.27915550149314,0.33567271760663586,0.1647810213021141,0.6275527459807595
nominal,14,latency_first,0.5,0.95,0.04844092623628447,-0.7484360334175751,0.32351845083577746,0.22339142305819934,31.846811971391535,0.2997674546997721,0.20210429696532758,0.666575000770039
nominal,14,pqc_trust,0.5083333333333333,0.9583333333333334,0.06206008564978489,-0.7416680689183655,0.29267393226500715,0.21906614421306123,36.25622089567165,0.2857630608219952,0.16064192039904182,0.6515488893941637
nominal,14,qkd_priority,0.5083333333333333,0.9583333333333334,0.04915898770471947,-0.7582241097040686,0.352383628740275,0.22818142462992924,37.604328118216316,0.2869960844525226,0.18788522214462047,0.665209791440273
nominal,14,max_margin_greedy,0.49166666666666664,0.9416666666666667,0.07519493257575698,-0.7314370641604941,0.3224421508619032,0.2166013338906877,38.056290488874204,0.31443719067336134,0.16283450402869,0.6367644776725024
nominal,14,shortest_path_pqc,0.5,0.95,0.04660596326265179,-0.75100179686023,0.322725886502152,0.2239090005078007,31.842956574655098,0.29606793257551267,0.20210429696532758,0.6686428735959922
nominal,14,random,0.49166666666666664,0.9416666666666667,0.008946520369437407,-0.7939397239112151,0.2977520354867937,0.2212076960599532,38.05308347663507,0.2343727566235554,0.21633541716904447,0.7060009103525651
nominal,15,proposed_hybrid,0.5666666666666667,0.975,0.1430373774565189,-0.6463823306652159,0.2841124754413093,0.21926237064682086,32.19431689412336,0.46081037704243727,0.1724285676542944,0.5597690707529084
nominal,15,latency_first,0.5666666666666667,0.975,0.11339886606382307,-0.6771809187031271,0.28666138056383955,0.2301576206544804,30.75324938637621,0.4085564997152111,0.17992975361879351,0.5943765603255823
nominal,15,pqc_trust,0.5666666666666667,0.975,0.13665695290518934,-0.6537594505536571,0.27339329470363205,0.23288599617542866,31.74780567016735,0.4491082596162835,0.1735902094042082,0.5723584556004607
nominal,15,qkd_priority,0.5166666666666667,0.925,0.08345739080281821,-0.7164957168367465,0.33606560912990996,0.24213117667758988,34.27175134026812,0.3778833946884978,0.2096225261344288,0.6303621927583201
nominal,15,max_margin_greedy,0.5666666666666667,0.975,0.15739846854097686,-0.6329689466578279,0.29489475971358475,0.2167016637277861,33.118314869293805,0.48921881878644885,0.17188319672802774,0.543144667462759
nominal,15,shortest_path_pqc,0.5583333333333333,0.975,0.11322212820968859,-0.6772634680833327,0.28586425221039374,0.23139169139598612,30.734101216787984,0.40854299115080067,0.18027257137320266,0.5951147818595106
nominal,15,random,0.5083333333333333,0.95,0.06767474074284889,-0.734271055293142,0.2873442768824741,0.22876224630973616,36.88043323883633,0.3694673534422456,0.2330263438800503,0.6415007722891303
nominal,16,proposed_hybrid,0.6,0.925,0.1858642485702483,-0.5853555787208221,0.363748229770477,0.23409428491326403,34.18741001306729,0.5390156663417233,0.16428935874041614,0.5186722890700317
nominal,16,latency_first,0.6166666666666667,0.925,0.1584055714381383,-0.6169660223922064,0.3654013890994709,0.23845968995368177,29.69669670923801,0.4907881516587405,0.1714220802108811,0.5486020599742528
nominal,16,pqc_trust,0.6333333333333333,0.9416666666666667,0.1760640314652619,-0.5944140421128131,0.34390271133002703,0.23738297875696285,33.15238811345967,0.5225752168294864,0.16760741145597455,0.5309816380480824
nominal,16,qkd_priority,0.575,0.9,0.16627972259628468,-0.6050167632054395,0.380029647042577,0.24135247995605574,33.80886781709935,0.5016007997985338,0.1663594235963469,0.5413100798863573
nominal,16,max_margin_greedy,0.5916666666666667,0.9166666666666666,0.17581943778049125,-0.5993029445049914,0.36952945155534966,0.23485053994607247,35.577252427795806,0.5183143697314151,0.16383969678687638,0.5291251580729633
nominal,16,shortest_path_pqc,0.55,0.925,0.13279418499905046,-0.6383940617853124,0.3511750465780399,0.23713896088337386,26.509207041513708,0.4700087882719719,0.2022785765803379,0.5746906999009559
nominal,16,random,0.5916666666666667,0.9083333333333333,0.11857680135604859,-0.6543104576628861,0.3425918289116635,0.23678265385841363,36.61398570740345,0.4445488906048238,0.2054827588385968,0.5892585227119157
nominal,17,proposed_hybrid,0.6,0.975,0.16854845471860397,-0.6186841251696726,0.40957752518604884,0.22294691982877657,31.36660871890032,0.41240823793536574,0.07259280503495454,0.536037660196613
nominal,17,latency_first,0.4583333333333333,0.975,0.05570077285809243,-0.7052716554174131,0.3608950571524969,0.20703790361794372,24.89067653735428,0.19224166940468934,0.07994172412627715,0.6340268072423243
nominal,17,pqc_trust,0.6083333333333333,0.95,0.15123793398222204,-0.6181892058012384,0.38486015419577235,0.22221640820429384,32.61325070773155,0.4073520244214934,0.10243683494120699,0.553475307665749
nominal,17,qkd_priority,0.5166666666666667,0.975,0.09357534834558102,-0.6806135564538265,0.39150244539008155,0.21385977820003124,28.833294696638735,0.2797568385788575,0.09109686207566992,0.6019654953298291
nominal,17,max_margin_greedy,0.6,0.975,0.1707041262176565,-0.6206056081902896,0.4082713072439363,0.22480654500285321,32.936683432784356,0.4165363758273499,0.0723748310336877,0.5352084734046958
nominal,17,shortest_path_pqc,0.4083333333333333,0.975,0.04538508986034026,-0.7084579100804658,0.3287213699032537,0.2025985101527816,23.651193240271994,0.1721222584057447,0.0806200611066716,0.6403686821547157
nominal,17,random,0.575,0.95,0.06189151148473721,-0.7199909453233326,0.37531789763015916,0.2139430896858298,35.831504841419154,0.26602497204813774,0.1412436988934256,0.6371535739684434
nominal,18,proposed_hybrid,0.7166666666666667,1.0,0.16473848122397985,-0.6389628472822391,0.392778658202972,0.23756123467668916,32.61768307354283,0.3813756605008831,0.049241625775117294,0.5480480909792791
nominal,18,latency_first,0.6583333333333333,0.975,0.07006527359829469,-0.7279407842963993,0.3584903991345618,0.24132045381211747,31.296132455230648,0.2143424436858138,0.0730818114311874,0.6476152575915715
nominal,18,pqc_trust,0.7166666666666667,0.9916666666666667,0.12675817881174425,-0.6806753606469906,0.322414979137446,0.23843390508104514,32.91841886238952,0.32783255609906997,0.07227171172055329,0.5901436393206235
nominal,18,qkd_priority,0.6833333333333333,0.9833333333333333,0.14146168242200616,-0.6601500477061303,0.41359192115922394,0.23763232877805987,34.044434471462715,0.34827879765268205,0.06307379276960513,0.570801559111506
nominal,18,max_margin_greedy,0.7,1.0,0.1572831354585706,-0.6516354962279713,0.38648182643264367,0.23764887759172446,34.28868622100313,0.36325399746027287,0.04615090177767086,0.5561313355185667
nominal,18,shortest_path_pqc,0.5583333333333333,0.9833333333333333,0.04054373974699218,-0.7593929754450324,0.34155966457875636,0.24301353945445492,30.383818585681624,0.16347318870943153,0.08173177792920537,0.6793903002948534
nominal,18,random,0.65,0.975,0.06877688944038723,-0.7361177885647797,0.3378846217825276,0.23345499276380194,36.35999179660774,0.2499536588750725,0.11129057532590474,0.6453480126820851
nominal,19,proposed_hybrid,0.5666666666666667,0.9333333333333333,0.13500179575079124,-0.639541389518221,0.3489726851381097,0.22667593111427933,28.721871773889976,0.4607665170680722,0.1885854772479286,0.5786834072044925
nominal,19,latency_first,0.4583333333333333,0.9333333333333333,0.016420242052474228,-0.7821401152615052,0.3033922764289718,0.22980117203999945,30.011735891897104,0.28742069474253995,0.2543153680238419,0.7019396522049896
nominal,19,pqc_trust,0.5583333333333333,0.925,0.12568927326976811,-0.6478185195734402,0.3401822844613627,0.2271429371002535,28.652031252732037,0.4464124563671368,0.19300666348453968,0.5886256924287697
nominal,19,qkd_priority,0.5583333333333333,0.925,0.1242150007172349,-0.6473626341132528,0.3471170232241793,0.22806898259192673,29.1042882799709,0.4508013911774003,0.20036792198942677,0.5903971621472195
nominal,19,max_margin_greedy,0.5666666666666667,0.925,0.13378971189597638,-0.6378014959816717,0.35031513341137305,0.22760400168564132,29.354739734320948,0.46103249258682033,0.19129517021590023,0.5804908215190323
nominal,19,shortest_path_pqc,0.4583333333333333,0.9333333333333333,0.016420242052474228,-0.7821401152615052,0.3033922764289718,0.22980117203999945,30.011735891897104,0.28742069474253995,0.2543153680238419,0.7019396522049896
nominal,19,random,0.5333333333333333,0.8916666666666667,0.01970035942191532,-0.7482569247294463,0.3041405426611034,0.22131966157184796,33.81690284708468,0.30276176162393437,0.2630432950474922,0.6949004656178861
nominal,20,proposed_hybrid,0.6916666666666667,0.8833333333333333,0.15686196674853095,-0.5801933772059127,0.46862558080445604,0.22023146474554506,36.87055875901168,0.4167706100176997,0.10051664479888733,0.5352691176431934
nominal,20,latency_first,0.7333333333333333,0.9416666666666667,0.11815529225190424,-0.6435532672121674,0.4272555501697697,0.22270258170666943,34.34408675766667,0.36341890635555857,0.1252025913315581,0.5789995606351657
nominal,20,pqc_trust,0.6916666666666667,0.875,0.13649665502449926,-0.5929646893902565,0.4320033998117909,0.22196816179679293,36.06183550571903,0.39274008888566775,0.11754521988466117,0.5586558208201078
nominal,20,qkd_priority,0.6583333333333333,0.875,0.12486210019363644,-0.6244887770225478,0.4921361233999484,0.22201789092022753,38.74404658222436,0.35073754909091787,0.09899944386181218,0.5686256173646541
nominal,20,max_margin_greedy,0.6583333333333333,0.8666666666666667,0.13469473805247664,-0.6123647119276717,0.4854425272386485,0.2199407522986636,40.087557519471005,0.3707299922392811,0.09916802035928779,0.5576070423588316
nominal,20,shortest_path_pqc,0.6666666666666666,0.9666666666666667,0.14376427180309967,-0.6216745759307662,0.39151750809842745,0.2218706463052676,30.413276713464654,0.4437829345063868,0.15393561232271807,0.5542758236188131
nominal,20,random,0.65,0.875,0.06690524832430901,-0.6939629308178905,0.43365477329447494,0.22033439167221955,39.30619366190057,0.2842741007088845,0.14938448715180982,0.630179664294044
nominal,21,proposed_hybrid,0.5833333333333334,0.975,0.15979574809358146,-0.6049616689060833,0.3844392578760349,0.2255089928690513,28.997682758764512,0.45189170948264384,0.12972286251977808,0.5164161950950951
nominal,21,latency_first,0.6833333333333333,0.975,0.16212453830931653,-0.5998801756270106,0.3685736324069489,0.22770882008244275,25.985648388293804,0.451193397291824,0.12432940876497615,0.516064370447502
nominal,21,pqc_trust,0.675,0.975,0.16930304514052202,-0.5937819753964468,0.3579124772852192,0.22291373601941863,27.614218893444736,0.4608439236194925,0.11950713906198844,0.5071733509969063
nominal,21,qkd_priority,0.6083333333333333,0.975,0.16654234862880457,-0.595453496362594,0.3990951932395094,0.23045735759580566,28.491666164369953,0.46707152736706264,0.1313006631960858,0.510436958604271
nominal,21,max_margin_greedy,0.575,0.9583333333333334,0.13474062601839076,-0.6405376526616048,0.39486454488301753,0.22847402909572737,34.72896307461385,0.40483474459127383,0.1331802566509698,0.5442747789716683
nominal,21,shortest_path_pqc,0.5666666666666667,0.975,0.12394521522812724,-0.6368839018388519,0.34455527833216004,0.22407870002758976,24.240428327350322,0.4006502682834007,0.150760721452499,0.5549985842318436
nominal,21,random,0.5833333333333334,0.9583333333333334,0.09468733862006304,-0.6855431062167553,0.3533421971048186,0.22716937213633415,32.87283477499972,0.3564490891358318,0.16554719675667237,0.5877296603366907
nominal,22,proposed_hybrid,0.5916666666666667,0.9666666666666667,0.15400458374214115,-0.6290949968831583,0.34996162834944367,0.22277825549571803,33.44519604456767,0.5192965001656923,0.20880338778234311,0.5463645988839996
nominal,22,latency_first,0.6,0.9833333333333333,0.0997253961139181,-0.6884176890684327,0.3229364387415924,0.2291352322169426,30.006098162793432,0.4160198747634009,0.21496060840469502,0.6069927727220553
nominal,22,pqc_trust,0.6,0.9666666666666667,0.1159528807546326,-0.672453790213609,0.28573785554368364,0.23088634617757103,34.74120177627824,0.4576935703722634,0.22391760110889122,0.5912777562898627
nominal,22,qkd_priority,0.5833333333333334,0.95,0.1315901436164229,-0.6475076415685677,0.38421348711485687,0.2300706376590229,35.87663957895867,0.48033028549490336,0.21502757659082486,0.5714140771241337
nominal,22,max_margin_greedy,0.5833333333333334,0.95,0.13785019398984014,-0.6450865386092677,0.3634276836595844,0.22367976119567956,37.11476873462907,0.48806976066521573,0.21014598245989288,0.562888787014319
nominal,22,shortest_path_pqc,0.5666666666666667,0.9833333333333333,0.09286698956650123,-0.6956807162378943,0.3204736264075637,0.22854190649198408,29.96359419994735,0.4050960431201384,0.2178642093167085,0.613876120337237
nominal,22,random,0.575,0.95,0.04309349414809774,-0.7606993947572134,0.3159508781096051,0.22995044342579096,39.62304712935933,0.3259879551507283,0.23910591049730545,0.6648055881451309
nominal,23,proposed_hybrid,0.5916666666666667,0.975,0.1648531506368222,-0.6272446130433823,0.30964636954841446,0.21944258952412948,36.87531222412752,0.5219469888104622,0.18958176575235286,0.5436775074430799
nominal,23,latency_first,0.6,0.9833333333333333,0.15604424271743988,-0.6237502100143049,0.30338715314267367,0.22589839104727955,28.94044924929049,0.5710153058519678,0.25640997779261326,0.5537242260855936
nominal,23,pqc_trust,0.5833333333333334,0.975,0.14054845183188816,-0.6539009054629918,0.28525777226389126,0.2207083508689512,37.30324807746247,0.4837110510544857,0.20034723687729175,0.5688250717011911
nominal,23,qkd_priority,0.6,0.9833333333333333,0.1597351654099081,-0.6220110511941545,0.3093427416216709,0.22685379022665492,29.665027590253924,0.5722740354780065,0.25022733102254663,0.5504996435684303
nominal,23,max_margin_greedy,0.5916666666666667,0.975,0.15426306139585744,-0.6466966003469566,0.30665045279054,0.21585802282941208,39.854667446517105,0.5122757263204204,0.20126148963522397,0.5532141888445959
nominal,23,shortest_path_pqc,0.4166666666666667,0.9833333333333333,0.06609761705992788,-0.6926533485329706,0.2096210306307587,0.20935074877242918,25.610938651339332,0.39814961297435714,0.26488828825676064,0.6290152937994129
nominal,23,random,0.5833333333333334,0.9833333333333333,0.06690074082998328,-0.7433139823207559,0.2808314173459012,0.222052638896161,39.53128951530338,0.3604527612163783,0.22557223534947654,0.6446553720838177
nominal,24,proposed_hybrid,0.6,0.9666666666666667,0.18779141202371574,-0.5911909537692686,0.39280783124165086,0.21297718920418066,32.18830709476418,0.4915802006234302,0.11296848283368076,0.5023274993338939
nominal,24,latency_first,0.625,0.9916666666666667,0.10621726769291409,-0.6779388059269693,0.3239817546801723,0.2245000406964933,27.317954381605123,0.3695804709449464,0.15543275382213573,0.5946936697927221
nominal,24,pqc_trust,0.6,0.95,0.12985336594753918,-0.6528550652916123,0.2941175554611109,0.23007010877464307,34.69216929629726,0.4423255043802133,0.18052436335694888,0.5763485577847663
nominal,24,qkd_priority,0.5333333333333333,0.9166666666666666,0.13936381570337628,-0.6522325020698978,0.42937498231667054,0.22120193430281174,32.83646760687879,0.38011940289908724,0.09914396801324793,0.5538428960526066
nominal,24,max_margin_greedy,0.6083333333333333,0.975,0.17994230260856175,-0.6048405776273482,0.39002243234415385,0.21775431841471285,33.63084624803653,0.47456422366074164,0.11177732324025423,0.5130575497548819
nominal,24,shortest_path_pqc,0.5916666666666667,0.9916666666666667,0.10260699744944242,-0.6815916323434512,0.31276541698196103,0.22471986120668094,27.040980816745655,0.37404414404013453,0.1671751975694844,0.5989863600403434
nominal,24,random,0.6166666666666667,0.9666666666666667,0.10779067489195547,-0.6872724190529863,0.3435508583392521,0.22357909714669494,36.177977256688735,0.37542159776530215,0.15810168870894034,0.5915755708676945
nominal,25,proposed_hybrid,0.575,0.875,0.04671146216000125,-0.7001535103630357,0.3542009362501531,0.2421648759599406,38.319245405511374,0.262212845688966,0.1680365106889635,0.6399871251671132
nominal,25,latency_first,0.5666666666666667,0.9333333333333333,-0.03642371986798281,-0.8169100998492457,0.20507948327005274,0.24838943774914707,32.88102446352638,0.10592614264325534,0.17936106173193037,0.7371494426367042
nominal,25,pqc_trust,0.65,0.925,0.006929883892999174,-0.7655804486779538,0.2645126585024384,0.24454147749826352,35.98343569030305,0.1645547166646031,0.15058317655774997,0.6868394444847895
nominal,25,qkd_priority,0.5833333333333334,0.8833333333333333,0.05172241303848597,-0.6940942796517263,0.36501751789815834,0.2417728169529596,36.956292457666,0.26945097682584596,0.16517191828051134,0.6348618081133427
nominal,25,max_margin_greedy,0.55,0.8583333333333333,0.02997929366157439,-0.72022338488831,0.3449946607474982,0.24385125047799122,41.647882214780815,0.24517870801725664,0.18473658369956633,0.6584813091088786
nominal,25,shortest_path_pqc,0.4583333333333333,0.9333333333333333,-0.059637639244275946,-0.8436242378610467,0.18293304098011065,0.24940938900220586,32.771371450598686,0.0731106395877013,0.19334781548341892,0.7628255184128152
nominal,25,random,0.5583333333333333,0.9,-0.027921016170245717,-0.8002282037272805,0.2577851281417935,0.23771572002783833,39.27986722450222,0.14010173152499103,0.19639410283597028,0.7195920562406084
nominal,26,proposed_hybrid,0.5583333333333333,0.975,0.1441042887739714,-0.6466570816404721,0.322248907272904,0.21681989759861792,37.67063566100854,0.5218532363812624,0.23132039611115882,0.5602548217106604
nominal,26,latency_first,0.5666666666666667,0.975,0.10001758588271005,-0.682655696469361,0.30246206457631963,0.2330751180769416,32.733804879932855,0.44942704537691053,0.24777868674241454,0.6137457749457809
nominal,26,pqc_trust,0.5666666666666667,0.9833333333333333,0.12187146105285405,-0.675319302022365,0.29129181502854523,0.2297009088315711,36.29068253222249,0.47914518361142716,0.23343659277906012,0.5924069511199836
nominal,26,qkd_priority,0.5416666666666666,0.9666666666666667,0.12480253427494245,-0.6725798724690791,0.3386760592349233,0.23167611656448125,37.3017982889461,0.49210844579398366,0.24049043314288995,0.5873637239422964
nominal,26,max_margin_greedy,0.5416666666666666,0.9666666666666667,0.13758145641654984,-0.6581926536654686,0.3256671704796222,0.22328897344958423,38.53655486540531,0.508998867257907,0.23161689867615323,0.5708877021995742
nominal,26,shortest_path_pqc,0.5666666666666667,0.975,0.10001758588271005,-0.682655696469361,0.30246206457631963,0.2330751180769416,32.733804879932855,0.44942704537691053,0.24777868674241454,0.6137457749457809
nominal,26,random,0.5583333333333333,0.9666666666666667,0.0869439472209832,-0.7129545799281135,0.2995038881539729,0.2232153838548818,40.32126104936201,0.42344964232864807,0.24815942615731093,0.6227342285337758
nominal,27,proposed_hybrid,0.8,1.0,0.23920215357589716,-0.5539921754754781,0.3904769925435683,0.19910836444401825,37.62105705443673,0.5443720334657592,0.06210962706274071,0.4525726955992667
nominal,27,latency_first,0.8166666666666667,0.9916666666666667,0.2183711954777602,-0.5676135721553202,0.38807318932014756,0.2031949888342664,34.88572938848394,0.5292284951998277,0.08896398818821434,0.4758781034930261
nominal,27,pqc_trust,0.8166666666666667,0.9916666666666667,0.22309914707015122,-0.5688988218934835,0.3658153534083313,0.20234061955228053,37.44311738680711,0.5101465953064958,0.06034992782635217,0.4719954847787364
nominal,27,qkd_priority,0.7916666666666666,0.9916666666666667,0.22684761316430277,-0.5708028153192312,0.4121088169152076,0.20767766755066247,38.572347297472334,0.5303442707014168,0.07299021190241926,0.4687574529569543
nominal,27,max_margin_greedy,0.7916666666666666,0.9916666666666667,0.22958640258727428,-0.5693667686536859,0.39887029195027796,0.19485467173904603,41.38464785406616,0.5280266098419325,0.06515079817404078,0.46032280539038023
nominal,27,shortest_path_pqc,0.675,1.0,0.18852740280936994,-0.5919863266852192,0.3539620770665491,0.1951953364117496,31.15813665875859,0.529735367848446,0.14963979766826477,0.5032399353629573
nominal,27,random,0.8,0.9833333333333333,0.16165629041252974,-0.6385022396201145,0.36205797420339464,0.20284579194149543,41.55040955140338,0.42819613946079227,0.10227619911295004,0.5353661015351967
nominal,28,proposed_hybrid,0.625,0.9666666666666667,0.20737511270122255,-0.5560641361323131,0.37478359903969327,0.22288785243824336,31.309376350428796,0.5317446733019299,0.11364968801720697,0.4774717693789918
nominal,28,latency_first,0.6333333333333333,0.975,0.19341527409787745,-0.572085931999522,0.33814598452811656,0.23158794338047334,27.8779228012536,0.5308671872380626,0.14091703784718076,0.49734880963576955
nominal,28,pqc_trust,0.6333333333333333,0.975,0.19791736762352866,-0.5726009916701621,0.32351765991070874,0.23509460877199442,28.893908611964445,0.5324986408738116,0.1334716900199232,0.496182886970816
nominal,28,qkd_priority,0.625,0.9666666666666667,0.20394141032237922,-0.5635748623448934,0.3857309354132258,0.23308958963830734,32.456466936117145,0.5351583780357729,0.12398617980516972,0.48519319617459516
nominal,28,max_margin_greedy,0.625,0.9666666666666667,0.2082989315163747,-0.5605523658839403,0.37684211336027384,0.21837919285599053,33.20384602339574,0.5330645384984463,0.11310701527994889,0.47452828006725123
nominal,28,shortest_path_pqc,0.5916666666666667,0.9666666666666667,0.18278476084175782,-0.5770706076571284,0.323950537624245,0.23182124735266452,26.856967928397566,0.529617633689492,0.16109997070207693,0.5089057329481071
nominal,28,random,0.625,0.9666666666666667,0.0841229599544108,-0.7125907280487693,0.3177161432422974,0.2342733048235211,37.374116843958106,0.3827572134542417,0.21315447161067155,0.6141196339447164
nominal,29,proposed_hybrid,0.6,1.0,0.15497369595612362,-0.6378289098824358,0.34995249242778664,0.2159517204770713,31.022760177411623,0.3946057608338441,0.08215879318036902,0.5481470456340596
nominal,29,latency_first,0.6083333333333333,0.9916666666666667,0.0877003290125975,-0.7058474168701214,0.3148186614107297,0.21959959335259388,28.781533102497107,0.30515795048572164,0.1283427710248396,0.6218082930950657
nominal,29,pqc_trust,0.6166666666666667,1.0,0.11483389216121914,-0.67977397741953,0.30586756969882495,0.21049383247371004,31.10575975397387,0.30331805128850436,0.07179810741507865,0.5891009137639666
nominal,29,qkd_priority,0.55,0.9916666666666667,0.12107685811139937,-0.6756132390151672,0.34632869879411504,0.2210315097367145,33.270280580941,0.3506515406497428,0.10654497187676021,0.5855904558817954
nominal,29,max_margin_greedy,0.575,1.0,0.1470736718875401,-0.6534160080196029,0.3550135756357902,0.21615824728881852,34.03642946548113,0.38009048472292356,0.08357098494965716,0.5561400067679294
nominal,29,shortest_path_pqc,0.5833333333333334,0.9916666666666667,0.08678268672830344,-0.7055040991668928,0.31458177534346154,0.21931448041024293,28.29497039996953,0.3099773074767969,0.1350122132665077,0.6227740241562358
nominal,29,random,0.5083333333333333,0.9583333333333334,0.03380846769682037,-0.761236292489782,0.30328637630636973,0.2149109328444179,36.09907156119191,0.2662448357058824,0.19808260244616394,0.6731292151552698
nominal,30,proposed_hybrid,0.5833333333333334,0.9583333333333334,0.1580339914851861,-0.6113235896270314,0.3428215861911718,0.23788757988841466,28.77376596375383,0.4971940573890832,0.1785771390721758,0.5295472163329904
nominal,30,latency_first,0.5916666666666667,0.9666666666666667,0.09809536120236692,-0.6649860334805501,0.30322556181824595,0.2285390745584873,24.514921648332088,0.41263157899113384,0.21485867334120057,0.5891377089086921
nominal,30,pqc_trust,0.5916666666666667,0.9666666666666667,0.16829437413824241,-0.6025342761733797,0.2996228716616003,0.24084058849358564,29.187927691863635,0.5279180758011126,0.1886149021353013,0.5224267198665268
nominal,30,qkd_priority,0.5416666666666666,0.9166666666666666,0.12771426360660706,-0.6478885357083545,0.35827848419132935,0.24209885916900392,31.84636715219031,0.4704545272033187,0.21296609251257867,0.5629873430635806
nominal,30,max_margin_greedy,0.5583333333333333,0.95,0.13459236140184044,-0.6507036225702142,0.3403813593290845,0.24070756184760117,35.5155937014653,0.4675837283599309,0.19622816101751062,0.5556133121334006
nominal,30,shortest_path_pqc,0.5833333333333334,0.9666666666666667,0.09314914033050034,-0.6686719330507688,0.3027939915201099,0.22763812455707327,24.447470357386837,0.40640809487646007,0.21860740872625772,0.5938153105923346
nominal,30,random,0.5666666666666667,0.95,0.07921793733267689,-0.7083788431508247,0.30178629816711117,0.23335953965845888,34.71765186339162,0.3817187216378814,0.22200513830587154,0.6114680835115566
qkd_scarcity,1,proposed_hybrid,0.48333333333333334,0.9,-0.0010051059377204274,-0.7721040519576327,0.2881825259310079,0.25384979934905233,30.48472023771251,0.20989247231721406,0.21191889557874713,0.6977668418372929
qkd_scarcity,1,latency_first,0.5416666666666666,0.9333333333333333,-0.006889422311908696,-0.7762480727443355,0.2414044442934964,0.25387472516570764,29.11082181484029,0.21861220519719224,0.2325021695357178,0.705925421037194
qkd_scarcity,1,pqc_trust,0.5166666666666667,0.8833333333333333,-0.018406626962570442,-0.7829170727475852,0.240660218780103,0.25860023620870193,32.627386183544495,0.19461950451223328,0.23172963951741563,0.7210443135543599
qkd_scarcity,1,qkd_priority,0.4583333333333333,0.8583333333333333,-0.008268832189148895,-0.7767556671669648,0.31127168538959843,0.25439781842371556,32.086168947259864,0.20475373737715652,0.2214247700165696,0.704270163678413
qkd_scarcity,1,max_margin_greedy,0.43333333333333335,0.8666666666666667,-0.03367639409977372,-0.8083586233888937,0.2760381906724508,0.25798241681416867,33.2470181995442,0.16434260161464773,0.2322385574609657,0.7344726312778805
qkd_scarcity,1,shortest_path_pqc,0.5,0.9333333333333333,-0.01676052945451833,-0.7868164842696667,0.2356563088464456,0.2546025440083014,28.802220064796938,0.20354873395921638,0.23734012398848722,0.7166907573737814
qkd_scarcity,1,random,0.4083333333333333,0.8083333333333333,-0.08338429842878994,-0.837590754394471,0.25280422852557816,0.2542737516678455,36.94723254597267,0.12405141052587558,0.2921649154226295,0.785233225108527
qkd_scarcity,2,proposed_hybrid,0.425,0.825,-0.04457286205835323,-0.7806915369163413,0.23141003315085792,0.2824095370343845,32.282422103946324,0.21431773159754844,0.3041823728442284,0.7226880040033683
qkd_scarcity,2,latency_first,0.39166666666666666,0.8166666666666667,-0.07295666043158744,-0.8134913716735314,0.23838052364552847,0.2920081726770995,31.786176718412968,0.1900952989119192,0.33718534010463586,0.7595500255339326
qkd_scarcity,2,pqc_trust,0.425,0.8833333333333333,-0.06040262570705422,-0.8257031870216588,0.15743777688418123,0.2873803978960975,35.79554877000004,0.17469405323790357,0.2964735405505129,0.7453944257026358
qkd_scarcity,2,qkd_priority,0.375,0.8166666666666667,-0.06481466130703163,-0.807137827152907,0.2388154144979121,0.287870282121452,34.96464091136735,0.19548168214708025,0.32615640252416006,0.7468149903221653
qkd_scarcity,2,max_margin_greedy,0.4083333333333333,0.8333333333333334,-0.04529472212722146,-0.7872231689274244,0.22439811714413901,0.285193685264568,36.62783233828298,0.2166404677913558,0.30796047208010874,0.7240926184874501
qkd_scarcity,2,shortest_path_pqc,0.38333333333333336,0.8166666666666667,-0.07325410114939568,-0.813288940517443,0.24224588255294535,0.291739804220442,31.665628838310187,0.18962039870244918,0.3373101187617147,0.7595400695634039
qkd_scarcity,2,random,0.39166666666666666,0.85,-0.10670421421877051,-0.8724787291557411,0.16496130148973415,0.28100827200280115,37.16821338685449,0.1102308720209697,0.3253603361717167,0.7913701030256052
qkd_scarcity,3,proposed_hybrid,0.5583333333333333,0.9416666666666667,0.06245122269928088,-0.7012365233915153,0.31434953455519943,0.24155971932934683,32.514585080625196,0.28774782672264837,0.16183810353861433,0.6264998611053844
qkd_scarcity,3,latency_first,0.55,0.8916666666666667,0.03283350547878865,-0.7142938429361996,0.3171372317652787,0.23115842566107545,30.32803012380979,0.25315800982328396,0.1869614261966939,0.6533359448932504
qkd_scarcity,3,pqc_trust,0.5,0.9333333333333333,0.02586609827926667,-0.744681851840128,0.2782910210811257,0.24353607935602087,34.18586401012397,0.2418982762925601,0.18974888460049022,0.667806138685276
qkd_scarcity,3,qkd_priority,0.49166666666666664,0.875,0.025136472399323092,-0.7355241216848414,0.3327113054098326,0.23811889738821593,32.38558235918172,0.23139848908564978,0.180720117312821,0.6637542796091264
qkd_scarcity,3,max_margin_greedy,0.5416666666666666,0.9416666666666667,0.05235134387136065,-0.7130617341564728,0.30427304280972106,0.24354048056016922,34.015084328892705,0.27401661637228963,0.1684695521155141,0.6386378915211859
qkd_scarcity,3,shortest_path_pqc,0.55,0.9,0.03944815614858924,-0.7072416927961664,0.31727876142398015,0.23315970862024044,29.92229534739951,0.26436312865125144,0.18483055577103116,0.6475710188597856
qkd_scarcity,3,random,0.4583333333333333,0.9,-0.04993689290436703,-0.8163270801974699,0.256682880450416,0.23856462236355275,38.861019969892695,0.15220794869868817,0.25288716826394425,0.7439648173870512
qkd_scarcity,4,proposed_hybrid,0.5083333333333333,0.9,-0.03772641523368978,-0.79825664992046,0.22222744316710763,0.26067920538631584,36.24681505909543,0.16053297035263175,0.23659429138829666,0.7231884091853623
qkd_scarcity,4,latency_first,0.4583333333333333,0.8916666666666667,-0.0729753951028159,-0.8278780520708214,0.20630162678545305,0.25611516573433846,31.939468666791168,0.0981027963100863,0.24523060901737645,0.76003428577877
qkd_scarcity,4,pqc_trust,0.44166666666666665,0.9,-0.07272416760472439,-0.8396325139920962,0.18512407532629807,0.2592327604540781,36.53035999677405,0.10286534213468475,0.24948664778937105,0.7616094668199007
qkd_scarcity,4,qkd_priority,0.5083333333333333,0.8916666666666667,-0.03838665701261,-0.7960821245724409,0.23123953363848965,0.2637381175533465,35.08764372824474,0.1713498215336066,0.24874227518806222,0.7249419452581126
qkd_scarcity,4,max_margin_greedy,0.475,0.9,-0.04384505058934802,-0.8099758771875939,0.22270323337903378,0.26236582497782107,38.101260263493344,0.15032369604207832,0.2387209754560864,0.7309529905678498
qkd_scarcity,4,shortest_path_pqc,0.36666666666666664,0.8833333333333333,-0.09230036287030834,-0.842959531402983,0.2014562473815582,0.25663191667490926,30.691648984306585,0.07796625769444183,0.2640556989652248,0.7808555837814587
qkd_scarcity,4,random,0.44166666666666665,0.875,-0.09184638840134694,-0.8602456276350896,0.19488471304683885,0.25673251235497363,39.46652196355854,0.08553279681587635,0.27070696697988234,0.7801481361203617
qkd_scarcity,5,proposed_hybrid,0.4666666666666667,0.9333333333333333,-0.018991464334178476,-0.799180616616762,0.20127840481758716,0.2488416596073826,36.56814568790861,0.19497259783357865,0.23326184044280943,0.7220862264056629
qkd_scarcity,5,latency_first,0.5166666666666667,0.95,-0.0028917628546040247,-0.7826667324088051,0.20403751339656326,0.24520074361784167,33.85980313399757,0.23376987280223116,0.2396000398478038,0.7062870685975581
qkd_scarcity,5,pqc_trust,0.43333333333333335,0.9333333333333333,-0.004399837335853843,-0.7813919032377916,0.1924745573464531,0.24466988250215896,36.051205243519675,0.21661561423699127,0.22548625402701913,0.7056532259470838
qkd_scarcity,5,qkd_priority,0.5083333333333333,0.9083333333333333,-0.04155142966015256,-0.812726480669368,0.21455131348269046,0.24919504586981553,37.04390008770988,0.17081854588401935,0.2545915895536817,0.7454158065452707
qkd_scarcity,5,max_margin_greedy,0.4083333333333333,0.9166666666666666,-0.04489377676900673,-0.832924978671794,0.2030943582520692,0.25007027211580757,39.03908548640252,0.1600242629576015,0.25053590966930867,0.749460143234926
qkd_scarcity,5,shortest_path_pqc,0.43333333333333335,0.9416666666666667,-0.017252158604442347,-0.7938307656905736,0.20219866894974933,0.2467372458367631,33.340137162310256,0.2209215624315528,0.25570414026308985,0.7222212241883772
qkd_scarcity,5,random,0.45,0.8916666666666667,-0.07130468816749615,-0.8453256248039792,0.1807430243325097,0.23983132887653094,40.012370595512756,0.13193769420565746,0.2756971461562545,0.7732288248944863
qkd_scarcity,6,proposed_hybrid,0.4083333333333333,0.8833333333333333,0.009201774454022192,-0.7400386089963978,0.2558563867903095,0.2253549135197076,35.07117867884441,0.2308875839743366,0.21233561934929188,0.6761313104201643
qkd_scarcity,6,latency_first,0.5083333333333333,0.95,0.020035220686400495,-0.7445296359392589,0.24807408423147947,0.22325267181554612,32.278065308052284,0.23785683216693773,0.19746324207338836,0.6639862102533473
qkd_scarcity,6,pqc_trust,0.43333333333333335,0.925,-0.007586131062236855,-0.7770313802849242,0.2074686464596541,0.2339637209845905,35.323331079790734,0.17709901259060756,0.19239363166769805,0.700679067109786
qkd_scarcity,6,qkd_priority,0.38333333333333336,0.8833333333333333,-0.00602459323842722,-0.7576491397912972,0.2608095618525414,0.23010351029238146,36.85981837896855,0.2267612040733713,0.23890756140891004,0.694223402550757
qkd_scarcity,6,max_margin_greedy,0.35,0.8833333333333333,-0.017555985627132502,-0.7814888089523675,0.23034071019126856,0.2326575473258507,38.0757641199447,0.20221649856801693,0.23761163088078407,0.7091133230420651
qkd_scarcity,6,shortest_path_pqc,0.4666666666666667,0.95,0.014134318663991351,-0.7509092898644508,0.24563063664037518,0.22244295270381656,32.24185465254388,0.23151154322356046,0.20301493301390047,0.6698683628417588
qkd_scarcity,6,random,0.4666666666666667,0.9166666666666666,-0.02757757267681741,-0.7968100844690803,0.20556065543901428,0.2288433749810615,37.104347435254915,0.16775099284073935,0.22335093775367768,0.7178497124446279
qkd_scarcity,7,proposed_hybrid,0.525,0.825,0.011088560604670618,-0.7009328278496638,0.2836183188581144,0.26211322293976885,29.981045243161287,0.28882358361001526,0.2664676146489858,0.6780568026170173
qkd_scarcity,7,latency_first,0.55,0.9166666666666666,0.011145126571931592,-0.73776695869448,0.28388545277936666,0.2563989641405392,27.281180588655914,0.25572064727675375,0.2332506340268917,0.6745531861289603
qkd_scarcity,7,pqc_trust,0.475,0.8083333333333333,0.005763585789588673,-0.719256998954202,0.2699706009606336,0.2591489872457244,31.923108028662845,0.2653148543917931,0.2536947217514934,0.6851808302690996
qkd_scarcity,7,qkd_priority,0.4666666666666667,0.8083333333333333,-0.03072558745231802,-0.7689852526550275,0.34056467354212844,0.2655165733116453,31.069590558488038,0.2096792180657281,0.2716259669615306,0.7228057031229954
qkd_scarcity,7,max_margin_greedy,0.44166666666666665,0.7916666666666666,-0.028400197650013538,-0.774521261720037,0.28648422444623795,0.26961333696245277,35.47969424892801,0.21596001279802834,0.2732184758020879,0.7253119039463869
qkd_scarcity,7,shortest_path_pqc,0.4666666666666667,0.9166666666666666,0.003862083350871325,-0.744242345231116,0.29573056356901783,0.2595590866400355,26.503257207727493,0.25164708094003346,0.2438606225713413,0.684392378358079
qkd_scarcity,7,random,0.48333333333333334,0.85,-0.051130770512897175,-0.8028516161931375,0.26231141447260387,0.2511544368789001,35.041624916557716,0.17693918850406432,0.2800254193768409,0.7396242064158949
qkd_scarcity,8,proposed_hybrid,0.4666666666666667,0.9166666666666666,-0.016816763991693302,-0.7771427404880896,0.24117009541825737,0.2529319175919634,33.282396494459576,0.22930454603534445,0.2632093121476294,0.7028455734729663
qkd_scarcity,8,latency_first,0.4166666666666667,0.9166666666666666,-0.04158381155501996,-0.797085929396102,0.22351465078246935,0.2531606717691285,29.445565343029006,0.22368844688818182,0.3075267766362059,0.7295119931328142
qkd_scarcity,8,pqc_trust,0.4583333333333333,0.9166666666666666,-0.020939881381502604,-0.7826701201737964,0.230004285481881,0.2532287530638807,33.651708008080426,0.22620343947110932,0.26842094225639684,0.7077460309663121
qkd_scarcity,8,qkd_priority,0.4583333333333333,0.925,-0.021576567250251595,-0.7862080071499071,0.2337876908631916,0.25493504710843967,33.78288184304967,0.22560871306744815,0.269109856717149,0.7087268216933296
qkd_scarcity,8,max_margin_greedy,0.4583333333333333,0.925,-0.02334490399754349,-0.7889140476271753,0.2395768748093104,0.25421886612615746,34.16388195549385,0.21860567948334028,0.265672018188065,0.710153164953097
qkd_scarcity,8,shortest_path_pqc,0.25833333333333336,0.8916666666666667,-0.08536819710909542,-0.8424815495321085,0.21915808338528114,0.2549137961701534,31.18511732167604,0.19059563382110603,0.36270893444428226,0.7767200584729804
qkd_scarcity,8,random,0.39166666666666666,0.9083333333333333,-0.07626730661271834,-0.850633410915481,0.18947189129522649,0.25116591201650457,37.220849537424606,0.1798205851591965,0.3335853162332254,0.7667330657504546
qkd_scarcity,9,proposed_hybrid,0.44166666666666665,0.9,0.058810789294855954,-0.701638808968547,0.2927736389246795,0.23694889356703605,36.3077994106534,0.3303015014076736,0.2117313617003027,0.6247826669324524
qkd_scarcity,9,latency_first,0.48333333333333334,0.9083333333333333,0.06358395211165152,-0.6929152987226785,0.2956277482901003,0.24035579092759277,33.80464610919926,0.35920433375797783,0.23101088191997074,0.6215373114681824
qkd_scarcity,9,pqc_trust,0.525,0.9166666666666666,0.06451073282714684,-0.6953362183294912,0.2752774073654443,0.24046520021752282,36.90107524014673,0.3292395587619936,0.19917759741693952,0.6210628853749516
qkd_scarcity,9,qkd_priority,0.45,0.8583333333333333,0.042107352884928125,-0.7152658724501642,0.3362943835054449,0.2359067172057365,38.2472407973208,0.3092836261040963,0.22438976948125733,0.6375820755712618
qkd_scarcity,9,max_margin_greedy,0.43333333333333335,0.8916666666666667,0.047495684901384276,-0.7201693669957668,0.2990539080478628,0.23828230497655797,38.31019359137675,0.30790230743572533,0.21214487819906344,0.6371731685848379
qkd_scarcity,9,shortest_path_pqc,0.5,0.9083333333333333,0.0657117813382862,-0.6859994200067846,0.29543010641401285,0.24069126960147244,33.71986555660084,0.3635258897594033,0.23104245964189082,0.6190400321011784
qkd_scarcity,9,random,0.5166666666666667,0.9083333333333333,0.016795919942935292,-0.7564304408494813,0.26459528665687826,0.23525482361391556,40.75752448357815,0.26009757184257637,0.22623483002214226,0.6662225291934001
qkd_scarcity,10,proposed_hybrid,0.475,0.9166666666666666,-0.04181423892428991,-0.803922518777732,0.21046931087849885,0.2508413728134947,31.14113039060748,0.17466600570755078,0.2589689067645869,0.7315667731119454
qkd_scarcity,10,latency_first,0.4083333333333333,0.9166666666666666,-0.08981220198777336,-0.8559152070557399,0.20087716593007537,0.253045689034438,29.134219712375927,0.1292003140128203,0.3102733018913956,0.7855962261842708
qkd_scarcity,10,pqc_trust,0.5166666666666667,0.9333333333333333,-0.048982525632542115,-0.8213677128144165,0.1555991042144197,0.24690342722048314,32.969220966504224,0.14446417050128757,0.24321926250238057,0.7400450063461473
qkd_scarcity,10,qkd_priority,0.39166666666666666,0.9083333333333333,-0.08360496238850174,-0.8511232248841928,0.19389034240873332,0.2548438974653215,33.71869662373248,0.12603179683170537,0.2945901887440073,0.7767101855732536
qkd_scarcity,10,max_margin_greedy,0.3333333333333333,0.9,-0.08938848830198082,-0.8641279367656988,0.1577487825182485,0.2531585237390469,38.973769158566434,0.12319376198152326,0.3034124883968072,0.7844488619645688
qkd_scarcity,10,shortest_path_pqc,0.4083333333333333,0.9083333333333333,-0.09347188442025293,-0.8578516462236989,0.1961573967449415,0.25317244359591057,29.353666957723288,0.12682277249323715,0.31527415237277934,0.7896087829151139
qkd_scarcity,10,random,0.375,0.9083333333333333,-0.1231651259179032,-0.9014155551839352,0.13732942596982553,0.2523171312179468,39.162480032880964,0.07056568417404051,0.31888247029884537,0.8200761542080269
qkd_scarcity,11,proposed_hybrid,0.525,0.9333333333333333,0.00953371743470794,-0.746944747890108,0.2523705713996573,0.26781785817753845,25.77904324639206,0.23797869082267956,0.21875748631722006,0.6743263738860568
qkd_scarcity,11,latency_first,0.5,0.9333333333333333,-0.012113067180883182,-0.772612159176908,0.24506909200072743,0.27416031373230043,25.670299636501777,0.20859247452111998,0.2330139809341909,0.7001843677197401
qkd_scarcity,11,pqc_trust,0.525,0.9333333333333333,0.003644972262193875,-0.7537622169177042,0.24414791160028917,0.27057111104227705,25.829838852336138,0.2269710736459872,0.21962233924640281,0.6819416010208391
qkd_scarcity,11,qkd_priority,0.425,0.9,-0.056018906547607286,-0.8222947576243986,0.261575459579516,0.2723243215210084,28.522568875896845,0.13997183820842787,0.2529131820544103,0.7451196185818655
qkd_scarcity,11,max_margin_greedy,0.5083333333333333,0.925,0.005783845263676063,-0.7483082555542006,0.25051601585630645,0.2673887788711815,26.104028085058882,0.2349667883978892,0.22330581004370362,0.6781683556504571
qkd_scarcity,11,shortest_path_pqc,0.4583333333333333,0.925,-0.020411196535597968,-0.7779649339864573,0.2470783490098926,0.2763800183197863,25.75232530502002,0.20501702107978637,0.24616862699833064,0.7104893841532849
qkd_scarcity,11,random,0.35833333333333334,0.8083333333333333,-0.1245612088383064,-0.8673528835617734,0.2172238714306554,0.2771227640600464,33.924184862178336,0.09908279535309554,0.3502142647851649,0.820677429305322
qkd_scarcity,12,proposed_hybrid,0.5333333333333333,0.95,-0.01757125632530714,-0.7995679860359601,0.1802512549558858,0.27305038203826715,28.108047807483217,0.18558516906862732,0.2210110890793272,0.7141640875265363
qkd_scarcity,12,latency_first,0.5333333333333333,0.95,-0.015213747802085096,-0.7891393384940081,0.1698777905307628,0.2709446030729694,23.719479783393165,0.194927408517949,0.22560028715118516,0.7109320667972576
qkd_scarcity,12,pqc_trust,0.5333333333333333,0.9416666666666667,-0.026092255828513728,-0.8052655970851843,0.14834824619293127,0.27028425235602654,28.27820560274774,0.1731511971727957,0.2257565516657669,0.722973526928277
qkd_scarcity,12,qkd_priority,0.5416666666666666,0.95,0.013324823881312479,-0.7625771956533061,0.18917953742797564,0.2760475783758828,25.96985928683769,0.25732125722670657,0.23045669294986695,0.6827983400201543
qkd_scarcity,12,max_margin_greedy,0.5333333333333333,0.9416666666666667,-0.01764183913152539,-0.79896230072854,0.17338305458053876,0.26669165081835333,30.073206394125126,0.19505076271319344,0.2306189867686882,0.7113177846949028
qkd_scarcity,12,shortest_path_pqc,0.43333333333333335,0.9416666666666667,-0.03446303503791012,-0.8063610667606913,0.15028753640675216,0.27144779589873097,23.335864910867475,0.1738716465301441,0.24335357200980165,0.7321838922805691
qkd_scarcity,12,random,0.49166666666666664,0.9416666666666667,-0.06560918497351115,-0.8532388695562804,0.15036522025516408,0.2699962241050372,30.449742127828973,0.13267702769541412,0.26495361030329945,0.7630661341657898
qkd_scarcity,13,proposed_hybrid,0.38333333333333336,0.9333333333333333,-0.003833989507417995,-0.7748517182912739,0.23544002011778728,0.2426419420975413,31.72748773608472,0.19895057166287336,0.20668038921815157,0.700218028385955
qkd_scarcity,13,latency_first,0.44166666666666665,0.9583333333333334,0.006079268187148051,-0.7711544380558872,0.22274611993461732,0.24962907172873147,28.398981371793976,0.21972487636199536,0.20746828727500333,0.6958603686615827
qkd_scarcity,13,pqc_trust,0.475,0.95,0.021924487843314727,-0.7552389421751158,0.21076878927652476,0.24776220923618186,30.61552093624242,0.2411805961248228,0.19697799966652693,0.6785557379853483
qkd_scarcity,13,qkd_priority,0.4,0.9333333333333333,-0.019783283309864858,-0.7979911891278879,0.24344037383207737,0.24784759573911597,33.94222667242006,0.206161425198679,0.24604707703308396,0.7188924560189335
qkd_scarcity,13,max_margin_greedy,0.36666666666666664,0.9166666666666666,-0.025258274124632007,-0.7992136085106999,0.23876697803534488,0.2456882084944904,35.27438214221286,0.19021767456499095,0.24114161433239414,0.7238844014184656
qkd_scarcity,13,shortest_path_pqc,0.36666666666666664,0.9583333333333334,-0.016821025095872997,-0.7914515669975705,0.21199575921077038,0.24808702801278368,27.592280197124722,0.19327276460441303,0.22718612165254407,0.7190310878698825
qkd_scarcity,13,random,0.44166666666666665,0.9416666666666667,-0.04151569677506837,-0.837684006743722,0.20004320543240503,0.2459389164772362,36.34160803761553,0.1528324517480618,0.2365334533106996,0.7446957980935175
qkd_scarcity,14,proposed_hybrid,0.45,0.9166666666666666,-0.033914776462697326,-0.8118414062032226,0.21129612655977556,0.2565380153123723,36.51097797094781,0.1755162697461349,0.24389283519512148,0.728125185757305
qkd_scarcity,14,latency_first,0.44166666666666665,0.9,-0.07064044427468626,-0.8433237605493821,0.2060045232858962,0.2571279302198439,32.9653793330571,0.13473810881732828,0.27715835937113126,0.7670377048618825
qkd_scarcity,14,pqc_trust,0.45,0.9083333333333333,-0.04844938212095396,-0.8241738334152684,0.19791723461486135,0.2528323866320795,36.044118595106376,0.15654701531000978,0.2542272211990299,0.7423526198875668
qkd_scarcity,14,qkd_priority,0.425,0.9083333333333333,-0.03673292551080661,-0.8147379776137752,0.24437191063643257,0.26237751030666906,36.55845597977748,0.1958886343653535,0.2699469519274636,0.730872286027153
qkd_scarcity,14,max_margin_greedy,0.4166666666666667,0.9,-0.03911006532881516,-0.8268056732745306,0.2193485520164905,0.25686840435470376,39.45032115388517,0.1657132061813905,0.2445641443443243,0.7345067148496983
qkd_scarcity,14,shortest_path_pqc,0.36666666666666664,0.9,-0.08746679373648228,-0.860241284959212,0.1941203655912191,0.2563991280999554,31.962269984321093,0.12232152354105474,0.29866586575170445,0.784518966255382
qkd_scarcity,14,random,0.375,0.9083333333333333,-0.0933287167300627,-0.8815289495779237,0.18164958051672322,0.2531348049103939,37.95832354737498,0.10747563415448175,0.29563836949735006,0.7893707444791523
qkd_scarcity,15,proposed_hybrid,0.5166666666666667,0.9333333333333333,0.07307668032350281,-0.6920124482783532,0.25589239606450015,0.2562172935333427,31.34618155222117,0.3658251774576624,0.21849316067640676,0.6148311774815383
qkd_scarcity,15,latency_first,0.5166666666666667,0.9333333333333333,0.05352690386611058,-0.7128160516834191,0.24780512801476018,0.25552947707890505,30.892308390897995,0.3310148073598143,0.2230976624684623,0.6350465579842871
qkd_scarcity,15,pqc_trust,0.5166666666666667,0.9416666666666667,0.06309395625379216,-0.7058203647276342,0.23568533084991086,0.2585658735624187,31.357894877544933,0.34422473957067057,0.21701918260737987,0.6263463229724523
qkd_scarcity,15,qkd_priority,0.5166666666666667,0.9333333333333333,0.05201639503380677,-0.7172615160233085,0.26124781155271476,0.26268950387967294,32.23838745785438,0.3360616199933381,0.23118985581227602,0.6396830834522168
qkd_scarcity,15,max_margin_greedy,0.5166666666666667,0.9333333333333333,0.08904333604644199,-0.6739245591449349,0.26930047776143284,0.25602396407658057,31.55083319083122,0.39845421719603147,0.21893136226368867,0.5971895035966764
qkd_scarcity,15,shortest_path_pqc,0.475,0.9333333333333333,0.03752989681056123,-0.729578089267265,0.2460786044815799,0.2556484152115768,30.71701397789214,0.3069336858562659,0.23126857131884407,0.6516167372006756
qkd_scarcity,15,random,0.475,0.9083333333333333,-0.030987168828009132,-0.8100389096347473,0.21868586465924805,0.25420281495465696,36.223667149454,0.2194544050121899,0.28192853571382126,0.7238411274749582
qkd_scarcity,16,proposed_hybrid,0.5583333333333333,0.8916666666666667,0.04872104841503741,-0.6944431387613403,0.2765374982557636,0.2733271251760136,32.806982042244464,0.3332460052301551,0.23501808503854738,0.6275762117102818
qkd_scarcity,16,latency_first,0.5583333333333333,0.875,0.003744864930346201,-0.7338956415883904,0.2652174240784286,0.2751264841763097,27.147387448417433,0.25234863069840086,0.2447984997904448,0.6773124999082449
qkd_scarcity,16,pqc_trust,0.5916666666666667,0.9083333333333333,0.03437940441239869,-0.7132564647322931,0.2484157314248225,0.2727016558265653,31.871366301856092,0.29095431618593254,0.22164100083835456,0.6434040229142141
qkd_scarcity,16,qkd_priority,0.55,0.875,0.036707809172029975,-0.707307214229194,0.2792841433744909,0.28057257662783236,33.91343498314293,0.3196270025170452,0.24561932273472667,0.6442440508447358
qkd_scarcity,16,max_margin_greedy,0.55,0.875,0.0455530937792992,-0.694008551782955,0.2764687386296474,0.2741588870564175,34.11604693883012,0.33717446416695224,0.24533354928933285,0.6316509993497877
qkd_scarcity,16,shortest_path_pqc,0.5166666666666667,0.875,-0.007504311279112929,-0.7469051440566735,0.2575891395865716,0.275353694548866,26.748699978560847,0.24393667231667693,0.25906633215359814,0.6899674960263467
qkd_scarcity,16,random,0.55,0.8666666666666667,-0.01690041301169637,-0.7589956330989243,0.24085395107941554,0.27272330971507375,34.94216097536984,0.23420232567047194,0.2682757390005049,0.698944086266773
qkd_scarcity,17,proposed_hybrid,0.45,0.9333333333333333,-0.012777951644453073,-0.7689992136587508,0.23786767277131196,0.23609231444941223,31.023737289539017,0.1545224140783308,0.18028441336150233,0.6993616717453428
qkd_scarcity,17,latency_first,0.425,0.9333333333333333,-0.037269976008890135,-0.7901428431272529,0.22587899909735967,0.2321122378193121,29.458705486553555,0.10860350571390794,0.1837445863769929,0.7216645667009091
qkd_scarcity,17,pqc_trust,0.475,0.9083333333333333,-0.02263983639618118,-0.7728559891281966,0.2360012485883073,0.23742727697557134,32.39389254803216,0.15344188871240944,0.19908672015632312,0.7117332804990244
qkd_scarcity,17,qkd_priority,0.44166666666666665,0.9333333333333333,-0.021388756203170215,-0.7868828215173735,0.278004024746653,0.24251080023543728,32.22871776777678,0.14341858311962738,0.18654107546472862,0.7137684091626966
qkd_scarcity,17,max_margin_greedy,0.45,0.9333333333333333,-0.013916643669386417,-0.7751794551433289,0.24567991217488336,0.237657373362004,33.2403913715674,0.15117257846381824,0.1792303277972586,0.7017195029367086
qkd_scarcity,17,shortest_path_pqc,0.15,0.925,-0.09069946577301342,-0.8235055738389278,0.21058483471960207,0.22307576286695088,24.735655416049,0.04557099023191153,0.22843281638718052,0.767097283124798
qkd_scarcity,17,random,0.35833333333333334,0.9166666666666666,-0.08131153563725416,-0.8533284348689862,0.22889207860049193,0.2346548681657737,37.37673202073428,0.09493532710763404,0.2588698747633884,0.7706758450600344
qkd_scarcity,18,proposed_hybrid,0.4583333333333333,0.9333333333333333,0.009003506881922292,-0.7591722455895166,0.2403889080342846,0.2642479973077086,32.847727674194275,0.20259701530190086,0.18444478368512204,0.6885395160490191
qkd_scarcity,18,latency_first,0.375,0.925,-0.03845300028545981,-0.8060713784818174,0.23237875033362004,0.26682910779053953,31.944325547010827,0.1386338994729597,0.21616010972590285,0.7392374059663142
qkd_scarcity,18,pqc_trust,0.4583333333333333,0.9333333333333333,-0.014641984611579773,-0.7906961134489896,0.19427291167828273,0.2647864153677451,33.97058670502267,0.17630188444882902,0.20582201471411085,0.7159093109921065
qkd_scarcity,18,qkd_priority,0.4083333333333333,0.9166666666666666,-0.021668108132678277,-0.7866580770932264,0.2577208500217603,0.2637339005158338,34.47724890934824,0.17964501730181004,0.2233307191822098,0.7183147716796646
qkd_scarcity,18,max_margin_greedy,0.44166666666666665,0.9166666666666666,-0.0006848190187583065,-0.7632911529352605,0.23933837585318288,0.26480891252826383,33.59450846254533,0.19317012637843944,0.19455080988400053,0.6988200022973016
qkd_scarcity,18,shortest_path_pqc,0.20833333333333334,0.9166666666666666,-0.10280025082118811,-0.8739955875576323,0.20424092568358188,0.26897889612425835,31.51827315501043,0.0662177695477699,0.27347633975177815,0.8099027498496182
qkd_scarcity,18,random,0.3416666666666667,0.875,-0.09194130320043828,-0.8597299830529427,0.19614530911452113,0.2577423668631641,37.754736922592876,0.09295224991408418,0.27831778056012907,0.7921641881637993
qkd_scarcity,19,proposed_hybrid,0.48333333333333334,0.875,-0.029303528996744467,-0.7753732730899161,0.2442761717918236,0.24408444275376262,28.260893246079164,0.18724336890412838,0.24632306446208088,0.7303091796650747
qkd_scarcity,19,latency_first,0.49166666666666664,0.9166666666666666,-0.03588762178155883,-0.797888893080613,0.2467019547194625,0.24176931306306096,25.69475200166826,0.17690596179357576,0.2492600379660734,0.7370651375819017
qkd_scarcity,19,pqc_trust,0.475,0.875,-0.037666292064009385,-0.7883033396036772,0.2360253167567516,0.24363800971277863,28.923384238767543,0.17611718649373345,0.2520572914614943,0.7395355533717937
qkd_scarcity,19,qkd_priority,0.49166666666666664,0.8916666666666667,-0.0285730991288244,-0.7824587590866846,0.2487966916835095,0.24480045058876296,28.306085998476348,0.18670088266408022,0.24430793735929077,0.73030967722772
qkd_scarcity,19,max_margin_greedy,0.475,0.8583333333333333,-0.03366864691513587,-0.778323166181351,0.24644605222908755,0.2451547673103324,29.35087196135186,0.1814294334631822,0.24930976998563356,0.7357574077655284
qkd_scarcity,19,shortest_path_pqc,0.31666666666666665,0.875,-0.10189806675633566,-0.8666588024463862,0.24234488195208465,0.24321225613589179,28.10005186559026,0.10200467188549406,0.3074443226039127,0.8058518483793811
qkd_scarcity,19,random,0.48333333333333334,0.875,-0.07204937143976681,-0.830280574375087,0.20372493299416902,0.2421803354224807,32.47787723801586,0.14401363873173778,0.28927446824739667,0.7763372282247856
qkd_scarcity,20,proposed_hybrid,0.43333333333333335,0.8416666666666667,0.0055474799185419085,-0.7019046377958146,0.2993817284565599,0.2587509822233465,34.59648320500505,0.27519754985553896,0.264013114535898,0.6613439006205025
qkd_scarcity,20,latency_first,0.525,0.925,0.016541310762414562,-0.7295913845167362,0.28740985733413565,0.25911193486352235,30.457966860225596,0.2659434619633159,0.23259404510360915,0.6529173347173761
qkd_scarcity,20,pqc_trust,0.425,0.8333333333333334,-0.007935006812855881,-0.7134822514786644,0.2876755237475038,0.25825599533705884,34.72044824100662,0.2561989164789105,0.2721969140854748,0.6766985937536213
qkd_scarcity,20,qkd_priority,0.4166666666666667,0.85,-0.00869378134757395,-0.7285125005860656,0.313243555662594,0.2582890127489282,34.76364866818229,0.2578611244792965,0.27538890945424394,0.676313310687455
qkd_scarcity,20,max_margin_greedy,0.4083333333333333,0.8333333333333334,-0.01806469586010954,-0.7342658442773646,0.30262860084654297,0.2603949808457832,37.750455405008516,0.22847102064093675,0.26489177842341566,0.688111453591416
qkd_scarcity,20,shortest_path_pqc,0.4666666666666667,0.9166666666666666,0.005240359512248123,-0.7379216418317573,0.28029199615738687,0.25929599488319227,30.003693819477082,0.2527100479749734,0.2421448070228602,0.6652948462825778
qkd_scarcity,20,random,0.43333333333333335,0.8666666666666667,-0.07659603092270935,-0.8242822158927674,0.2643727579426743,0.2525136148181017,36.7599005142107,0.12864578270377933,0.28307326440279007,0.7500751073816644
qkd_scarcity,21,proposed_hybrid,0.43333333333333335,0.925,0.034602784580834545,-0.7107539979554905,0.26940475373000716,0.25704427771393173,29.567085381319814,0.312883850412101,0.24312017182170878,0.6310471002212601
qkd_scarcity,21,latency_first,0.49166666666666664,0.925,0.04938789746252265,-0.6947139582871281,0.2799169496751722,0.25373988275123255,26.27166554476739,0.3151830011575913,0.21561062724121496,0.6128212698891945
qkd_scarcity,21,pqc_trust,0.48333333333333334,0.9416666666666667,0.06130166120370311,-0.689845869824282,0.26913768649946596,0.25013922260877014,29.363423187078443,0.3208374038266764,0.19724534494824275,0.5994892897517525
qkd_scarcity,21,qkd_priority,0.4666666666666667,0.9333333333333333,0.05140850456527581,-0.6914704481170416,0.291708040596447,0.2580753541439854,28.931115210592957,0.34007247603278534,0.2364262974737615,0.6106427237772264
qkd_scarcity,21,max_margin_greedy,0.4166666666666667,0.9333333333333333,0.029707459275512736,-0.727294291649916,0.26882411064571377,0.2606757228399371,31.928564674156107,0.2967859205093597,0.23689184938937435,0.638763407701103
qkd_scarcity,21,shortest_path_pqc,0.45,0.9333333333333333,0.03860649017385413,-0.7032627879952471,0.27172761303633075,0.2528893409926392,25.35485709969413,0.30894265266640836,0.23110698699331533,0.6244753188899524
qkd_scarcity,21,random,0.4083333333333333,0.9166666666666666,-0.0009872617552778517,-0.7663767886577941,0.2494501167704074,0.2578874385071671,33.88778086679171,0.24465630480081912,0.24664675188807286,0.6714511900522807
qkd_scarcity,22,proposed_hybrid,0.575,0.95,0.05298764576430245,-0.7172146997075746,0.26260073231118597,0.2555786732231392,32.014461997141666,0.35551663026849645,0.2486866992920802,0.6327288437133706
qkd_scarcity,22,latency_first,0.5583333333333333,0.95,0.036662207849652975,-0.7322619918343067,0.25257233169017723,0.2542583462882962,30.51418138296685,0.3296923066729685,0.25577656504060364,0.649876117464063
qkd_scarcity,22,pqc_trust,0.5416666666666666,0.9416666666666667,0.04011886861328663,-0.733483553428104,0.23369623604192172,0.25578067868731547,34.25540369592641,0.33868856793733126,0.2578037521847373,0.6480527532431638
qkd_scarcity,22,qkd_priority,0.5666666666666667,0.9333333333333333,0.041436695019394794,-0.7214808757468913,0.2855649896636833,0.2541231358131599,33.21311266121189,0.3478507538799165,0.2643090300504915,0.6430164059638639
qkd_scarcity,22,max_margin_greedy,0.5333333333333333,0.925,0.038450227350397416,-0.7277402420524904,0.26094367097546955,0.25719031030999895,35.634822327939894,0.3407884965356794,0.26326787687762015,0.6488822000529418
qkd_scarcity,22,shortest_path_pqc,0.48333333333333334,0.95,0.002447796826084614,-0.7692408333001929,0.2435560504290173,0.25365218347290097,30.234927867739707,0.2760417685047988,0.27110669425866046,0.6866634891428683
qkd_scarcity,22,random,0.525,0.9333333333333333,-0.038064810725861,-0.8259548843994793,0.22822228956904703,0.2523270970645729,37.906159548554335,0.20342358220184187,0.2801671522136584,0.7275202910549119
qkd_scarcity,23,proposed_hybrid,0.525,0.9583333333333334,0.06859201318533711,-0.7061515619981341,0.23537748476918088,0.23286334231824218,34.1415206598664,0.3644349061600307,0.22614455699604452,0.6283794687726014
qkd_scarcity,23,latency_first,0.5666666666666667,0.9583333333333334,0.07677752969988176,-0.6893896078782435,0.25286527141865955,0.2370952672025203,29.528018290093158,0.4256386740011575,0.2708452673481701,0.6219416771534358
qkd_scarcity,23,pqc_trust,0.525,0.9583333333333334,0.050018072312330734,-0.7273172392389656,0.22258140439288374,0.2306312718027489,34.81892316394576,0.3353090157360148,0.23446612800954147,0.6464130341137968
qkd_scarcity,23,qkd_priority,0.5666666666666667,0.9583333333333334,0.0775479184672641,-0.6919316277890947,0.2588638982027269,0.23879833453981636,30.37142811078319,0.42546592472930805,0.26911931491627566,0.622475583826062
qkd_scarcity,23,max_margin_greedy,0.525,0.9583333333333334,0.06326828054022281,-0.7167134874647433,0.23562835458892886,0.23210543563938837,35.925087580890604,0.36111988450259913,0.233562867284408,0.633921558795593
qkd_scarcity,23,shortest_path_pqc,0.4083333333333333,0.9583333333333334,0.032820242785565994,-0.7153372938343382,0.1903772188630894,0.22295977596904343,26.596150372328584,0.34124131510482075,0.27507147077908284,0.6538766641446697
qkd_scarcity,23,random,0.5166666666666667,0.9583333333333334,-0.029702708885694408,-0.8217397058117263,0.2020466901254593,0.229550378588823,37.81240254093564,0.20233771728484704,0.2622222110060051,0.7288412918689207
qkd_scarcity,24,proposed_hybrid,0.5083333333333333,0.9083333333333333,0.02194911296464051,-0.7421630344306747,0.283192547141591,0.23692989843586504,32.69857239678261,0.2562473175372807,0.21199507365695713,0.6580836525355336
qkd_scarcity,24,latency_first,0.5166666666666667,0.9583333333333334,-0.0011897900220483773,-0.7729688077342259,0.2296864144742069,0.24374392964759253,27.836419752487714,0.2070905830663834,0.20948935327212606,0.6898988859881883
qkd_scarcity,24,pqc_trust,0.5583333333333333,0.925,-0.017456202891411574,-0.7910816867589597,0.18763547522073012,0.2482682262904854,34.063800462888196,0.19512479857090773,0.23031875601326976,0.711490504714967
qkd_scarcity,24,qkd_priority,0.49166666666666664,0.9083333333333333,0.02736576305419515,-0.7388965163228601,0.31432278283462645,0.24059222709979577,30.318656906492457,0.24599127786765682,0.19081836848419886,0.6525995786176177
qkd_scarcity,24,max_margin_greedy,0.5166666666666667,0.9,0.018230616915346463,-0.7459210594693219,0.278520609611849,0.2392227573740756,33.520305110277285,0.2522890723681521,0.21553379632914713,0.6638739270713053
qkd_scarcity,24,shortest_path_pqc,0.5,0.9583333333333334,-0.002125085403888755,-0.7741241811902825,0.22624180134863925,0.24382215263778365,27.830646189899134,0.20538846102142969,0.2096729074002376,0.690923071971041
qkd_scarcity,24,random,0.5083333333333333,0.9333333333333333,-0.03689036688730538,-0.8193918733529335,0.2006992527665116,0.24664726974469184,36.69677672007653,0.16320232111347452,0.23757806080562247,0.7288229584050289
qkd_scarcity,25,proposed_hybrid,0.325,0.8083333333333333,-0.08919250192460661,-0.812802347669325,0.22745394497560423,0.2921900596717659,38.33693143257808,0.11862592471991258,0.29844951730984526,0.7569775122112826
qkd_scarcity,25,latency_first,0.35,0.8666666666666667,-0.10759696559199255,-0.8551804637622463,0.1416524601419549,0.29348763758539936,32.967490960568256,0.0824214973691484,0.2993508634820366,0.7826158907140787
qkd_scarcity,25,pqc_trust,0.35,0.85,-0.10316603739100572,-0.8427724023840683,0.16077417843628664,0.2912782325261412,35.33836300872908,0.061836053816238946,0.2698320969432666,0.775508645701972
qkd_scarcity,25,qkd_priority,0.3416666666666667,0.8416666666666667,-0.08476038761019837,-0.8182648240541885,0.22026744808008872,0.2902127959266095,37.599882038969476,0.13266531908608584,0.3035531973324536,0.751433477507464
qkd_scarcity,25,max_margin_greedy,0.30833333333333335,0.7916666666666666,-0.09659021192525288,-0.8177638909082927,0.22151093035666458,0.2917413991378555,41.05867136294054,0.11814785579270752,0.312886186287169,0.7650947824899781
qkd_scarcity,25,shortest_path_pqc,0.18333333333333332,0.875,-0.14509956911344776,-0.9050796270343053,0.10086146969315554,0.29313011065157396,32.77799816900722,0.021349509909386482,0.3138889637671441,0.8262879357433073
qkd_scarcity,25,random,0.325,0.8333333333333334,-0.1251108424583303,-0.8742282206033646,0.15244388872607828,0.28897947661307566,39.942745461752516,0.08489384465390548,0.3371334463844102,0.7988453051436334
qkd_scarcity,26,proposed_hybrid,0.5416666666666666,0.9333333333333333,0.034861213159631504,-0.7284059487524862,0.2499062995938478,0.26639681585467245,35.48899618107811,0.3567352488882083,0.2864505449373383,0.6466264353592169
qkd_scarcity,26,latency_first,0.55,0.9333333333333333,0.005285181003913206,-0.7564989234128693,0.2306828895271485,0.27013596821056735,32.657654729672,0.30356938283343954,0.2929137759707113,0.681102994888178
qkd_scarcity,26,pqc_trust,0.5416666666666666,0.9333333333333333,-0.018601290758769984,-0.7913087495071115,0.1945685247664898,0.26829535874467675,35.675438810873594,0.2504398428115609,0.2879424451477907,0.7076383427346792
qkd_scarcity,26,qkd_priority,0.55,0.9333333333333333,0.023700696765490654,-0.7391893886812896,0.2573417307969734,0.2660451136242059,35.240449688307194,0.3397013398492071,0.29191767701555665,0.6577180653676947
qkd_scarcity,26,max_margin_greedy,0.5166666666666667,0.925,0.020891874036116854,-0.7438978809824618,0.24802195060799762,0.2681688188214785,36.50114347394988,0.3385944283882751,0.2964737146057814,0.6623102551580577
qkd_scarcity,26,shortest_path_pqc,0.55,0.9333333333333333,0.005285181003913206,-0.7564989234128693,0.2306828895271485,0.27013596821056735,32.657654729672,0.30356938283343954,0.2929137759707113,0.681102994888178
qkd_scarcity,26,random,0.5333333333333333,0.925,-0.041769642428695034,-0.8215087808799063,0.20581126892321558,0.260935718339246,39.72039923499267,0.2144870895269845,0.2987000782945148,0.7267928575190569
qkd_scarcity,27,proposed_hybrid,0.575,0.9666666666666667,0.10032923447524533,-0.6743325495023775,0.27990318489345517,0.2253599145396321,37.39365829708083,0.3525347952127993,0.15025811280303045,0.5805106525373016
qkd_scarcity,27,latency_first,0.6,0.975,0.0779982271704749,-0.6921868595936718,0.2608703315335053,0.22027741469214585,32.352885965515455,0.34590449722522193,0.18865000696216772,0.602021024370155
qkd_scarcity,27,pqc_trust,0.575,0.9666666666666667,0.06691420679969082,-0.7108055826481855,0.24042526575760256,0.22315386849035482,37.56145083363206,0.2800787454870386,0.14517107048766195,0.6150497233925031
qkd_scarcity,27,qkd_priority,0.5833333333333334,0.9666666666666667,0.10116083484079512,-0.6735271139258332,0.28751565406259666,0.22958440170394734,36.85788240852717,0.36249506182992947,0.15854176577993936,0.5818724436797453
qkd_scarcity,27,max_margin_greedy,0.5166666666666667,0.95,0.07209393289317964,-0.7068704456874059,0.2857302153996662,0.22505638614938145,41.01912511558185,0.30655939028165424,0.16120871912605014,0.6093112952801388
qkd_scarcity,27,shortest_path_pqc,0.55,0.975,0.0680758139688499,-0.7015090257494621,0.2604948656214466,0.2189817351527413,31.95512882434481,0.3341785357393645,0.1969289108021671,0.6117718453953791
qkd_scarcity,27,random,0.5666666666666667,0.9583333333333334,0.019321252751499353,-0.7645768221168965,0.22385968309922408,0.22215666582690263,39.82119652795297,0.24240418839334468,0.20345004978145084,0.6659213353777721
qkd_scarcity,28,proposed_hybrid,0.575,0.9666666666666667,0.13113251286483354,-0.6321925719039041,0.30573030327343376,0.2322094971435689,30.032025157634052,0.4245446254125032,0.16016455915275818,0.551502886007226
qkd_scarcity,28,latency_first,0.5833333333333334,0.95,0.10940915596142958,-0.6448638554252091,0.2829326102209514,0.23879545379028824,27.638454792553798,0.4146048502354461,0.19402187450675745,0.5786764295115746
qkd_scarcity,28,pqc_trust,0.575,0.9666666666666667,0.10730446421670811,-0.6604276775441352,0.2594204426515783,0.24184912731476466,28.823792640747328,0.3790529532493085,0.16271330765110664,0.5834342880376847
qkd_scarcity,28,qkd_priority,0.575,0.9583333333333334,0.12282840518785555,-0.638709184901283,0.3107290313429328,0.2389648258533431,31.11880045203918,0.42051595461527747,0.17287804093008485,0.5626975560455204
qkd_scarcity,28,max_margin_greedy,0.575,0.9583333333333334,0.1266192078590374,-0.6346678084219911,0.3060582854593929,0.23148625141912954,31.341710690742286,0.4230390410438192,0.1677583800376954,0.555654271522025
qkd_scarcity,28,shortest_path_pqc,0.5833333333333334,0.95,0.10313289689073345,-0.6521133969350765,0.28013414571595047,0.23904991817806506,27.63574152455253,0.40195110210904256,0.19402187450675745,0.585231063404083
qkd_scarcity,28,random,0.5333333333333333,0.925,-0.010711075274236061,-0.7852809645406302,0.2370555007946184,0.23931313055973322,36.29163267052597,0.25748811485040507,0.27908302467749385,0.7056912363192714
qkd_scarcity,29,proposed_hybrid,0.48333333333333334,0.95,0.03747291995688877,-0.7301617302345387,0.2556498997837182,0.22580044071380367,31.273981105449373,0.24895380695170233,0.17340356510313623,0.6559286217516611
qkd_scarcity,29,latency_first,0.49166666666666664,0.9416666666666667,-0.011435138467945265,-0.7801058107259137,0.22323978010621032,0.22968704622163283,28.50769288928191,0.18600755949222714,0.20906227414534254,0.7114349563231214
qkd_scarcity,29,pqc_trust,0.475,0.95,-0.0008614610880251158,-0.7730153325746026,0.2070054915756384,0.22475483325377468,31.48780005285622,0.1748799142930126,0.17661673100274067,0.6970592770505302
qkd_scarcity,29,qkd_priority,0.49166666666666664,0.95,0.030889864934966836,-0.7390375547336608,0.2575383395907324,0.2319824165775601,31.41314993751347,0.2459927011544315,0.1837147476565145,0.6654528022757537
qkd_scarcity,29,max_margin_greedy,0.4583333333333333,0.95,0.027567753340707706,-0.7464145061609105,0.25260611802959865,0.22952105593934055,33.44957968871439,0.23845963330765432,0.18287948544332425,0.6676973533825495
qkd_scarcity,29,shortest_path_pqc,0.44166666666666665,0.9416666666666667,-0.023897931643304914,-0.793479038865534,0.22099792278502442,0.23157126475036166,28.208910233747076,0.16505973644212182,0.21324105023910755,0.7255496484796589
qkd_scarcity,29,random,0.425,0.925,-0.05685643974431883,-0.8350822738753028,0.19818976715516345,0.22823826280448367,36.45134697416764,0.1594917248370687,0.27412164367642117,0.7559821286167338
qkd_scarcity,30,proposed_hybrid,0.5416666666666666,0.925,0.03426754709331848,-0.7226726427555589,0.24884946622743087,0.25204727568193597,29.899063378260823,0.2933786762796504,0.2242908797205406,0.6482713004127363
qkd_scarcity,30,latency_first,0.5583333333333333,0.9333333333333333,-0.0014737510835370292,-0.7559021214706435,0.21923437863521206,0.2447168463727302,27.090816642854342,0.24276259504812123,0.245733867393962,0.6837499180619891
qkd_scarcity,30,pqc_trust,0.55,0.9333333333333333,0.0381968160166197,-0.7195160429003816,0.228052825157787,0.25169638744398093,29.929925516538006,0.30158546712967965,0.22457575741875288,0.6449680340512587
qkd_scarcity,30,qkd_priority,0.5083333333333333,0.9,0.019032175416527717,-0.7365090806767666,0.2641895671731039,0.2558058305153462,31.184289390827402,0.29728530225855737,0.2589139808542677,0.6661278095357881
qkd_scarcity,30,max_margin_greedy,0.5083333333333333,0.9166666666666666,0.024612255551519177,-0.732439151894806,0.24981015804266563,0.2513460039477508,32.002313493006106,0.2784499637525975,0.22882848078582496,0.6584214206597323
qkd_scarcity,30,shortest_path_pqc,0.48333333333333334,0.9333333333333333,-0.016370856760743045,-0.7694823320290958,0.21139203313126156,0.2433487414510917,26.452770851618123,0.22503414220585602,0.2580399018041283,0.6987775816614286
qkd_scarcity,30,random,0.525,0.9166666666666666,-0.031197110273260834,-0.8031616389474824,0.21396166505647304,0.24916261157892136,34.29941821636914,0.19263664013450055,0.25553403987897805,0.717533299886587
congestion,1,proposed_hybrid,0.48333333333333334,0.9,0.07958259503241383,-0.718920943255108,0.3914474785597715,0.23964415123033891,37.61620114794209,0.3724115127671856,0.21196273245989963,0.6337829110082069
congestion,1,latency_first,0.475,0.8916666666666667,0.05850907072107162,-0.7426469260199756,0.3777046664201142,0.24682620790001805,35.93351211798752,0.3367256367656961,0.21876380063450332,0.6598696719380303
congestion,1,pqc_trust,0.49166666666666664,0.8583333333333333,0.05341246364256646,-0.7196862037636992,0.3382664970169346,0.24596688367351968,40.06608686959516,0.3597495394378987,0.25206312080369214,0.6662847531757825
congestion,1,qkd_priority,0.425,0.8583333333333333,0.0392684353364023,-0.7653642898823783,0.4292583032902922,0.24166425062172556,39.79781136662704,0.3051520611571563,0.2259818286240872,0.6741430101337528
congestion,1,max_margin_greedy,0.4166666666666667,0.8333333333333334,0.062486656687271165,-0.7480040882335731,0.4086681380566966,0.24106960352372095,39.2065780481888,0.33560116602975465,0.20962000335380473,0.6515701721424869
congestion,1,shortest_path_pqc,0.475,0.8916666666666667,0.05850907072107162,-0.7426469260199756,0.3777046664201142,0.24682620790001805,35.93351211798752,0.3367256367656961,0.21876380063450332,0.6598696719380303
congestion,1,random,0.4,0.7666666666666667,-0.011980479149936933,-0.7839795907071033,0.3975402022849886,0.23612625185162112,43.78047359714776,0.24837770405870008,0.27253189589325033,0.7251544153847217
congestion,2,proposed_hybrid,0.4583333333333333,0.75,-0.02643091805247673,-0.7292585712333494,0.30358846595587985,0.24902107278885363,41.32487634541263,0.26655772725999155,0.31984586849482366,0.7250591363436881
congestion,2,latency_first,0.48333333333333334,0.75,-0.034652977980793837,-0.734872939021516,0.3032070294622803,0.2598556850576668,37.01760396420653,0.26297742470721036,0.3328422996684883,0.7395180748377179
congestion,2,pqc_trust,0.5,0.7916666666666666,-0.031155607503966554,-0.7553896994617171,0.24730092666779044,0.2573565299124737,41.48040597086827,0.24566464407876884,0.30847836888515306,0.7364426442201225
congestion,2,qkd_priority,0.425,0.7583333333333333,-0.04009779618354689,-0.7499508216040024,0.29356744726687,0.2603939411268695,43.507808729621296,0.2593318654398275,0.3401741964550431,0.7441539444083236
congestion,2,max_margin_greedy,0.4166666666666667,0.7583333333333333,-0.03760131648156375,-0.7536284186534855,0.28641055735797344,0.25221379961072576,46.77310349375244,0.25756216390913833,0.3333712697187427,0.7377799560894366
congestion,2,shortest_path_pqc,0.48333333333333334,0.75,-0.034652977980793837,-0.734872939021516,0.3032070294622803,0.2598556850576668,37.01760396420653,0.26297742470721036,0.3328422996684883,0.7395180748377179
congestion,2,random,0.425,0.7333333333333333,-0.09260002078588128,-0.8117632940933482,0.2668754405175413,0.25406408571192973,47.14851605345053,0.1756234065628568,0.36231699685697233,0.7984645662763159
congestion,3,proposed_hybrid,0.625,0.9083333333333333,0.15307102560760524,-0.6374870622773072,0.4885465313294828,0.22027685476568573,36.99392482093423,0.4248198747429946,0.1162089360179841,0.5489839640746265
congestion,3,latency_first,0.55,0.8,0.09515720274386014,-0.6814939075307306,0.5146736156277965,0.21140831040279948,33.807569641695494,0.33613878349925236,0.1442895844188892,0.6038630082101121
congestion,3,pqc_trust,0.6166666666666667,0.925,0.13148666763890088,-0.658524386880363,0.4526108761680741,0.22288306863528806,38.290621972561375,0.3903318414521038,0.12523775347044883,0.5733255859666746
congestion,3,qkd_priority,0.48333333333333334,0.7583333333333333,0.0890553773619855,-0.7023493738154981,0.5253441245611682,0.21766567725930433,37.98933196536047,0.3362197168480558,0.15667258506985923,0.6126305409391771
congestion,3,max_margin_greedy,0.6083333333333333,0.9,0.1525139731551328,-0.6508230366253487,0.4885142077568324,0.22126772639206257,39.02663578238012,0.41639914175462045,0.10891129265153017,0.5501882699729678
congestion,3,shortest_path_pqc,0.5333333333333333,0.8416666666666667,0.10444476497199194,-0.6631904168651955,0.5052282870622319,0.21298401708351658,32.49357133611941,0.3580738234929571,0.14749970056555403,0.5952806779337327
congestion,3,random,0.5833333333333334,0.825,0.027489892289617755,-0.7156510631624783,0.403504220988787,0.2216824807619318,46.734366942638765,0.30703031064130054,0.251607140702555,0.6797978010876855
congestion,4,proposed_hybrid,0.475,0.8083333333333333,0.0683210718218735,-0.7276859801608502,0.42187067785994076,0.23390400048172796,40.95797364093209,0.32427040692546377,0.18652631051039617,0.6306622583529204
congestion,4,latency_first,0.5666666666666667,0.9,0.0038006023551627,-0.7972184187871302,0.3607231415423746,0.2332309391673381,38.57284787135915,0.21406439444305714,0.20640188969474524,0.7003770444122817
congestion,4,pqc_trust,0.5916666666666667,0.8666666666666667,0.03328905189402584,-0.7614930467447951,0.36765732630848247,0.2281008435456963,41.87845206479005,0.2464173105259997,0.17930228654610889,0.6643513170215534
congestion,4,qkd_priority,0.475,0.8083333333333333,0.06530774523550374,-0.7303447854387369,0.427712162329444,0.2385255726088736,41.52962574331041,0.32093523968683885,0.18926639848622653,0.6359012096676087
congestion,4,max_margin_greedy,0.4583333333333333,0.7833333333333333,0.06391081361322605,-0.7331920425485232,0.42739349264401255,0.23510347522288366,42.33259428541406,0.31602436711038445,0.18717192030952545,0.6358499495063309
congestion,4,shortest_path_pqc,0.5583333333333333,0.9,-0.0032797272707390094,-0.8024556449448917,0.3638220915518416,0.23346814011731584,38.077381359370456,0.2081012157783424,0.21471356914676779,0.7080183733769285
congestion,4,random,0.48333333333333334,0.8166666666666667,-0.019150253148912253,-0.8026587612197302,0.34945862151140905,0.2327201446007861,46.57781174988458,0.2060736591921636,0.24468304054077702,0.7223530136919455
congestion,5,proposed_hybrid,0.5416666666666666,0.925,0.06251582387080937,-0.724988976355654,0.3638461327392457,0.2285015576441563,43.12965427827904,0.3496368388105453,0.22359687132907488,0.6520609700381369
congestion,5,latency_first,0.5833333333333334,0.9583333333333334,0.07507971516484438,-0.7179319724985674,0.3472701131805597,0.22668841130574377,39.1923882492073,0.3726363118726117,0.2212659183951029,0.6404571998097701
congestion,5,pqc_trust,0.525,0.95,0.05892376552712407,-0.7479228167084304,0.3362395902128726,0.22758007840609842,44.28866300739511,0.32689153253608544,0.20809361816688365,0.6560067512330964
congestion,5,qkd_priority,0.5083333333333333,0.875,0.02218693439468345,-0.7588153304227688,0.41197550971522673,0.23165689489242886,44.97644766536819,0.3029877692376193,0.2582560466676929,0.6943666673509619
congestion,5,max_margin_greedy,0.5,0.9,0.04510504805394236,-0.7505011249125808,0.36075549948612073,0.22839228465461678,45.42181574776861,0.32126000363953017,0.2303224067565819,0.670158673937665
congestion,5,shortest_path_pqc,0.5666666666666667,0.9583333333333334,0.07182636423049421,-0.7211825140788863,0.3489313554323901,0.22704060985596144,39.05176206516651,0.36757085623804847,0.22275963803140694,0.6440191788152329
congestion,5,random,0.475,0.8666666666666667,-0.020926269185521335,-0.795502159930398,0.35796410672296897,0.2258692139970649,48.58000559375364,0.24893325700179292,0.2911233158435698,0.7358589261446676
congestion,6,proposed_hybrid,0.35,0.7166666666666667,0.049794229456555775,-0.7201868523459162,0.4361528541610473,0.2108395380342026,39.8702782980957,0.26278507788067,0.16239348623438823,0.6426622171134581
congestion,6,latency_first,0.45,0.8666666666666667,0.03546036382360212,-0.7452050026678596,0.35827253176001767,0.2159658275624851,40.197641130247646,0.2712599017294081,0.19976723273021033,0.6616478465629392
congestion,6,pqc_trust,0.5583333333333333,0.9083333333333333,0.09302334794254727,-0.6902287335536504,0.3756865578527455,0.21806726082208652,38.90886655909509,0.3196513903013642,0.13210431783655116,0.6044696524958402
congestion,6,qkd_priority,0.325,0.6916666666666667,0.0386787966955631,-0.7321944487569084,0.4560025125196161,0.21020355582472067,40.44506076949985,0.24640978415146753,0.16842833920073552,0.6533413706927464
congestion,6,max_margin_greedy,0.3333333333333333,0.725,0.01682844792785639,-0.7749877022309208,0.41129862087834373,0.21940140609284314,44.55795879542647,0.22315504811062867,0.1892267256754343,0.6832216936109068
congestion,6,shortest_path_pqc,0.425,0.9166666666666666,0.025925615611080272,-0.7676057921395167,0.3261532605073783,0.21854526427076612,41.32289057534563,0.2693736222334548,0.2171042359207929,0.6734992780381567
congestion,6,random,0.44166666666666665,0.8333333333333334,-0.012614488264365897,-0.7855182946588262,0.330612521954547,0.21738514265738626,46.08310151363426,0.2099747395279964,0.23540717554486315,0.7135746362346055
congestion,7,proposed_hybrid,0.5833333333333334,0.7833333333333333,0.10051577010586848,-0.5679909297318065,0.41956583076138176,0.2316460177048467,34.69819219175997,0.4537818257405715,0.25112906343035285,0.6122046979724803
congestion,7,latency_first,0.5166666666666667,0.7583333333333333,0.057417614868446626,-0.6269113717224427,0.4217682073016923,0.2236242073289116,31.158221090290805,0.3916358203730077,0.2758745000737201,0.6495586322217012
congestion,7,pqc_trust,0.49166666666666664,0.7833333333333333,0.0827088084856995,-0.6639431661797055,0.4098949312450974,0.22838147645498588,36.12874262213022,0.3917278837238228,0.22497625371233188,0.6307920018866144
congestion,7,qkd_priority,0.5,0.7,0.06983431248912836,-0.592333753514908,0.48465251563504924,0.2318234280745637,35.266791312944626,0.40310496665123297,0.2623099817941193,0.642136819972274
congestion,7,max_margin_greedy,0.575,0.775,0.10057000803201191,-0.5720065609741555,0.42966700137341657,0.23103665860821695,37.14425667071626,0.4506187933386225,0.2478566803708565,0.6121638035605443
congestion,7,shortest_path_pqc,0.525,0.7666666666666667,0.06028880453092845,-0.6235166477787263,0.4189140053901456,0.22461598235684782,31.152362943528352,0.3974245092086565,0.2758745000737201,0.6471043041637115
congestion,7,random,0.4666666666666667,0.7333333333333333,0.01716864379060592,-0.6945334004655505,0.40037791197060446,0.22085665078607794,42.31689927968155,0.3231833115516505,0.28856911036091276,0.6920764312504495
congestion,8,proposed_hybrid,0.5166666666666667,0.8083333333333333,0.044462751102122486,-0.7022568166547438,0.3838742740383271,0.2295356171921666,38.373329975900496,0.31232307369391915,0.22268043034286575,0.6588259766520346
congestion,8,latency_first,0.5083333333333333,0.8083333333333333,-0.0009204796089889222,-0.7443047625759762,0.3781745614649296,0.23233554792595112,37.481345314920084,0.25892984091325527,0.2607856465765394,0.706434602693707
congestion,8,pqc_trust,0.5166666666666667,0.8083333333333333,0.0425485361435368,-0.7010789540491525,0.36072336640522834,0.22936837369631263,39.10391733922657,0.3133426663026937,0.2275593273036276,0.6613683716474461
congestion,8,qkd_priority,0.5,0.7833333333333333,0.023890397760246103,-0.7136847650807475,0.412603594777636,0.23115487854510616,39.41551745608841,0.2780297019782181,0.2298635774615929,0.6799699788706337
congestion,8,max_margin_greedy,0.5,0.7916666666666666,0.035461549057974905,-0.7280085432820452,0.3922880284680775,0.22897551702110625,41.75875571533984,0.2922035604829048,0.22070850189827804,0.6678046079707735
congestion,8,shortest_path_pqc,0.5083333333333333,0.8083333333333333,-0.0009204796089889222,-0.7443047625759762,0.3781745614649296,0.23233554792595112,37.481345314920084,0.25892984091325527,0.2607856465765394,0.706434602693707
congestion,8,random,0.48333333333333334,0.775,-0.03454093032968153,-0.7864324933148318,0.3490890848274975,0.22295581615220808,44.7527438695616,0.19815844402619956,0.2677974164650736,0.7376688005955938
congestion,9,proposed_hybrid,0.425,0.875,0.09257823003696093,-0.7191658513522711,0.39352409919011877,0.22148879409810598,43.70282234655615,0.3827532870296508,0.1961036296970682,0.6077146686323383
congestion,9,latency_first,0.4166666666666667,0.85,0.08238717672371605,-0.726052585740782,0.3977403353792244,0.2208038638702142,40.261130924711956,0.36936933649293097,0.2032661576144712,0.6162678005095064
congestion,9,pqc_trust,0.44166666666666665,0.8833333333333333,0.08059191683581465,-0.7118687030221912,0.3502650523960093,0.22455677181861888,44.73482934228144,0.3842274047890313,0.22174370149101783,0.623746978073542
congestion,9,qkd_priority,0.38333333333333336,0.8416666666666667,0.06539271814185882,-0.7601602431553556,0.4394111545046255,0.22114781515336368,44.61303372502306,0.33178077298245795,0.19994061543838773,0.632392113764076
congestion,9,max_margin_greedy,0.45,0.8916666666666667,0.10195364852833871,-0.7100349108820346,0.3954324254407318,0.2172772484254897,46.998894685912504,0.40106895775998114,0.19551724701736273,0.5960205193749075
congestion,9,shortest_path_pqc,0.4083333333333333,0.8416666666666667,0.08080718059801158,-0.729653563466938,0.3974277566158197,0.2210994046175306,39.80611097212666,0.37143798979850934,0.20852028697993763,0.6177242754337626
congestion,9,random,0.425,0.85,0.0501068492773757,-0.7447561567451485,0.3783809481062163,0.2179430713489636,46.91002094761597,0.33348191325044,0.23246003970734383,0.6491423261614191
congestion,10,proposed_hybrid,0.525,0.9083333333333333,0.043540368613031934,-0.7358545765451798,0.37151214292566576,0.2168226711617944,35.67158114843748,0.3323433569231914,0.2445603556872399,0.6646856712589265
congestion,10,latency_first,0.44166666666666665,0.85,-0.026194499441729358,-0.7943216349338135,0.35497965378251745,0.22111840978117356,33.61266777538613,0.2600853190738916,0.31289680988382984,0.7400371234540221
congestion,10,pqc_trust,0.5583333333333333,0.975,0.01517293917813992,-0.7849615913565616,0.26968064930040225,0.2137766813673922,37.277671741972576,0.2714586800583456,0.2408680768766119,0.6947001492126682
congestion,10,qkd_priority,0.43333333333333335,0.8833333333333333,0.0029259158846558614,-0.7741932357681609,0.34645472118735227,0.21932405663944302,38.24552437764191,0.27903540592542775,0.273136381964428,0.707540974171556
congestion,10,max_margin_greedy,0.30833333333333335,0.8083333333333333,-0.050147360713781376,-0.8352324722259159,0.31386220789204794,0.22031557928778228,45.49189474690592,0.2076524990374428,0.30875604886361496,0.7628164453728924
congestion,10,shortest_path_pqc,0.44166666666666665,0.85,-0.026194499441729358,-0.7943216349338135,0.35497965378251745,0.22111840978117356,33.61266777538613,0.2600853190738916,0.31289680988382984,0.7400371234540221
congestion,10,random,0.38333333333333336,0.85,-0.08180000977777639,-0.8548037552344459,0.2640739885890569,0.22136747071266807,45.007379652288726,0.16740913414016023,0.33232850869212877,0.7965984141543125
congestion,11,proposed_hybrid,0.44166666666666665,0.8666666666666667,0.023957946544854208,-0.7826460779543255,0.3486871951126978,0.22449832077899615,31.642522843859393,0.27478475799623,0.2264824464138627,0.6928309794496411
congestion,11,latency_first,0.38333333333333336,0.8833333333333333,-0.019408588577947392,-0.8398961119172556,0.305492548383569,0.23868349735053748,33.83839788161576,0.2302210459063707,0.26935126481352273,0.7442559437067026
congestion,11,pqc_trust,0.4583333333333333,0.8833333333333333,0.026223403840530547,-0.7721531514221126,0.33629238932145594,0.22873155101768566,31.545752185116694,0.282840695069068,0.22997092926154675,0.6927225120841006
congestion,11,qkd_priority,0.4666666666666667,0.825,0.003947925499667346,-0.7665175910246523,0.39139388320479046,0.22762452778653877,32.51585144464476,0.24784952516675798,0.23988999794968677,0.7128434404146051
congestion,11,max_margin_greedy,0.43333333333333335,0.8666666666666667,0.017134257271270114,-0.7908734661330356,0.3564479886926694,0.22037285042540808,33.07265271672907,0.267688158300615,0.23314328476982848,0.697555328518019
congestion,11,shortest_path_pqc,0.375,0.8916666666666667,-0.03007388912287161,-0.8536985866797524,0.29296848026094124,0.24155891149110092,34.90019006129377,0.22113056538419507,0.2817634063577265,0.7566039808872245
congestion,11,random,0.4,0.7083333333333334,-0.07210458929737334,-0.8124715542500712,0.31488031139857076,0.23241775149970062,39.63405884929822,0.20745410893713379,0.3528262647786123,0.7919434557449775
congestion,12,proposed_hybrid,0.575,0.95,0.07220520423750577,-0.723412613331234,0.29601148548348705,0.23459340706046566,32.91029645481411,0.37774874292177535,0.23217373437841693,0.6497627419932003
congestion,12,latency_first,0.5583333333333333,0.9333333333333333,0.04705259123698136,-0.7417999953650319,0.28724781478207767,0.23240177363049153,27.419717759165913,0.3234529115944142,0.22858881635856468,0.6751214959691735
congestion,12,pqc_trust,0.5916666666666667,0.95,0.03492564200676509,-0.7585964158657554,0.24830013719323835,0.23130479914761518,33.22407710209811,0.3045373593025184,0.23412275848242747,0.6872445417937765
congestion,12,qkd_priority,0.55,0.9416666666666667,0.06559497202551388,-0.7369968775159476,0.30755980627311197,0.2374222068865627,31.577654387468275,0.36512480783964846,0.23287688036885434,0.6580891336753738
congestion,12,max_margin_greedy,0.5833333333333334,0.9333333333333333,0.06744679487205954,-0.7235834179504644,0.2945397853892752,0.2292305775342832,35.73103654319188,0.37697638052080124,0.24099493924648763,0.6520792084248481
congestion,12,shortest_path_pqc,0.4666666666666667,0.9416666666666667,0.020324260753975913,-0.7711809151791473,0.2751734059665581,0.23354107375906044,26.965314479722323,0.2844708940735435,0.24349456190826946,0.7029240663658354
congestion,12,random,0.55,0.9333333333333333,0.0028963345183232645,-0.8043043361046568,0.2697414782576381,0.23315947051155345,37.26579418644703,0.251987516027851,0.24614813191832832,0.7195487514712412
congestion,13,proposed_hybrid,0.425,0.825,0.05004671770396618,-0.7458879954764055,0.40631941794615173,0.2246836665241112,39.70180663600929,0.275687411049319,0.1747867705171291,0.6589336286181009
congestion,13,latency_first,0.5,0.8666666666666667,0.046589658053358046,-0.7490729785156252,0.3745946238567325,0.22827916590512753,34.098112386281784,0.2800129813833023,0.18608221917895137,0.667180095998475
congestion,13,pqc_trust,0.5916666666666667,0.9333333333333333,0.05278113845490037,-0.7453178019810874,0.33448973908682395,0.2268701016795128,36.438558824429826,0.27312075524585805,0.16670716965130086,0.6605719560747365
congestion,13,qkd_priority,0.44166666666666665,0.8333333333333334,0.04360917966134044,-0.7544790883873156,0.4104474240753946,0.22891200660158878,40.52206251158465,0.2746855407159347,0.18676380752774832,0.6669770238607886
congestion,13,max_margin_greedy,0.35833333333333334,0.8166666666666667,0.030012325208033628,-0.7822823282736384,0.41570496028705556,0.22568978169311357,43.49952744587291,0.2509480047957448,0.19043928461825763,0.6793677526564069
congestion,13,shortest_path_pqc,0.38333333333333336,0.9416666666666667,-0.004310380844085155,-0.8129164091970946,0.29322331575979915,0.23608344116953542,37.932862165811905,0.23848878316913388,0.247179067128983,0.7245077876214678
congestion,13,random,0.49166666666666664,0.8916666666666667,-0.01760771266463567,-0.8197713665902938,0.32723034793371136,0.22784038248697086,44.13339710402159,0.1890112167610426,0.22451063745587255,0.7329480041332227
congestion,14,proposed_hybrid,0.4083333333333333,0.7666666666666667,0.027753254384708107,-0.7712600245484927,0.36663355261600866,0.21933119569080842,41.35760176002074,0.2619383425107308,0.20598420060607733,0.6855305221816143
congestion,14,latency_first,0.4083333333333333,0.7666666666666667,0.01675866176458074,-0.7871977377693531,0.35296663045185284,0.22418486147598682,40.64971073302081,0.2425895377409737,0.20880191321560929,0.6992096815251707
congestion,14,pqc_trust,0.4166666666666667,0.7583333333333333,0.01296491547410433,-0.7730218970774667,0.33834026013913565,0.22065435731625016,42.55436968677712,0.24519229837795195,0.2190533558898384,0.7020387371897269
congestion,14,qkd_priority,0.4,0.75,0.02016965988661384,-0.7836607426582832,0.3821061251627446,0.22308762717020028,41.919311201332704,0.244978525417741,0.20431388854956797,0.6942475991083358
congestion,14,max_margin_greedy,0.4,0.7583333333333333,0.027337910865984732,-0.7777030908528537,0.3677720283756435,0.21579005942858268,42.80490162342524,0.2581637132673784,0.20304695748918336,0.6844763718983072
congestion,14,shortest_path_pqc,0.375,0.75,0.01867659252578241,-0.7817275975232676,0.3619714711767789,0.2234150365939624,38.746536649988144,0.24071204665119358,0.20305762623630966,0.6965469246843021
congestion,14,random,0.4583333333333333,0.7583333333333333,0.007118130594138154,-0.7658079374846579,0.347730549783919,0.21840604359785143,44.14563987167904,0.24143470242380424,0.22708363267755793,0.7060211660688291
congestion,15,proposed_hybrid,0.5166666666666667,0.9,0.0823001768824911,-0.7062363252791827,0.29299017887450474,0.2184440957976746,37.17852304632365,0.39629298733341917,0.2303652113606549,0.6207583258972931
congestion,15,latency_first,0.5166666666666667,0.9,0.07514026283862134,-0.713012914325626,0.28654015015204126,0.23282184577486537,35.57984347322684,0.39105093616834646,0.23955847076790016,0.6347370973285674
congestion,15,pqc_trust,0.5166666666666667,0.9,0.08196064369206564,-0.7001212572990992,0.2941625506376551,0.2317740887515543,36.74770764402879,0.40013133699883857,0.23488810374870625,0.6268478961708421
congestion,15,qkd_priority,0.5,0.8833333333333333,0.07119218379215861,-0.7225013911770348,0.3019555903267747,0.23760631937827484,36.2188382574357,0.38082119212088195,0.23728856350765892,0.6405681851664946
congestion,15,max_margin_greedy,0.5166666666666667,0.9,0.09338443686894705,-0.6944741680160843,0.30364370955668046,0.2184119581527807,38.17988111239526,0.41841844592144906,0.23014337158889453,0.608696829329167
congestion,15,shortest_path_pqc,0.5166666666666667,0.9,0.07719683132761608,-0.7106839252470005,0.2852212357066344,0.23413205974529408,35.57687734948539,0.395519218538349,0.23988044570041334,0.6332577976287673
congestion,15,random,0.49166666666666664,0.8333333333333334,0.03367315328807085,-0.7313602368374803,0.292107777302474,0.23117017651336574,42.02518680812344,0.3474850534464047,0.27959563149464894,0.6771777460819319
congestion,16,proposed_hybrid,0.5583333333333333,0.8333333333333334,0.12938137728504273,-0.5974585585221756,0.39659507122246584,0.23477946106359773,39.579033802033756,0.4798269581171069,0.21897740713919814,0.5760598062873203
congestion,16,latency_first,0.525,0.9,0.05706906724329004,-0.7202605121629568,0.36544684264808397,0.2402942354556704,34.59669455495522,0.37594730787802527,0.2608887045649405,0.653102108898303
congestion,16,pqc_trust,0.6,0.925,0.10725406448173501,-0.6700633609725527,0.367739234160646,0.23864634491908185,38.30778890129329,0.42939768444168,0.2131596512123756,0.6018243663695035
congestion,16,qkd_priority,0.5333333333333333,0.8083333333333333,0.10254380776882902,-0.6166969416984316,0.42627473762915796,0.239790676426036,39.31784024380782,0.4342910503114541,0.22754950239042782,0.6043287624025295
congestion,16,max_margin_greedy,0.55,0.825,0.1226568839059101,-0.6046832680625378,0.40563362116904034,0.23502715698978793,41.50934592132915,0.46631405007139937,0.21902194542238704,0.5827119163752192
congestion,16,shortest_path_pqc,0.49166666666666664,0.9,0.047069002381000695,-0.7288676610550845,0.35887860876213573,0.24000809710647875,33.436231629531804,0.37313000197591206,0.27823281975615255,0.6634206400220453
congestion,16,random,0.5333333333333333,0.8416666666666667,0.031681174430898434,-0.7046312188785181,0.3488350333554756,0.2342746289269802,41.048378124826066,0.3567002911672575,0.29282695562109134,0.6767012792952339
congestion,17,proposed_hybrid,0.43333333333333335,0.9333333333333333,0.08097432397737618,-0.7032703311882216,0.3726988927413636,0.21301410487505634,34.42920002349427,0.3122802095927821,0.14902552415452364,0.6145524104712016
congestion,17,latency_first,0.425,0.9333333333333333,0.05611402165135541,-0.7293680861096641,0.3539186023347123,0.21052146001084818,33.88563539030486,0.2622012415345265,0.14906813336647126,0.637921305551013
congestion,17,pqc_trust,0.44166666666666665,0.9333333333333333,0.07866546581614112,-0.69850563745341,0.3660316319055301,0.21300308052812827,34.69260249535951,0.3149487643268046,0.15634903485877816,0.6170359163623897
congestion,17,qkd_priority,0.39166666666666666,0.9333333333333333,0.050201927742709304,-0.7342017572808887,0.3578472136901676,0.21065489298652493,35.118683341623424,0.26065719148733685,0.15944362748993904,0.6427291218088477
congestion,17,max_margin_greedy,0.43333333333333335,0.9333333333333333,0.08163995925897118,-0.7033528006290887,0.3738189935760891,0.21328611565542305,35.28569027470542,0.3134042422076342,0.1488075501532568,0.614243610227034
congestion,17,shortest_path_pqc,0.325,0.9333333333333333,0.026309662324819388,-0.7489181178176665,0.2951384465807987,0.20308254187824432,31.63620313085653,0.22005367204879103,0.16700999800681646,0.661442206975043
congestion,17,random,0.425,0.8916666666666667,-0.011942190598425642,-0.7718121596291908,0.3432836354028245,0.21002971451047447,41.78552462042422,0.2088175674677085,0.2328945646419537,0.7066811890224667
congestion,18,proposed_hybrid,0.5,0.95,0.09490699941632934,-0.7116454410358327,0.35571798568686563,0.23808862836865707,38.57071986628807,0.3399877280912437,0.148642971203483,0.6210969767882989
congestion,18,latency_first,0.48333333333333334,0.95,0.05418939683660458,-0.7490410883295251,0.3292867990593759,0.23910613982856468,37.18754672712973,0.26664708312559465,0.15739426692276284,0.6638271859956251
congestion,18,pqc_trust,0.5083333333333333,0.9416666666666667,0.07926888073153186,-0.7202540418707285,0.3252734019038297,0.2399119953956028,38.22455023218155,0.3187811856110461,0.15896489381360288,0.638796414157318
congestion,18,qkd_priority,0.48333333333333334,0.9333333333333333,0.07979578462585638,-0.7227701585777548,0.36548065735684954,0.23659375072690575,38.96984859218114,0.31420426770355975,0.15332566966755898,0.635488067269992
congestion,18,max_margin_greedy,0.49166666666666664,0.9416666666666667,0.09259209378971688,-0.7152971807321885,0.3587732812307434,0.2363032295778038,40.17897366581846,0.3356827713492763,0.1490051629022665,0.6226355489153104
congestion,18,shortest_path_pqc,0.39166666666666666,0.9333333333333333,0.006572886585302782,-0.7906024228913022,0.31342790072956356,0.23972260788061803,37.04650818231133,0.20915267427022913,0.19590088679986065,0.7131344593693811
congestion,18,random,0.425,0.8916666666666667,-0.002760678224146773,-0.7991909815446495,0.3218258097625423,0.23452479632449996,45.504029441995144,0.23215300036762243,0.23771888388404738,0.7194719773106907
congestion,19,proposed_hybrid,0.4583333333333333,0.8083333333333333,0.0718483194088177,-0.6992901133021775,0.37345179575731874,0.2278045222087405,33.277008894347645,0.3904154419189439,0.24555995923987597,0.6429863304877339
congestion,19,latency_first,0.43333333333333335,0.925,-0.016004702745213907,-0.832806698756863,0.3019366368337098,0.23343649008330788,35.51539406716215,0.279642282976945,0.3119098288342311,0.737896806318233
congestion,19,pqc_trust,0.4583333333333333,0.8,0.07395297094510106,-0.6916627759316749,0.3622520822910104,0.22776067775761935,32.87840531707683,0.3946034562984116,0.2455047245542562,0.6409659281231274
congestion,19,qkd_priority,0.4583333333333333,0.825,0.05389689862940295,-0.7237445722651337,0.38998364519823153,0.22767989407904643,33.58778658071676,0.35892513123868913,0.25026202916327994,0.6609762564867526
congestion,19,max_margin_greedy,0.44166666666666665,0.7833333333333333,0.071606980944976,-0.7005520781071505,0.3874656602550222,0.22651209976846995,33.15680783445137,0.38516922878206866,0.2408003155865525,0.6423165374561796
congestion,19,shortest_path_pqc,0.43333333333333335,0.925,-0.01563356412997411,-0.8323382998571158,0.3023858311858947,0.23357786810976328,35.51485801078268,0.28039054631412197,0.3119098288342311,0.7375892878148981
congestion,19,random,0.4666666666666667,0.775,-0.02035328714945013,-0.740248924338608,0.3079196168510194,0.22802261351716843,41.37104249424034,0.2942621942296599,0.3352970473535513,0.739133013747541
congestion,20,proposed_hybrid,0.525,0.75,0.10189956276992532,-0.6120301109458571,0.5283189869130432,0.21863636296155647,43.096314507706325,0.3462779549857977,0.1408352881109483,0.589911930241216
congestion,20,latency_first,0.5166666666666667,0.7583333333333333,0.040418529754991245,-0.688045989237082,0.4732740036192739,0.22068048691569908,38.80116669874266,0.2814032714575825,0.19991430017735823,0.6574144651146175
congestion,20,pqc_trust,0.5333333333333333,0.7583333333333333,0.0839087231533122,-0.6184060546693807,0.47078957640262403,0.2193716653168267,41.736941996541205,0.34092893256928175,0.17175811976018462,0.6104946710078222
congestion,20,qkd_priority,0.5,0.725,0.08432814137970893,-0.633173847253478,0.5491341577630526,0.21879635720862164,43.954165978002955,0.31983640217282494,0.14981998810083116,0.6075620234556126
congestion,20,max_margin_greedy,0.48333333333333334,0.7083333333333334,0.08944290508748394,-0.6355661715128493,0.541275395766634,0.21850590857377844,46.03320147821095,0.31973475203221113,0.1394063143558322,0.6022893602398176
congestion,20,shortest_path_pqc,0.49166666666666664,0.7833333333333333,0.0483588607919448,-0.6736018631448792,0.4550273471794898,0.22144370634090454,37.26978472605375,0.30639116742331746,0.2088934642137513,0.6502023300899986
congestion,20,random,0.49166666666666664,0.7166666666666667,0.00914256157774264,-0.6999535624003718,0.4816893703927435,0.2186804987980077,46.0629598953275,0.24917349683025444,0.23074091300416036,0.6881860319618053
congestion,21,proposed_hybrid,0.4666666666666667,0.7916666666666666,0.08201899093157412,-0.633779457127908,0.45236915515575593,0.22307585352856119,33.083139870560224,0.3625411708293664,0.19718030201570888,0.5949221117256615
congestion,21,latency_first,0.5166666666666667,0.8666666666666667,0.036421509558597104,-0.718379852606838,0.3536369201435576,0.23551718228964394,32.812301002472324,0.29320313786742186,0.2197726750476697,0.6530239727802832
congestion,21,pqc_trust,0.5666666666666667,0.8583333333333333,0.08371613038462597,-0.6613055723129134,0.3812280033508534,0.22400348658527403,33.132223056307964,0.354245299698323,0.18546277876157713,0.5968071729369279
congestion,21,qkd_priority,0.4666666666666667,0.7916666666666666,0.07882962062121202,-0.6343278923845509,0.4596389185982232,0.22773707780674182,33.28395362934962,0.36015830077012173,0.2012276140338072,0.6001663975482571
congestion,21,max_margin_greedy,0.44166666666666665,0.7666666666666667,0.07573888730326486,-0.6535772356943398,0.4558677862424871,0.22561919443022752,39.543872096472825,0.3421846421183148,0.18948527255528078,0.6028815640621369
congestion,21,shortest_path_pqc,0.45,0.8916666666666667,0.024697197945717765,-0.7248774323567474,0.3407275910220765,0.23348473341604611,32.16398943809395,0.2873539052294232,0.23756116743563746,0.6644220010126455
congestion,21,random,0.48333333333333334,0.7833333333333333,0.0015705419114542115,-0.7036623425052778,0.35823423584064396,0.2333590859436584,41.4634004882015,0.2694385474874692,0.2662721323434083,0.6887422596296385
congestion,22,proposed_hybrid,0.55,0.9083333333333333,0.0832731321249475,-0.6932544355811707,0.35537880353962414,0.22628479734028628,37.927146676177564,0.43364859445758075,0.26575921517341244,0.6197254027153903
congestion,22,latency_first,0.5416666666666666,0.9083333333333333,0.06561177418331537,-0.7012954177460867,0.3416760417175992,0.23088853602152437,35.77374032402098,0.41536151248391384,0.2830797096949716,0.6404892541273094
congestion,22,pqc_trust,0.5916666666666667,0.9083333333333333,0.07225130965632716,-0.6944484394812186,0.3062268828458497,0.23051822469704736,39.70255897784392,0.4124493782826266,0.26678141526583804,0.635338629853145
congestion,22,qkd_priority,0.5416666666666666,0.875,0.06642567213038356,-0.6968489553560033,0.37854720242562395,0.22888439170835664,39.57680803605292,0.40423893189368804,0.2703162058243664,0.6378990486451621
congestion,22,max_margin_greedy,0.5833333333333334,0.85,0.09022030263352199,-0.6511152935978121,0.37337472553490086,0.22376991675726074,43.50798413516347,0.44258798325745313,0.26069221181890073,0.6114591589294656
congestion,22,shortest_path_pqc,0.5416666666666666,0.9083333333333333,0.06561177418331537,-0.7012954177460867,0.3416760417175992,0.23088853602152437,35.77374032402098,0.41536151248391384,0.2830797096949716,0.6404892541273094
congestion,22,random,0.5,0.85,-0.004079990899618657,-0.7862280712377664,0.33344397540593607,0.23246640367815807,43.984372099883224,0.28511040898547146,0.29333619708954134,0.7136259191942278
congestion,23,proposed_hybrid,0.55,0.9583333333333334,0.09821398181572132,-0.6916793103605269,0.31130493254292396,0.22017842993858466,39.28615224308934,0.4416923164577571,0.2436802563454157,0.6091448984850676
congestion,23,latency_first,0.5166666666666667,0.9583333333333334,0.07846096462844372,-0.7127027916522165,0.3093903125241057,0.22617373434686439,37.46164645764405,0.4343351151686754,0.27614768648229693,0.632011235254659
congestion,23,pqc_trust,0.5833333333333334,0.875,0.09251273779130402,-0.6558939877658021,0.3051692988652217,0.22490926742914905,41.96928084141559,0.4398548268748437,0.25333721036011775,0.6192917482237826
congestion,23,qkd_priority,0.5166666666666667,0.9583333333333334,0.07553307692040924,-0.7168696166790427,0.31921929739751925,0.2260314617434854,37.89958732301992,0.428732440122348,0.27644801084732934,0.6352663253605079
congestion,23,max_margin_greedy,0.5833333333333334,0.875,0.09754067579054233,-0.6554807266085606,0.31272584897384686,0.21245555667632876,44.92067448038128,0.45140701135378,0.2547524230663962,0.6084496794141306
congestion,23,shortest_path_pqc,0.35,0.9583333333333334,0.009444259840147132,-0.7630510059021339,0.2140446982213494,0.21225354616084766,34.140205639578355,0.3171596703905318,0.2981188239386222,0.6882866243894552
congestion,23,random,0.5083333333333333,0.9,0.01617169977443876,-0.7637752710980785,0.2956731232986517,0.2206412408518558,45.610175016708155,0.3215021453700914,0.2888979119538843,0.6936387296722898
congestion,24,proposed_hybrid,0.5666666666666667,0.95,0.12825004358927278,-0.6519225152074246,0.42474594841952595,0.21610304424870014,36.141692621296954,0.4155076278176657,0.15693899154897054,0.5648616885483447
congestion,24,latency_first,0.5333333333333333,0.975,0.02348447520803996,-0.7690497182605645,0.34217921578098637,0.22791344260991958,31.605554590982774,0.2718281944770802,0.22448046220280607,0.6807325305359975
congestion,24,pqc_trust,0.5833333333333334,0.8666666666666667,0.09026505215624599,-0.6473654895451266,0.3053967266008877,0.23111591789163102,41.07810439606455,0.4347435380332458,0.2527575457827498,0.6172328923647777
congestion,24,qkd_priority,0.43333333333333335,0.8333333333333334,0.0630742061058703,-0.7307921098644019,0.4888429987893259,0.22081446958312434,36.96192773492343,0.2852929903611955,0.15812725224452148,0.6308433975497116
congestion,24,max_margin_greedy,0.5583333333333333,0.9333333333333333,0.12080966702146091,-0.6602351371179616,0.4274873590815157,0.21889015583977176,37.5208703631708,0.40247180098621577,0.1589039239268188,0.5740454861208267
congestion,24,shortest_path_pqc,0.5333333333333333,0.975,0.02348447520803996,-0.7690497182605645,0.34217921578098637,0.22791344260991958,31.605554590982774,0.2718281944770802,0.22448046220280607,0.6807325305359975
congestion,24,random,0.5333333333333333,0.9416666666666667,0.01737544665357343,-0.7784294204916679,0.35147131338279214,0.2294601124384093,44.21585508501627,0.27901635944025366,0.24398521699353304,0.6875399619033762
congestion,25,proposed_hybrid,0.425,0.775,-0.04325246867415588,-0.793255175110927,0.3829805939508777,0.24107346870514182,41.38811149783917,0.12460162035252927,0.21180417816332742,0.7341016596816798
congestion,25,latency_first,0.44166666666666665,0.8333333333333334,-0.06106270547603449,-0.8247887356426831,0.296432241264633,0.24526555542591594,38.42515574686332,0.12225949617297083,0.24536978947142749,0.7582159826153864
congestion,25,pqc_trust,0.4583333333333333,0.8416666666666667,-0.05175454464589138,-0.8203838964456136,0.3106403377117156,0.24244150090090186,41.38538600703133,0.09944231149631139,0.2037861515081892,0.746161183080889
congestion,25,qkd_priority,0.425,0.775,-0.04439665368969895,-0.7933894416134292,0.3881449392716527,0.24104958190888093,41.474596990298465,0.12432709616166808,0.21383647860057722,0.7353642819649518
congestion,25,max_margin_greedy,0.425,0.775,-0.04261154961379545,-0.794511388727354,0.3836087884773217,0.24054406648688317,42.961805757973615,0.12461371887369575,0.21052410115957368,0.7331124757682651
congestion,25,shortest_path_pqc,0.2,0.85,-0.12092519763895006,-0.9079119456007924,0.2161418671161594,0.2502289187064389,37.70102843448293,0.03762429599168716,0.28142509768311874,0.826729167216508
congestion,25,random,0.44166666666666665,0.8333333333333334,-0.07972658998829206,-0.8498211126347303,0.2922084745537366,0.24125061059240668,44.98852976023518,0.09837408355166115,0.2591131762699919,0.7751371437867213
congestion,26,proposed_hybrid,0.5333333333333333,0.9,0.1073260868276992,-0.663192938708891,0.3432672137153286,0.2185350158852554,43.3026773154878,0.49050722552796006,0.2741239859559859,0.5978125486678155
congestion,26,latency_first,0.5333333333333333,0.9,0.05255909788538868,-0.7134540128520719,0.32580248995164507,0.23342362929986044,38.17611715836153,0.3919199625939211,0.2859540394378955,0.661480563935747
congestion,26,pqc_trust,0.5416666666666666,0.9166666666666666,0.10029783920434994,-0.6771219406030403,0.31237145090432816,0.23020556382044036,42.06486175405538,0.47528200885636734,0.2730686233637262,0.6137473127918238
congestion,26,qkd_priority,0.5166666666666667,0.8833333333333333,0.08038919170601755,-0.6992827871349914,0.3644796784908028,0.2289206417283258,43.311872387858024,0.43953246284409486,0.2774574795658336,0.6301500899381229
congestion,26,max_margin_greedy,0.5166666666666667,0.8833333333333333,0.10239836562161524,-0.6769935997889868,0.34970369800592765,0.2248003819149302,44.79465293035159,0.48026103683099014,0.2738127190454756,0.6069849277412831
congestion,26,shortest_path_pqc,0.5333333333333333,0.9,0.05255909788538868,-0.7134540128520719,0.32580248995164507,0.23342362929986044,38.17611715836153,0.3919199625939211,0.2859540394378955,0.661480563935747
congestion,26,random,0.5083333333333333,0.875,0.04223826633820695,-0.7307215918318791,0.3177559381456883,0.22311559524883087,47.54358317258584,0.38398038563995707,0.29882259060324956,0.6677687734315573
congestion,27,proposed_hybrid,0.6916666666666667,0.9666666666666667,0.1772022328118733,-0.6101054144011765,0.42791549013816177,0.20450825070368867,43.25085541424966,0.4625143908516387,0.10525182469866833,0.5174046797430394
congestion,27,latency_first,0.6916666666666667,0.9833333333333333,0.1421096697962855,-0.6502239328958216,0.38759930587053165,0.20179519034456248,41.11416720967545,0.4311307257226447,0.14461929468174659,0.5526093945086497
congestion,27,pqc_trust,0.6833333333333333,0.9666666666666667,0.15345092746239028,-0.6413295079356255,0.3808757091897666,0.20575851500867598,44.068221193588094,0.422450282268608,0.11307341238475661,0.5442772112378689
congestion,27,qkd_priority,0.6916666666666667,0.9666666666666667,0.15832058584459657,-0.6290627543031841,0.4434031319337927,0.20257070278988204,43.43213204244537,0.42662290805310893,0.10742817852771262,0.535157294867338
congestion,27,max_margin_greedy,0.65,0.95,0.16662996151474907,-0.6274879939620828,0.4368968120771995,0.197132006928671,47.49251617471808,0.441164266124962,0.10521676307103249,0.5248645889153568
congestion,27,shortest_path_pqc,0.6083333333333333,0.9833333333333333,0.14082768926323622,-0.6451417111944012,0.3810047434456518,0.19965270093493329,38.63651596020548,0.455886386692979,0.17195959382355105,0.5530805882515111
congestion,27,random,0.675,0.9666666666666667,0.10273140563870428,-0.698352697968942,0.39128797933529025,0.2030255057825119,48.21837977993839,0.34788253713439293,0.14076276770152138,0.5948234721984115
congestion,28,proposed_hybrid,0.55,0.9416666666666667,0.15203547493705935,-0.6258890686199984,0.4092617596640976,0.2279108583819691,36.8014073405115,0.4630642119692175,0.1565410770154688,0.5364595501267682
congestion,28,latency_first,0.5416666666666666,0.9166666666666666,0.11904246105769302,-0.647976217090052,0.3674489274874902,0.23181149125985095,31.79532117701727,0.4376479940110453,0.19764303220118032,0.5733961865759083
congestion,28,pqc_trust,0.5916666666666667,0.975,0.12147294480610056,-0.6679064999121459,0.309191932582016,0.23831859195276253,35.08823021642391,0.4322161317842963,0.18731100112683544,0.5798863411966244
congestion,28,qkd_priority,0.5166666666666667,0.925,0.12020978051428913,-0.664801543595877,0.42138856861232493,0.2292964803440949,38.46143350555679,0.41115963729467403,0.16880120883844596,0.5689961460064386
congestion,28,max_margin_greedy,0.5583333333333333,0.95,0.15808546872263607,-0.6229737512854024,0.4014433293385395,0.22687614054965,38.79038380568485,0.4770597624902591,0.15833905942042834,0.5312647023628166
congestion,28,shortest_path_pqc,0.5333333333333333,0.9166666666666666,0.11495243194991264,-0.6506463862517728,0.3656756523795298,0.23137313258882486,30.807709504919448,0.4339958497318343,0.20223691434894583,0.57739510230489
congestion,28,random,0.575,0.875,0.07040593826251064,-0.6714683666268888,0.3629881991505807,0.23416069263603126,41.07308162166371,0.39095461890840405,0.24900716273398737,0.6269913987807159
congestion,29,proposed_hybrid,0.48333333333333334,0.9583333333333334,0.07477940618118722,-0.722338315970233,0.36229475750059353,0.21827908868930537,38.19525197604813,0.29891858849767816,0.1481536566807684,0.6301452763923326
congestion,29,latency_first,0.4166666666666667,0.925,0.0014584053252182988,-0.8058529108851937,0.34522178207998977,0.2280466134708837,39.148394183184905,0.17990543560402816,0.17696510228705578,0.7114804101069633
congestion,29,pqc_trust,0.5666666666666667,0.975,0.05529667078195315,-0.7397204732976644,0.33804679822900074,0.20943811248047883,37.01461122017769,0.23623741680634205,0.12475219345563009,0.6483825069774514
congestion,29,qkd_priority,0.44166666666666665,0.9,0.04285081617166635,-0.7570231209557379,0.39780135270449557,0.22225048212129564,39.99418168997089,0.25987695553800316,0.17348418099835325,0.6642726941959424
congestion,29,max_margin_greedy,0.44166666666666665,0.9083333333333333,0.06832450518402251,-0.7253706638146544,0.38938818983148393,0.21770696034796633,39.78379431956022,0.28591711097806743,0.148166092461893,0.6358456587691838
congestion,29,shortest_path_pqc,0.39166666666666666,0.9166666666666666,-0.014026673645500502,-0.8248066593530866,0.3379275567315462,0.23090092401082102,40.07532373626212,0.15982940831320827,0.18810899227591085,0.7292530748853985
congestion,29,random,0.38333333333333336,0.8333333333333334,-0.039198602556190634,-0.8176513149700101,0.35963401066900536,0.21761289224104435,44.25594895802247,0.19077588302182882,0.2698053236593099,0.746963626019657
congestion,30,proposed_hybrid,0.5166666666666667,0.8833333333333333,0.08766131439850915,-0.6876616720998332,0.38306303618837956,0.23567815908826015,33.317353118879,0.40875818613188075,0.23202166516714462,0.6008409695283412
congestion,30,latency_first,0.5083333333333333,0.875,0.04577030268220916,-0.7289688666417554,0.3663624287469577,0.23113344291757737,29.968278011077963,0.3382708857305545,0.2459920496777135,0.643053650832557
congestion,30,pqc_trust,0.575,0.95,0.1141971112876208,-0.6626033330792295,0.32042771642373746,0.24217229433042528,34.448975817627236,0.47535584412987486,0.2451197326628974,0.579051578724774
congestion,30,qkd_priority,0.49166666666666664,0.8583333333333333,0.05837720033526576,-0.7232615491645374,0.41012496473434246,0.24329244993241547,36.796410777402585,0.3735781822247108,0.25588221380683634,0.6345999946110391
congestion,30,max_margin_greedy,0.4666666666666667,0.85,0.06975091203677578,-0.7304987578933632,0.37975472126748305,0.2374256884822956,41.863449790473794,0.3936593339917216,0.25303249520789944,0.6206592197225339
congestion,30,shortest_path_pqc,0.4583333333333333,0.875,0.03874589573305142,-0.7370939775333519,0.3720320983165697,0.23153612354102945,29.641736045031564,0.3289478537615134,0.25083112849326467,0.6504863364535488
congestion,30,random,0.49166666666666664,0.8666666666666667,0.01905367729749757,-0.7616487907537353,0.33472122615481126,0.23501391701783436,40.90943214362562,0.31028752430562684,0.27187285233486563,0.6743722444991883
trust_degradation,1,proposed_hybrid,0.5583333333333333,0.9666666666666667,0.12789667298840002,-0.6967216245751673,0.3817748593745538,0.3033778838510418,30.172313057229754,0.42202332335927134,0.16416712781814222,0.6128483290058943
trust_degradation,1,latency_first,0.5916666666666667,0.9833333333333333,0.10411578394579377,-0.7199168980350942,0.3418257328979013,0.3038791046208304,27.962676132560986,0.421321354695265,0.21141049996584205,0.6391067489217468
trust_degradation,1,pqc_trust,0.575,0.95,0.09573961497140733,-0.7228600613233003,0.3321340806325921,0.3121025171296283,32.4323480310645,0.3952705545566821,0.20224713727561894,0.6528578861916227
trust_degradation,1,qkd_priority,0.525,0.925,0.12153363871136998,-0.7013865773445445,0.42022026556546926,0.2985506612058816,32.02086060583443,0.4203475847937448,0.17532008739178914,0.613419328033308
trust_degradation,1,max_margin_greedy,0.525,0.9416666666666667,0.10545180763455336,-0.7287308987436186,0.3825185316328744,0.30946118092916297,31.979633201981382,0.3796596650652264,0.16705521418911073,0.6391137784867016
trust_degradation,1,shortest_path_pqc,0.5833333333333334,0.9833333333333333,0.10207367950230423,-0.7226037292065258,0.3408736872222163,0.3045042324446824,27.942539903482597,0.4160307676146062,0.21023705894060576,0.6416731419805151
trust_degradation,1,random,0.44166666666666665,0.8333333333333334,0.009138619223439988,-0.8008047717226918,0.35548621256572943,0.3039761386313295,37.84356264288769,0.2577445985622231,0.23931996303109412,0.7350305430202825
trust_degradation,2,proposed_hybrid,0.5166666666666667,0.8833333333333333,0.006182684681436941,-0.7855334909502352,0.28733244811149317,0.31307152552072487,37.00567943945848,0.2880400073342668,0.27557491725072464,0.720103796469862
trust_degradation,2,latency_first,0.43333333333333335,0.8916666666666667,-0.023990303771854803,-0.8274845876347461,0.2831751924839879,0.32835345300056934,33.56218039825253,0.27350087142508245,0.321868419352209,0.7608438985787627
trust_degradation,2,pqc_trust,0.5333333333333333,0.9083333333333333,-0.010703903322030502,-0.8161412196359986,0.23234966787801703,0.3248592594125289,36.54762688821373,0.24892719903054897,0.27050764927657817,0.7466167205220151
trust_degradation,2,qkd_priority,0.4583333333333333,0.875,-0.01581343946259566,-0.8148848138700214,0.2780399234178945,0.32215393612230087,38.08918220994725,0.2642124486069575,0.2960943830073519,0.7473990642434098
trust_degradation,2,max_margin_greedy,0.5,0.8833333333333333,0.01087960847585086,-0.7828832221830141,0.2929436636044482,0.3137942507493388,39.39130946351714,0.2970386410474722,0.2751039465397084,0.7150682998690008
trust_degradation,2,shortest_path_pqc,0.43333333333333335,0.8916666666666667,-0.023990303771854803,-0.8274845876347461,0.2831751924839879,0.32835345300056934,33.56218039825253,0.27350087142508245,0.321868419352209,0.7608438985787627
trust_degradation,2,random,0.475,0.875,-0.041540312366758,-0.8442134796063058,0.27040570310250445,0.3145548712817549,38.26000010087468,0.21202717001918114,0.2957777997908706,0.7718244783158454
trust_degradation,3,proposed_hybrid,0.7083333333333334,0.975,0.18267404109543114,-0.6381383274923664,0.43055493856053056,0.28653143879148396,32.6696074219762,0.46369125311467335,0.09539681542227178,0.5496234587316773
trust_degradation,3,latency_first,0.7083333333333334,0.95,0.14169620160773266,-0.6680806348249515,0.42563487952735385,0.2790478849434424,30.25963296872447,0.41244504894623885,0.1267672231241972,0.588996662340193
trust_degradation,3,pqc_trust,0.7166666666666667,0.9916666666666667,0.18672113353888373,-0.6374212140123742,0.4129612045066218,0.2901141276508795,33.198726027539266,0.46852734413911185,0.09207344587523335,0.5475609969568619
trust_degradation,3,qkd_priority,0.5916666666666667,0.8916666666666667,0.13229150854090707,-0.69343892680156,0.449014487851874,0.28708781586973353,33.45012194697031,0.3972412248477519,0.1305244737572134,0.600984459102223
trust_degradation,3,max_margin_greedy,0.7083333333333334,0.975,0.1862693825093702,-0.6386620836541079,0.4344903728775476,0.2882641326651528,34.01932293341174,0.4641287453493838,0.08858563545145996,0.5467239742997653
trust_degradation,3,shortest_path_pqc,0.6833333333333333,0.9666666666666667,0.14719393541375728,-0.6613926262624058,0.41928983926504754,0.27971402656518596,29.684721811576004,0.4243174750301019,0.12755550847010735,0.5839384478481487
trust_degradation,3,random,0.6583333333333333,0.9416666666666667,0.06860344525837932,-0.7541775446910457,0.3881457407808925,0.28428980587752156,39.57175685412452,0.3251514700706141,0.18683807237226868,0.6660098915128003
trust_degradation,4,proposed_hybrid,0.5916666666666667,0.9416666666666667,0.10671037612558684,-0.712896159943299,0.36677790996394866,0.30199344557980534,36.67502756698647,0.37978685849542687,0.1646449711454534,0.6229886587737753
trust_degradation,4,latency_first,0.6583333333333333,0.95,0.034040415110813876,-0.7809228369407294,0.3429928931952793,0.2987537339699814,31.33287220857625,0.25123953075702277,0.1826096615819948,0.6984978588509533
trust_degradation,4,pqc_trust,0.6583333333333333,0.9583333333333334,0.06732667037965724,-0.7557402580907405,0.32305101385437346,0.2981318198045055,36.835558953107004,0.30151744595119523,0.16577819115349912,0.6628097729467077
trust_degradation,4,qkd_priority,0.6,0.9416666666666667,0.09581479609866538,-0.7237118277124188,0.3764044801063612,0.30628536071137397,36.94337823632924,0.3812419632792399,0.18806697114483392,0.6361819942278965
trust_degradation,4,max_margin_greedy,0.6,0.95,0.10226430264007323,-0.721637191999875,0.36977177264961064,0.30322658086505105,37.761986247246334,0.3710944212379652,0.16491639172168862,0.628260375473919
trust_degradation,4,shortest_path_pqc,0.6416666666666667,0.95,0.0331785384083381,-0.7805072487786441,0.34116306759664144,0.29908828260010567,30.737618039761863,0.2508526077367218,0.18396039320378207,0.6999466634120584
trust_degradation,4,random,0.5833333333333334,0.9083333333333333,0.009129454062961177,-0.814049956388093,0.32358419070508065,0.2957470196096169,39.115566522390154,0.22482763394497265,0.2064214765599703,0.7223169570192491
trust_degradation,5,proposed_hybrid,0.5833333333333334,0.9583333333333334,0.10132890234739514,-0.7133511471044701,0.33927879627369767,0.29519231447401145,36.74420367236298,0.395808586255224,0.19151644442579832,0.6429624874605887
trust_degradation,5,latency_first,0.5666666666666667,0.975,0.09156466209154825,-0.7293285125959864,0.306312920722,0.2946739239708548,32.71872691757305,0.392945073639277,0.2083389000676071,0.6560624644305711
trust_degradation,5,pqc_trust,0.5666666666666667,0.975,0.10790344301589962,-0.7196595304893316,0.30891738397567065,0.29449857262920687,36.33459616640606,0.3831782288258166,0.16563096468085767,0.6368831172349549
trust_degradation,5,qkd_priority,0.55,0.9333333333333333,0.04165507819812032,-0.7859541948018361,0.3525130218806048,0.29772152229151294,39.250769028598306,0.3160192805171022,0.2320372680208919,0.7041703217219911
trust_degradation,5,max_margin_greedy,0.5416666666666666,0.9416666666666667,0.07936163857684583,-0.7494604258540858,0.35152626368385903,0.29625930423418756,39.05171820662535,0.3520015404890158,0.19199823690666526,0.6658278360766909
trust_degradation,5,shortest_path_pqc,0.5583333333333333,0.975,0.09003841754959883,-0.7308824971457609,0.30664815056625017,0.2949155305569029,32.67173660657637,0.39055506249512156,0.2090259948548013,0.6577683858019967
trust_degradation,5,random,0.5083333333333333,0.925,0.016280903186132553,-0.8091011165067612,0.302914184719939,0.2892102602274631,40.80458153073893,0.271803470031545,0.23897906844660036,0.7268107506333046
trust_degradation,6,proposed_hybrid,0.5416666666666666,0.9,0.09619498802725088,-0.7006532704977491,0.37260487428494193,0.2821687391738834,35.649707792352814,0.339269091495815,0.1453275833763576,0.6282635850015889
trust_degradation,6,latency_first,0.675,0.9833333333333333,0.1125800242431623,-0.6966884453530728,0.3567204300087924,0.27574533590107164,32.65121688204152,0.35019055193502197,0.1232146966060657,0.608124196487829
trust_degradation,6,pqc_trust,0.6416666666666667,0.9833333333333333,0.10905146082892939,-0.7102669868636627,0.3320689572438948,0.2842664747497205,34.49629420622487,0.3330334690224299,0.1131716528350723,0.6191315747738848
trust_degradation,6,qkd_priority,0.525,0.9,0.0826251567009671,-0.7199384139067332,0.38715845674345345,0.2846972576512845,37.57492585420835,0.33920306577131715,0.17262008855162536,0.6425852523762032
trust_degradation,6,max_margin_greedy,0.475,0.875,0.06284282642238136,-0.7447790724960087,0.36524480865281056,0.2866775836425958,40.2559616580155,0.2947933901160286,0.16809414329671135,0.6656762215868716
trust_degradation,6,shortest_path_pqc,0.6,0.9916666666666667,0.09740814511888457,-0.7104544994811248,0.34814384305878276,0.27233196337122056,31.09782889346626,0.3418149125103523,0.14542752315776247,0.6225477911311124
trust_degradation,6,random,0.65,0.975,0.066652320517028,-0.753199732983586,0.3240252698221796,0.28168642344954287,37.7844935643242,0.28517002059527014,0.15079034213352013,0.6600587857746855
trust_degradation,7,proposed_hybrid,0.575,0.85,0.10556078916710719,-0.6438961931374019,0.3923977056875331,0.2937671136797024,30.19746285891497,0.4494550101943995,0.23663083848652203,0.634709200783436
trust_degradation,7,latency_first,0.575,0.9583333333333334,0.10851344456012076,-0.6955093866304247,0.40986187677400476,0.2932907663408172,25.953119750329012,0.4024304030880906,0.18365329712010522,0.6309223670226134
trust_degradation,7,pqc_trust,0.5083333333333333,0.8333333333333334,0.11108448036574024,-0.6725755293929325,0.3678377184606087,0.2956608376335904,32.133827275057776,0.43038398233290515,0.20642333643423524,0.6331655259656205
trust_degradation,7,qkd_priority,0.5083333333333333,0.85,0.09093288175990935,-0.6822877245421999,0.44283241057280176,0.29580022682996643,30.9678250793585,0.40131188330578765,0.2179794604027446,0.6498334599414455
trust_degradation,7,max_margin_greedy,0.5583333333333333,0.8333333333333334,0.10443091062270897,-0.652357440205829,0.40088854315115835,0.2974162866704611,33.17850109192125,0.44204537342439937,0.23149918265280878,0.6381248013765334
trust_degradation,7,shortest_path_pqc,0.575,0.9583333333333334,0.10863563085916936,-0.6956681975982748,0.4095137006061617,0.2939566138636876,25.946460468602268,0.40267674643294665,0.18365329712010522,0.6310838838612206
trust_degradation,7,random,0.5416666666666666,0.9,0.0478332732176276,-0.7523128985598851,0.37203736388084846,0.2870071921638744,34.733533001857694,0.3375204439638941,0.2410823931219029,0.6905289554331195
trust_degradation,8,proposed_hybrid,0.5666666666666667,0.9833333333333333,0.048245331787817265,-0.7727420958689919,0.33619227085390835,0.29660557384800196,33.35591583142871,0.3095910214490128,0.21232220736067153,0.6857384908153604
trust_degradation,8,latency_first,0.525,0.9583333333333334,-0.009310504617019348,-0.8236047269250308,0.3250060512944822,0.2944869344415475,29.892361757440163,0.2584244716167815,0.277195650280127,0.7435348133847315
trust_degradation,8,pqc_trust,0.5416666666666666,0.975,0.041840046737632426,-0.7781318267689766,0.3308436283479555,0.2961652255740061,33.57340536781841,0.30226531966539816,0.21791038672662308,0.6924401099081483
trust_degradation,8,qkd_priority,0.475,0.9333333333333333,0.013281924916983573,-0.8089492481090653,0.35228373058258455,0.29848357586746677,34.022207343983524,0.25460121098141664,0.22782313655201425,0.7215732189067784
trust_degradation,8,max_margin_greedy,0.5583333333333333,0.975,0.04479012479645954,-0.7875075868353016,0.3429439903770175,0.294685660074966,36.32479419374519,0.30060112762087915,0.21029845666027527,0.6884629140844323
trust_degradation,8,shortest_path_pqc,0.4166666666666667,0.95,-0.04375003385522396,-0.8614448453715567,0.3173678145682601,0.2957493300818635,30.710301722917087,0.21825710105724783,0.30646281447503804,0.7796758565434556
trust_degradation,8,random,0.49166666666666664,0.9333333333333333,-0.03789132677205876,-0.8676913207823179,0.30128202303185664,0.29021852600425974,36.30646605448497,0.2156272722358171,0.29202107621174206,0.7724795104902201
trust_degradation,9,proposed_hybrid,0.5583333333333333,0.9666666666666667,0.15602309199694073,-0.660786548593647,0.3877907970907607,0.284816581898734,38.45566328740613,0.46314033571107344,0.1485776502333703,0.5695044960925315
trust_degradation,9,latency_first,0.525,0.9666666666666667,0.10403114893487828,-0.7097000352078027,0.3381391229107363,0.2891239089772281,33.80073461340479,0.4231850315840478,0.21344481195727708,0.6263667848239751
trust_degradation,9,pqc_trust,0.5666666666666667,0.975,0.15117449828290178,-0.6681610249950162,0.35395793044798723,0.28883586796125926,37.55302125828751,0.4629892536584956,0.15820195873329038,0.5784646395255686
trust_degradation,9,qkd_priority,0.525,0.95,0.13149817039260353,-0.6834484481073898,0.41768495376506265,0.2822427952544093,37.85495275343756,0.43104162022111114,0.16592434120376534,0.5906167207966573
trust_degradation,9,max_margin_greedy,0.5583333333333333,0.9666666666666667,0.1556551585524203,-0.6688056805779962,0.3918127806560715,0.2800945127987919,41.11811928424948,0.46102232812471805,0.14720144394645135,0.5675909485248862
trust_degradation,9,shortest_path_pqc,0.5416666666666666,0.9583333333333334,0.11349974892872454,-0.6934509678414826,0.3486993891908057,0.288979849070149,33.62885289681869,0.43372077003451087,0.20489063106530817,0.6158446926540708
trust_degradation,9,random,0.55,0.9583333333333334,0.1251143582610602,-0.7036813146927727,0.3652185562827517,0.283202740269118,41.4380479936048,0.4345153241886084,0.18226863414614827,0.6011013536099228
trust_degradation,10,proposed_hybrid,0.5333333333333333,0.9833333333333333,0.07737084645476197,-0.7457629597967362,0.3256849785341211,0.28606688898402943,31.646761908765892,0.3686752794610455,0.21268566967321897,0.6615421198471317
trust_degradation,10,latency_first,0.48333333333333334,0.975,0.01692593485507602,-0.8039721567790371,0.31183309004424387,0.28785588936384976,28.818957976054726,0.3102914990964848,0.27616663043705736,0.7264970990276163
trust_degradation,10,pqc_trust,0.575,0.9916666666666667,0.03552361712976761,-0.7928428418850697,0.2409999071066355,0.2805860932612341,32.44121257536195,0.28709088521956044,0.2154706893934161,0.7047384337756548
trust_degradation,10,qkd_priority,0.4166666666666667,0.95,0.02819028258315603,-0.7921063869593507,0.33954452428119475,0.29165912142138983,34.915253213878245,0.28022649906218217,0.22339125191872244,0.7130233191398949
trust_degradation,10,max_margin_greedy,0.375,0.9666666666666667,-0.0033221818406842106,-0.8400645801303278,0.2736824647610158,0.2886440285660784,39.45815092148588,0.2383379919405234,0.24503593919996738,0.7458058154321192
trust_degradation,10,shortest_path_pqc,0.45,0.9666666666666667,0.006791093824646744,-0.8133698267197405,0.3049154740145406,0.2886992947036926,28.917106265229343,0.30222977724756056,0.2885380558269018,0.7375964111124038
trust_degradation,10,random,0.4583333333333333,0.9583333333333334,-0.05246047188107402,-0.8833622513018381,0.24893267258855983,0.2873161429129869,39.866051749771835,0.1639133991543477,0.26968047955973884,0.795210287563872
trust_degradation,11,proposed_hybrid,0.575,0.95,0.07525081235202151,-0.7344949939458515,0.33371290067617065,0.2885423131889398,26.126603454154687,0.34354212053786487,0.19182677305395054,0.6691589259764783
trust_degradation,11,latency_first,0.575,0.9666666666666667,0.05026807318568765,-0.7669445367705713,0.33196496160512867,0.2987266657809537,25.095756022033544,0.3088143305294596,0.2074674087841216,0.6990811478377446
trust_degradation,11,pqc_trust,0.575,0.9666666666666667,0.0616886931792341,-0.7585039065515901,0.3072105079707174,0.2945202573835362,27.003923794704896,0.31921600782877935,0.19484364254806544,0.6864332532684495
trust_degradation,11,qkd_priority,0.5,0.8833333333333333,-0.013178419733121227,-0.8428140424303754,0.36687236577493004,0.2970739072979456,30.775196063216086,0.21278833207460948,0.2393577266978378,0.7611282905390702
trust_degradation,11,max_margin_greedy,0.5583333333333333,0.9416666666666667,0.06653841104871942,-0.74645295037004,0.3397673238119996,0.2843454755201689,27.320142980555094,0.33252427077587154,0.19837424850022756,0.6761132038446083
trust_degradation,11,shortest_path_pqc,0.575,0.9666666666666667,0.05011439214981388,-0.7670656007396686,0.33196496160512867,0.2997678792857727,25.092042729475292,0.30863839256505726,0.2076013116178519,0.6997033749507868
trust_degradation,11,random,0.425,0.825,-0.06800478282477805,-0.8699807462341455,0.3113356563352917,0.2988275457563628,35.34012371793546,0.177988509090215,0.31509492607565465,0.8169763006298957
trust_degradation,12,proposed_hybrid,0.5833333333333334,1.0,0.08081438431512661,-0.7598620614727573,0.2751664153410342,0.30168474185856964,29.06772589690549,0.3684223197922754,0.20549009335048796,0.6715422452170896
trust_degradation,12,latency_first,0.575,0.9916666666666667,0.06513653090616317,-0.7634927664349224,0.2522501351197237,0.299903144646362,22.83814231244691,0.3392255240140101,0.2079018729935199,0.6872664139115094
trust_degradation,12,pqc_trust,0.5833333333333334,0.9916666666666667,0.035864487991620723,-0.8010888551187857,0.21779181307889717,0.2991486429002493,28.762067312815088,0.2800009200413422,0.2076934845743649,0.7173174388664905
trust_degradation,12,qkd_priority,0.5666666666666667,0.9916666666666667,0.08291134864477986,-0.7482868608671431,0.27480447217905823,0.303062324879998,26.79299143811878,0.39434949569089045,0.22718951858447944,0.6700662628498362
trust_degradation,12,max_margin_greedy,0.5833333333333334,0.9916666666666667,0.08360030292234223,-0.7566636587250113,0.2695760127608259,0.2962228710217424,30.992114571218043,0.3807108346414047,0.21216183681410175,0.6663903862808999
trust_degradation,12,shortest_path_pqc,0.5416666666666666,0.9916666666666667,0.0569151549199238,-0.771737723262239,0.2442851199815826,0.30070364422336776,22.6776306900035,0.3274757070708198,0.21272741086129598,0.6961673790366859
trust_degradation,12,random,0.525,0.9833333333333333,-0.006123408774974702,-0.8525729192040927,0.23905777535414305,0.300406185377251,31.555834467369582,0.23931976705929195,0.25166534926690226,0.7582506258896866
trust_degradation,13,proposed_hybrid,0.55,0.9666666666666667,0.08362771312465121,-0.7404286109251895,0.36892616903210296,0.29180460605575204,33.50561600538639,0.31012121794661274,0.14151695761465466,0.6550119369647078
trust_degradation,13,latency_first,0.675,0.9916666666666667,0.09316532528697545,-0.7286298312862473,0.35473966671928875,0.2928273423730415,28.648310230390894,0.32851163017469814,0.1406783130638606,0.6486319323979395
trust_degradation,13,pqc_trust,0.675,0.9833333333333333,0.10626105202304031,-0.7153741139033233,0.3464371762536448,0.2921708531114641,30.628413657071345,0.3464153055744814,0.13217931359254528,0.6341791676232641
trust_degradation,13,qkd_priority,0.5333333333333333,0.9666666666666667,0.06401315721841845,-0.7644334567884512,0.3688881535297449,0.29542700075139394,35.0685082880285,0.2913119781489633,0.16225319343441003,0.6763109795109027
trust_degradation,13,max_margin_greedy,0.49166666666666664,0.9666666666666667,0.05389955054939053,-0.7852027596314931,0.35685709701126983,0.2932257252980701,38.49394055570229,0.26979802629779503,0.16112957760950766,0.685934959677026
trust_degradation,13,shortest_path_pqc,0.5666666666666667,0.9916666666666667,0.07601971280001955,-0.7441470066882975,0.3261456801212515,0.29435874184825095,26.978509347934217,0.3213534817495161,0.16808793174947667,0.667732519240412
trust_degradation,13,random,0.625,0.975,0.03655922941770106,-0.8027077279413763,0.32486213423448235,0.2911886200569927,36.58218751973202,0.22917391637529658,0.15546579254928636,0.7059455213715565
trust_degradation,14,proposed_hybrid,0.5083333333333333,0.9583333333333334,0.05203728136704281,-0.7810983442472461,0.32488551233209534,0.28660183201546313,36.27915550149314,0.3007432821227649,0.1958294083988883,0.6906527459807597
trust_degradation,14,latency_first,0.49166666666666664,0.95,0.015715926236284473,-0.8118110334175751,0.32351845083577746,0.2908914230581993,31.846811971391535,0.2653753086934832,0.23368997353968388,0.7296750007700389
trust_degradation,14,pqc_trust,0.5,0.9583333333333334,0.029335085649784876,-0.8050430689183653,0.29267393226500715,0.28656614421306126,36.25622089567165,0.2511630015092547,0.19201968366694647,0.7146488893941637
trust_degradation,14,qkd_priority,0.5,0.9583333333333334,0.01643398770471947,-0.8215991097040686,0.352383628740275,0.2956814246299293,37.604328118216316,0.2524969481351898,0.21936390840793274,0.7283097914402731
trust_degradation,14,max_margin_greedy,0.475,0.9416666666666667,0.042469932575756965,-0.7948120641604942,0.3224421508619032,0.28410133389068776,38.056290488874204,0.28020242731669476,0.19457756325266862,0.6998644776725025
trust_degradation,14,shortest_path_pqc,0.49166666666666664,0.95,0.01388096326265179,-0.8143767968602302,0.322725886502152,0.29140900050780066,31.842956574655098,0.2616757865692238,0.23368997353968388,0.7317428735959922
trust_degradation,14,random,0.49166666666666664,0.95,-0.00771358235564098,-0.8415380509198516,0.3008878676316094,0.28833638129942946,37.505576399238365,0.22326767276894546,0.23881925009886681,0.7523110366351029
trust_degradation,15,proposed_hybrid,0.5583333333333333,0.975,0.11031237745651887,-0.7097573306652156,0.2841124754413093,0.2861998706468209,32.19431689412336,0.4236571959800101,0.2012532091725124,0.6231440707529085
trust_degradation,15,latency_first,0.5583333333333333,0.975,0.08175228500724775,-0.7393700120921837,0.2875805444260475,0.29736415545512096,30.79005203040976,0.3735779946139839,0.208754839357436,0.6567861620568733
trust_degradation,15,pqc_trust,0.5583333333333333,0.975,0.10866733618250873,-0.7118075242090296,0.27706805253864636,0.29972724617542085,31.673617774846715,0.4215026664785538,0.2024152951428507,0.6308520213234774
trust_degradation,15,qkd_priority,0.5083333333333333,0.925,0.0507323908028182,-0.7798707168367465,0.33606560912990996,0.3090686766775899,34.27175134026812,0.3407306578464951,0.23844761187307129,0.6937371927583199
trust_degradation,15,max_margin_greedy,0.55,0.975,0.12467346854097687,-0.6963439466578277,0.29489475971358475,0.2836391637277861,33.118314869293805,0.45214297983852925,0.20078518036075335,0.606519667462759
trust_degradation,15,shortest_path_pqc,0.5333333333333333,0.975,0.08049712820968859,-0.7406384680833328,0.28586425221039374,0.2983291913959861,30.734101216787984,0.3724008732013366,0.21010827600438375,0.6584897818595105
trust_degradation,15,random,0.5083333333333333,0.95,0.04077089562509427,-0.7902858310854676,0.28730078784568663,0.29590800169454234,36.64767545944404,0.34682855280161135,0.2646291664606955,0.6987809141914151
trust_degradation,16,proposed_hybrid,0.5666666666666667,0.925,0.1531392485702483,-0.6487305787208217,0.363748229770477,0.30103178491326404,34.18741001306729,0.4988080863762119,0.19005960135555,0.5820472890700317
trust_degradation,16,latency_first,0.6,0.925,0.11517682187270828,-0.6884105355452392,0.35979978143846175,0.3045168334839274,28.188531842024314,0.43762580887162583,0.20541447445084304,0.6224978686033659
trust_degradation,16,pqc_trust,0.6083333333333333,0.9416666666666667,0.14158925760185612,-0.6580294568301732,0.3409088333958471,0.30380854697865917,32.59538616007549,0.4775423345867859,0.1920801216798179,0.5958689354303974
trust_degradation,16,qkd_priority,0.5416666666666666,0.9,0.13355472259628468,-0.6683917632054397,0.380029647042577,0.3082899799560558,33.80886781709935,0.4613932198330224,0.19212966621148073,0.6046850798863573
trust_degradation,16,max_margin_greedy,0.5583333333333333,0.9166666666666666,0.14309443778049127,-0.6626779445049916,0.36952945155534966,0.3017880399460725,35.577252427795806,0.47810678976590393,0.18960993940201024,0.5925001580729635
trust_degradation,16,shortest_path_pqc,0.55,0.925,0.10006918499905045,-0.7017690617853127,0.3511750465780399,0.30407646088337387,26.509207041513708,0.43064386891713324,0.2288914798061444,0.6380656999009559
trust_degradation,16,random,0.5666666666666667,0.9083333333333333,0.08646922022544506,-0.7141371246519639,0.33984035519096395,0.30214835797636924,35.26403362363253,0.40898220961036075,0.23464910431712468,0.6514749825351572
trust_degradation,17,proposed_hybrid,0.5833333333333334,0.975,0.13554845471860397,-0.6820591251696727,0.40957752518604884,0.29044691982877663,31.36660871890032,0.3722736015561357,0.09899042672024065,0.599412660196613
trust_degradation,17,latency_first,0.44166666666666665,0.975,0.022700772858092435,-0.7686466554174132,0.3608950571524969,0.2745379036179437,24.89067653735428,0.16153243625126573,0.1157647490373697,0.6974018072423244
trust_degradation,17,pqc_trust,0.5916666666666667,0.95,0.11891828384411299,-0.6808117788445537,0.3852093046823807,0.28963967909298793,32.61330238853736,0.37016447148303216,0.13040986695861082,0.6161354297037703
trust_degradation,17,qkd_priority,0.5,0.975,0.060575348345581044,-0.7439885564538263,0.39150244539008155,0.2813597782000313,28.833294696638735,0.24516655703833715,0.12303883859966569,0.6653404953298292
trust_degradation,17,max_margin_greedy,0.5833333333333334,0.975,0.1377041262176565,-0.6839806081902898,0.4082713072439363,0.29230654500285325,32.936683432784356,0.3764017394481199,0.09877245271897382,0.5985834734046959
trust_degradation,17,shortest_path_pqc,0.39166666666666666,0.975,0.012385089860340254,-0.7718329100804655,0.3287213699032537,0.27009851015278163,23.651193240271994,0.1447396381555469,0.11976969892098994,0.7037436821547158
trust_degradation,17,random,0.5583333333333333,0.9416666666666667,0.02995240497825176,-0.7789096673604494,0.3714436117656857,0.282677552779797,36.411456772940134,0.2398865920636389,0.1794986788010345,0.700424824403137
trust_degradation,18,proposed_hybrid,0.5833333333333334,1.0,0.13225676786682544,-0.7012540252589748,0.3933249388747374,0.30476813191350977,32.49143872059345,0.33978724401564087,0.0731405346067186,0.610641011050144
trust_degradation,18,latency_first,0.49166666666666664,0.9833333333333333,0.05585540063658912,-0.7726575666809689,0.3682149942423871,0.3080055761427232,31.065419721867563,0.20949023070006537,0.09687853586823252,0.6909108234195305
trust_degradation,18,pqc_trust,0.6,1.0,0.10249966577147124,-0.7354388175811218,0.3136848402213481,0.30572721157958754,33.00547352446734,0.3139976922882524,0.10734514032964104,0.6446061546468677
trust_degradation,18,qkd_priority,0.525,0.9833333333333333,0.10538710915974168,-0.7279813623241183,0.41790617154596554,0.3044818127205878,34.75705256442102,0.3094577020324619,0.09698369162975691,0.6369359364890526
trust_degradation,18,max_margin_greedy,0.55,1.0,0.12428313545857057,-0.7150104962279712,0.38648182643264367,0.3051488775917245,34.28868622100313,0.32247285486377075,0.07190201724568492,0.6195063355185668
trust_degradation,18,shortest_path_pqc,0.35833333333333334,0.9833333333333333,0.00754373974699218,-0.8227679754450324,0.34155966457875636,0.3105135394544549,30.383818585681624,0.13409151544337186,0.11888236272766182,0.7427653002948534
trust_degradation,18,random,0.525,0.9666666666666667,0.02994774849235485,-0.8037311477395899,0.3346243139718788,0.29831535917956814,37.8307706399993,0.21998525677456907,0.15960673158836977,0.7137995241190003
trust_degradation,19,proposed_hybrid,0.5666666666666667,0.9333333333333333,0.1020017957507912,-0.7029163895182212,0.3489726851381097,0.2941759311142793,28.721871773889976,0.4214015977132335,0.215752815957606,0.6420584072044926
trust_degradation,19,latency_first,0.4583333333333333,0.9333333333333333,-0.016345993355571763,-0.8455151152615051,0.3033922764289718,0.29730117203999945,30.011735891897104,0.25360013022641087,0.28655576199167654,0.7650808876130355
trust_degradation,19,pqc_trust,0.5583333333333333,0.925,0.09268927326976811,-0.7111935195734403,0.3401822844613627,0.2946429371002535,28.652031252732037,0.40760197249616903,0.2207284376780881,0.6520006924287698
trust_degradation,19,qkd_priority,0.5583333333333333,0.925,0.09121500071723491,-0.7107376341132529,0.3471170232241793,0.2955689825919267,29.1042882799709,0.4119909073064327,0.22808969618297514,0.6537721621472197
trust_degradation,19,max_margin_greedy,0.5666666666666667,0.925,0.10078971189597637,-0.701176495981672,0.35031513341137305,0.2951040016856414,29.354739734320948,0.4216675732319817,0.21846250892557764,0.6438658215190323
trust_degradation,19,shortest_path_pqc,0.4583333333333333,0.9333333333333333,-0.016345993355571763,-0.8455151152615051,0.3033922764289718,0.29730117203999945,30.011735891897104,0.25360013022641087,0.28655576199167654,0.7650808876130355
trust_degradation,19,random,0.5333333333333333,0.8916666666666667,-0.010908719507318228,-0.8094519747319581,0.30552819221269184,0.2894421090470073,33.79086863859519,0.2706295886797741,0.2926229747832383,0.7561646459109413
trust_degradation,20,proposed_hybrid,0.6166666666666667,0.8833333333333333,0.1256758683445914,-0.6412175049682132,0.46712220139339244,0.28708066513089003,36.69195079696178,0.37575955422785895,0.12238078740408605,0.597052215368247
trust_degradation,20,latency_first,0.675,0.95,0.09641515609217673,-0.7003293206573237,0.4250607070255147,0.288352726328421,33.384337390199896,0.338972512463323,0.1445871171161925,0.6307741134778698
trust_degradation,20,pqc_trust,0.6166666666666667,0.875,0.09997464879148463,-0.6613083168671805,0.4308229975567586,0.28800540017786874,36.30000636128435,0.3457657010108863,0.1442039090925705,0.6254512125893502
trust_degradation,20,qkd_priority,0.55,0.875,0.09092120879401339,-0.6889438544621155,0.49068839317998586,0.28911873682285644,38.6332554207501,0.3081168176478345,0.12480792895022692,0.6333981836091975
trust_degradation,20,max_margin_greedy,0.5666666666666667,0.8666666666666667,0.10196973805247665,-0.6757397119276717,0.4854425272386485,0.28687825229866365,40.087557519471005,0.32771863110595123,0.12213448180660318,0.6209820423588316
trust_degradation,20,shortest_path_pqc,0.625,0.9666666666666667,0.11103927180309965,-0.6850495759307664,0.39151750809842745,0.28880814630526763,30.413276713464654,0.4006968501801047,0.1768273505770812,0.6176508236188132
trust_degradation,20,random,0.5916666666666667,0.8916666666666667,0.02971093380068599,-0.7715417333056164,0.4278908945205663,0.28787237216853917,39.84141755347666,0.2379865899629577,0.1780855137518972,0.6990528248219382
trust_degradation,21,proposed_hybrid,0.5583333333333333,0.975,0.12762074809358143,-0.6683366689060833,0.3844392578760349,0.2913214928690513,28.997682758764512,0.41366059162139845,0.1563606962714359,0.579791195095095
trust_degradation,21,latency_first,0.65,0.975,0.12203173338266461,-0.6738436757464926,0.36656018784735667,0.2944493572154139,26.620225201504475,0.3994525888706873,0.15342086834112165,0.588498437387463
trust_degradation,21,pqc_trust,0.65,0.975,0.12601653758310796,-0.6734716338316595,0.3538526266138726,0.2917084078141267,29.086234002432633,0.40394818164254315,0.14988258167659974,0.5841611626385103
trust_degradation,21,qkd_priority,0.5833333333333334,0.975,0.1343673486288045,-0.6588284963625942,0.3990951932395094,0.29626985759580565,28.491666164369953,0.42717710305420437,0.1562751904961307,0.573811958604271
trust_degradation,21,max_margin_greedy,0.55,0.9583333333333334,0.10256562601839075,-0.7039126526616047,0.39486454488301753,0.29428652909572733,34.72896307461385,0.36660362673002833,0.15981809040262765,0.6076497789716683
trust_degradation,21,shortest_path_pqc,0.5333333333333333,0.975,0.09177021522812723,-0.7002589018388522,0.34455527833216004,0.28989120002758983,24.240428327350322,0.36394231430752794,0.1789217190895295,0.6183735842318435
trust_degradation,21,random,0.5666666666666667,0.9583333333333334,0.06430498169909481,-0.7477364492602142,0.3564123663518577,0.29363267578056995,33.186396739089204,0.32225020110647457,0.192603060584106,0.6495608398262629
trust_degradation,22,proposed_hybrid,0.5916666666666667,0.9666666666666667,0.12127958374214118,-0.6924699968831581,0.34996162834944367,0.28971575549571804,33.44519604456767,0.4799315808108536,0.23541629100814956,0.6097395988839995
trust_degradation,22,latency_first,0.5916666666666667,0.9833333333333333,0.06868772533617265,-0.7500089097086486,0.3240942370646204,0.29646536963156667,30.01084679320372,0.38109624423647603,0.24261292702645054,0.6688444358625523
trust_degradation,22,pqc_trust,0.6,0.9666666666666667,0.08401963667372386,-0.7347331004738322,0.28894173595857336,0.29802228162898625,34.63841150911696,0.4193704976284958,0.2499760688508267,0.6538546457746942
trust_degradation,22,qkd_priority,0.5833333333333334,0.95,0.09886514361642292,-0.7108826415685676,0.38421348711485687,0.2970081376590229,35.87663957895867,0.4415198016239356,0.2421949153005023,0.6347890771241338
trust_degradation,22,max_margin_greedy,0.575,0.95,0.10512519398984016,-0.7084615386092677,0.3634276836595844,0.2906172611956796,37.11476873462907,0.4492594465299579,0.23731349090528012,0.6262637870143191
trust_degradation,22,shortest_path_pqc,0.5416666666666666,0.9833333333333333,0.060141989566501214,-0.759055716237894,0.3204736264075637,0.2954794064919842,29.96359419994735,0.36829854303410176,0.24704453181131703,0.6772511203372369
trust_degradation,22,random,0.5666666666666667,0.95,0.014653432769088452,-0.8190579591019989,0.3183337065629931,0.297462942676631,39.45059220906585,0.2961369161554965,0.2665937049274956,0.7241205656663618
trust_degradation,23,proposed_hybrid,0.5833333333333334,0.975,0.1318531506368222,-0.6906196130433825,0.30964636954841446,0.2869425895241295,36.87531222412752,0.48262843337755884,0.21679546838396577,0.6070525074430797
trust_degradation,23,latency_first,0.5916666666666667,0.9833333333333333,0.1247993084028023,-0.6865829292781831,0.30760356045706394,0.2941484124091911,29.174498402834047,0.5346807538169727,0.2830692449403552,0.6159883145467795
trust_degradation,23,pqc_trust,0.575,0.975,0.1093035175172506,-0.7167289898487839,0.2894741795782815,0.2889583722308627,37.537297231006036,0.44848536998723243,0.22811537499277565,0.631089160162377
trust_degradation,23,qkd_priority,0.5916666666666667,0.9833333333333333,0.1267351654099081,-0.6853860511941547,0.3093427416216709,0.2943537902266549,29.665027590253924,0.5324010445612323,0.2768865981702885,0.6138746435684304
trust_degradation,23,max_margin_greedy,0.5833333333333334,0.975,0.12126306139585742,-0.7100716003469567,0.30665045279054,0.2833580228294121,39.854667446517105,0.4729571708875171,0.22847519226683685,0.616589188844596
trust_degradation,23,shortest_path_pqc,0.4,0.9833333333333333,0.033097617059927885,-0.7560283485329706,0.2096210306307587,0.27685074877242927,25.610938651339332,0.3710272082418604,0.30429814158878,0.6923902937994131
trust_degradation,23,random,0.5583333333333333,0.9833333333333333,0.037149594929763836,-0.8032003427704848,0.28113104012219353,0.2893302508428113,39.48170425954275,0.3285397717178697,0.25364139484334586,0.7046692958841162
trust_degradation,24,proposed_hybrid,0.5833333333333334,0.9666666666666667,0.1550664120237157,-0.6545659537692685,0.39280783124165086,0.27991468920418067,32.18830709476418,0.4514996297692416,0.13886573456013726,0.5657024993338939
trust_degradation,24,latency_first,0.6,0.9916666666666667,0.06944126233906393,-0.7457544031938229,0.31510787439594856,0.29169388207079194,27.198426663123406,0.3328899943266966,0.1928874492882612,0.662802656285618
trust_degradation,24,pqc_trust,0.5833333333333334,0.95,0.09701021998726579,-0.7183066647749977,0.2881241116633036,0.2980684937640112,35.24455331970574,0.41315857383728666,0.21757345289521854,0.640939567556246
trust_degradation,24,qkd_priority,0.5,0.9166666666666666,0.10663881570337626,-0.7156075020698981,0.42937498231667054,0.28813943430281175,32.83646760687879,0.34142955538369835,0.12643194307850428,0.6172178960526066
trust_degradation,24,max_margin_greedy,0.5833333333333334,0.975,0.14721730260856175,-0.6682155776273481,0.39002243234415385,0.28469181841471286,33.63084624803653,0.4346203120110818,0.13781123417123953,0.576432549754882
trust_degradation,24,shortest_path_pqc,0.5916666666666667,0.9916666666666667,0.06988199744944242,-0.7449666323434514,0.31276541698196103,0.29165736120668095,27.040980816745655,0.3346792246852957,0.19378810079529085,0.6623613600403435
trust_degradation,24,random,0.5916666666666667,0.975,0.07646346530931954,-0.749437512734358,0.33429539586197815,0.2907271599960962,35.89171727849232,0.3484365801721577,0.19427636785498123,0.6540202418784513
trust_degradation,25,proposed_hybrid,0.5333333333333333,0.875,0.01489388325201812,-0.7635285103630358,0.3542009362501531,0.30741487595994066,38.319245405511374,0.22498136894879542,0.19495337852133954,0.7032768619684749
trust_degradation,25,latency_first,0.5416666666666666,0.9333333333333333,-0.04851748409002218,-0.8569261298613647,0.23656492077288468,0.3115008485186579,33.12528122267401,0.10369368769314961,0.20151119593916209,0.7771558006766156
trust_degradation,25,pqc_trust,0.6083333333333333,0.9166666666666666,-0.018764860108407982,-0.8169830808098884,0.27859979175907434,0.3091173280176552,36.65847595497499,0.13621048230630042,0.17404286155712298,0.7425973336312109
trust_degradation,25,qkd_priority,0.525,0.8833333333333333,0.019904834130502844,-0.7574692796517263,0.36501751789815834,0.3070228169529596,36.956292457666,0.2319294053215412,0.1917986913487532,0.6981515449147045
trust_degradation,25,max_margin_greedy,0.525,0.8583333333333333,-0.0018382852464087385,-0.7835983848883098,0.3449946607474982,0.30910125047799125,41.647882214780815,0.20909076773644553,0.21279698799130187,0.7217710459102404
trust_degradation,25,shortest_path_pqc,0.35833333333333334,0.9333333333333333,-0.09145521815225906,-0.9069992378610469,0.18293304098011065,0.31465938900220586,32.771371450598686,0.04600995951487936,0.2303954799831436,0.8261152552141771
trust_degradation,25,random,0.5166666666666667,0.9,-0.04589801832291432,-0.8482353584650589,0.2704042205528425,0.30261806577385053,39.8541812302431,0.13139961425740904,0.22393594152134919,0.7677137331980333
trust_degradation,26,proposed_hybrid,0.5583333333333333,0.975,0.1113035566275002,-0.710032081640472,0.322248907272904,0.2843198975986179,37.67063566100854,0.4847060589619076,0.2603037270516249,0.6234305538571315
trust_degradation,26,latency_first,0.5666666666666667,0.975,0.06749968456662189,-0.7460306964693609,0.30246206457631963,0.3005751180769416,32.733804879932855,0.4117254324736848,0.2756373587506568,0.6766386762618689
trust_degradation,26,pqc_trust,0.5666666666666667,0.9833333333333333,0.08907072890638289,-0.7386943020223651,0.29129181502854523,0.29720090883157113,36.29068253222249,0.44144357070820134,0.2618654882356552,0.6555826832664547
trust_degradation,26,qkd_priority,0.5416666666666666,0.9666666666666667,0.0921842090234433,-0.7359548724690792,0.3386760592349233,0.29917611656448123,37.3017982889461,0.45496126837462875,0.2691060082467189,0.6503570491937957
trust_degradation,26,max_margin_greedy,0.5416666666666666,0.9666666666666667,0.10478072427007866,-0.7215676536654686,0.3256671704796222,0.29078897344958426,38.53655486540531,0.47240612532242304,0.2611546651004903,0.6340634343460453
trust_degradation,26,shortest_path_pqc,0.5666666666666667,0.975,0.06749968456662189,-0.7460306964693609,0.30246206457631963,0.3005751180769416,32.733804879932855,0.4117254324736848,0.2756373587506568,0.6766386762618689
trust_degradation,26,random,0.5583333333333333,0.9666666666666667,0.05742051840874519,-0.7727512582501487,0.3011418579664819,0.2902219507986395,40.276569683005434,0.3923554958250859,0.27658832161390606,0.6823634843044465
trust_degradation,27,proposed_hybrid,0.7333333333333333,1.0,0.2060900087589129,-0.6177871484249605,0.3937069951334457,0.26679509850819005,37.753203524997296,0.49373060145260766,0.07822655153544453,0.5160576634899645
trust_degradation,27,latency_first,0.7666666666666667,0.9916666666666667,0.1771243082090401,-0.6386443940902407,0.3798281972758419,0.27020986669180647,34.44941400401447,0.4826619607952929,0.12555650069642174,0.5477059684500796
trust_degradation,27,pqc_trust,0.7666666666666667,1.0,0.18848724962965668,-0.638539083418588,0.36263209002199087,0.2703667921772628,37.708367477706034,0.46321353762078427,0.08319892143196038,0.5373723689497996
trust_degradation,27,qkd_priority,0.725,0.9916666666666667,0.19592797867990344,-0.6314919884334378,0.4114340655820696,0.2750278998924988,38.38257298796962,0.48412322242331546,0.08910713637512307,0.52998469199518
trust_degradation,27,max_margin_greedy,0.725,0.9916666666666667,0.19658640258727425,-0.632741768653686,0.39887029195027796,0.26235467173904603,41.38464785406616,0.4772404799304452,0.08089692632706967,0.5236978053903802
trust_degradation,27,shortest_path_pqc,0.6166666666666667,1.0,0.15552740280936994,-0.6553613266852192,0.3539620770665491,0.26269533641174964,31.15813665875859,0.48705341540256314,0.17349010328689796,0.5666149353629572
trust_degradation,27,random,0.7333333333333333,0.9833333333333333,0.12542329129599444,-0.708897671829634,0.3586013616241233,0.2716533386702081,42.61213620693395,0.3776930050428586,0.12482346613964394,0.6027581092234816
trust_degradation,28,proposed_hybrid,0.5916666666666667,0.9666666666666667,0.17492511270122257,-0.6194391361323129,0.37478359903969327,0.2892628524382434,31.309376350428796,0.4913301154649831,0.13865851727703443,0.5408467693789918
trust_degradation,28,latency_first,0.6166666666666667,0.9666666666666667,0.15633858001900441,-0.6355760098267155,0.33284125638020323,0.2985458901765194,27.866691467571048,0.4943004778564455,0.17910172781813016,0.5659529390752313
trust_degradation,28,pqc_trust,0.6166666666666667,0.975,0.1599906848715858,-0.6429023082365133,0.31986807434596465,0.3022464829072914,29.149887809341433,0.4845183290630229,0.1619564644025677,0.5658128977746839
trust_degradation,28,qkd_priority,0.5916666666666667,0.9666666666666667,0.1714914103223792,-0.6269498623448931,0.3857309354132258,0.29946458963830735,32.456466936117145,0.4947438201988262,0.14899500906499716,0.5485681961745952
trust_degradation,28,max_margin_greedy,0.5833333333333334,0.9666666666666667,0.17584893151637465,-0.6239273658839403,0.37684211336027384,0.2847541928559905,33.20384602339574,0.492918707595363,0.13838457147363983,0.5379032800672513
trust_degradation,28,shortest_path_pqc,0.5916666666666667,0.9666666666666667,0.15033476084175781,-0.6404456076571283,0.323950537624245,0.29819624735266453,26.856967928397566,0.4902527143346532,0.18715843844401245,0.5722807329481072
trust_degradation,28,random,0.5916666666666667,0.95,0.040810744792399205,-0.7782761858005017,0.31456779209289276,0.3004300889042965,37.25896459924266,0.34901309398698244,0.2667333665829518,0.6889192761626887
trust_degradation,29,proposed_hybrid,0.5666666666666667,1.0,0.12185823127033789,-0.7007473099457567,0.3502276387720768,0.2835826903509054,30.750616559061598,0.35631376449375557,0.1106318466100098,0.6116964467630706
trust_degradation,29,latency_first,0.5666666666666667,0.9916666666666667,0.05975424351873257,-0.7631706842692764,0.3148195702177843,0.28647389959218317,28.526093934103923,0.2830622252289774,0.16258996007024237,0.6797896064349781
trust_degradation,29,pqc_trust,0.575,1.0,0.08013436040277461,-0.7443251463729703,0.3065611724403832,0.2781543563487065,30.899977144330002,0.2618252854751838,0.10026407498571888,0.6543151783709084
trust_degradation,29,qkd_priority,0.5333333333333333,0.9916666666666667,0.09518333934792747,-0.7287680285651446,0.35135391969431934,0.2880014299629898,32.12537412693361,0.32508606761825304,0.13318417377162511,0.6411832828877999
trust_degradation,29,max_margin_greedy,0.5416666666666666,1.0,0.11407367188754011,-0.7167910080196028,0.3550135756357902,0.28365824728881855,34.03642946548113,0.34280465780223496,0.11281741609348472,0.6195150067679293
trust_degradation,29,shortest_path_pqc,0.55,0.9916666666666667,0.053782686728303435,-0.7688790991668928,0.31458177534346154,0.28681448041024293,28.29497039996953,0.2715446597565742,0.16311182361080112,0.686149024156236
trust_degradation,29,random,0.48333333333333334,0.9583333333333334,0.0014678110794279322,-0.8243199509746577,0.3034638723818942,0.2827098266679039,36.1284809550318,0.23640064567103133,0.23344134913992662,0.7359921112414789
trust_degradation,30,proposed_hybrid,0.5833333333333334,0.9583333333333334,0.12585899148518606,-0.6746985896270314,0.3428215861911718,0.30370007988841474,28.77376596375383,0.4577565766429658,0.20400860993896167,0.5929222163329905
trust_degradation,30,latency_first,0.5916666666666667,0.9666666666666667,0.06592036120236693,-0.7283610334805501,0.30322556181824595,0.2943515745584873,24.514921648332088,0.3732666596362952,0.2403627055992651,0.6525127089086921
trust_degradation,30,pqc_trust,0.5916666666666667,0.9666666666666667,0.1361193741382424,-0.6659092761733795,0.2996228716616003,0.30665308849358563,29.187927691863635,0.4885531564462739,0.21411893439336585,0.5858017198665267
trust_degradation,30,qkd_priority,0.5416666666666666,0.9166666666666666,0.09553926360660707,-0.7112635357083545,0.35827848419132935,0.307911359169004,31.84636715219031,0.43164404333235096,0.23902456025451416,0.6263623430635805
trust_degradation,30,max_margin_greedy,0.5583333333333333,0.95,0.10241736140184043,-0.7140786225702141,0.3403813593290845,0.3065200618476012,35.5155937014653,0.4292551185815554,0.22276850285203845,0.6189883121334007
trust_degradation,30,shortest_path_pqc,0.5833333333333334,0.9666666666666667,0.06097414033050035,-0.732046933050769,0.3027939915201099,0.29345062455707327,24.447470357386837,0.3675976110054923,0.24466587646819318,0.6571903105923348
trust_degradation,30,random,0.5666666666666667,0.95,0.0547966179893944,-0.7632778334147441,0.30215599857595427,0.2989115280944391,34.62831323497151,0.3590950939296505,0.248618041531678,0.6665812763100353
link_noise,1,proposed_hybrid,0.18333333333333332,0.925,-0.13563723560021562,-0.9654507059231495,0.08356807973773489,0.28235934466444806,31.150416928693165,0.037498101558411295,0.3109602701072331,0.8932620650898516
link_noise,1,latency_first,0.25,0.95,-0.13789347278985017,-0.969267409281504,0.0757894991901751,0.2876828361924041,29.34680117885551,0.038303692698689176,0.31631472654919357,0.8985269361338908
link_noise,1,pqc_trust,0.21666666666666667,0.9166666666666666,-0.1422037327448016,-0.9783418939660039,0.06710419928996965,0.2990352359287002,33.55205756902809,0.028279816707818095,0.31498089079007946,0.9106088278831102
link_noise,1,qkd_priority,0.24166666666666667,0.8583333333333333,-0.14688603190662544,-0.9562471312305666,0.1401512486687739,0.28160034948193563,30.644155963961254,0.050551074345195096,0.3466922677053271,0.9021976741776867
link_noise,1,max_margin_greedy,0.14166666666666666,0.8416666666666667,-0.16257108350125957,-0.9854305961470669,0.06892302881551962,0.29365616772255915,35.72558897424697,0.025670185725261734,0.3534344669778011,0.9288209945113852
link_noise,1,shortest_path_pqc,0.14166666666666666,0.9583333333333334,-0.1544405269822587,-0.9896507881970168,0.04323636556125422,0.29339548913769825,28.431373401792936,0.021253474398901545,0.3326255046050683,0.9190609346230431
link_noise,1,random,0.14166666666666666,0.8416666666666667,-0.189693619737131,-1.0177705937260604,0.06860743779253481,0.29408262873707947,37.458303030633644,0.020323903569744742,0.4027707175558959,0.9560314148332311
link_noise,2,proposed_hybrid,0.275,0.825,-0.10131118586099998,-0.8870567567577793,0.1394292927065773,0.3123764531280387,35.59762448798728,0.15013886908456972,0.35439529219142457,0.8433112202500047
link_noise,2,latency_first,0.2916666666666667,0.825,-0.12334378526407729,-0.9083757545544583,0.15370095068768608,0.326595997332923,32.5096578958289,0.13736337755438968,0.3860403639739003,0.8739532531914345
link_noise,2,pqc_trust,0.3,0.85,-0.09883826443870478,-0.9024547608573616,0.1306714863910572,0.3199560760933616,36.68886442519997,0.13939331809067082,0.33866401252354333,0.844704992979289
link_noise,2,qkd_priority,0.2916666666666667,0.825,-0.1215807358603971,-0.9074913682173185,0.1557276354253948,0.3255185518791556,32.613698959819054,0.13767139726765135,0.38279384859909715,0.8715405700467272
link_noise,2,max_margin_greedy,0.3,0.85,-0.08837387103656476,-0.889631785449981,0.1420484230549634,0.3189838879742366,37.45100554723805,0.1607086610373979,0.3388817881272462,0.8326736114018487
link_noise,2,shortest_path_pqc,0.2916666666666667,0.825,-0.12334378526407729,-0.9083757545544583,0.15370095068768608,0.326595997332923,32.5096578958289,0.13736337755438968,0.3860403639739003,0.8739532531914345
link_noise,2,random,0.25833333333333336,0.8166666666666667,-0.15588513477867677,-0.9616151847909982,0.11039236209492191,0.31779100979306263,39.52291880851081,0.09048123538476742,0.40476578130951896,0.9050931711978699
link_noise,3,proposed_hybrid,0.39166666666666666,0.9583333333333334,-0.03309993213952487,-0.8624284660400534,0.18733296187391377,0.26990731172157456,31.91775398520885,0.16532772090812572,0.23206145506039363,0.7824329576993908
link_noise,3,latency_first,0.4166666666666667,0.95,-0.04119279094306172,-0.8573411973035253,0.18400878005430002,0.2643825316418402,30.42758594824235,0.17629505628673106,0.25934503802677483,0.7879820481942384
link_noise,3,pqc_trust,0.35,0.9583333333333334,-0.04736273131305848,-0.8860260010896789,0.17000435101628136,0.27962578726174186,33.17893414843454,0.151002962375911,0.24649234002320633,0.8031566098934328
link_noise,3,qkd_priority,0.4083333333333333,0.95,-0.04095019315926694,-0.8571078256461053,0.1869508745734967,0.27282228825196,30.62446705778831,0.17996263312065344,0.26252350642562716,0.791252089438368
link_noise,3,max_margin_greedy,0.3416666666666667,0.9333333333333333,-0.04775438036485848,-0.8845716136758837,0.1913520029182254,0.27588854111156874,34.427208339158575,0.14239586978164562,0.23867486245273128,0.8010234411638689
link_noise,3,shortest_path_pqc,0.3333333333333333,0.9333333333333333,-0.06314846111435919,-0.8776786232521372,0.17482603792722504,0.2674334979518297,30.23690823251776,0.15704017960743202,0.2843556254025111,0.8119738809153925
link_noise,3,random,0.31666666666666665,0.9166666666666666,-0.10426695266599033,-0.9322702042871251,0.14947540827128833,0.27282768627601234,38.6046638869879,0.11559441982577694,0.32581005020075743,0.8569432477536908
link_noise,4,proposed_hybrid,0.25833333333333336,0.95,-0.11831736830201058,-0.960784054365875,0.10033787075234005,0.28534246001218816,37.36566237774114,0.05444395486773599,0.29298703612178956,0.8636957693514425
link_noise,4,latency_first,0.325,0.9583333333333334,-0.13070415823018042,-0.9654465682101705,0.10128456410112528,0.29122216230757464,33.53006721206002,0.0469732046191041,0.3104896526638227,0.877809317347013
link_noise,4,pqc_trust,0.26666666666666666,0.95,-0.12790658501665592,-0.9766776233693414,0.0795304022902422,0.29742665568276877,38.83924603673179,0.04708995905754024,0.3049661385266046,0.8801639596375359
link_noise,4,qkd_priority,0.325,0.9583333333333334,-0.12321778214514531,-0.9602080723758164,0.11350208974178505,0.30008011438728277,33.876149053714244,0.06276726621888488,0.3111902140921618,0.8740989307947592
link_noise,4,max_margin_greedy,0.25833333333333336,0.9416666666666667,-0.12485305799923745,-0.9733803447596795,0.10470402607597336,0.29415984317514376,40.360111872081674,0.05380391625030151,0.3055237912487641,0.8749446513172549
link_noise,4,shortest_path_pqc,0.08333333333333333,0.9416666666666667,-0.17416532749645908,-1.0048600586009213,0.054216459459952855,0.29347211886855806,31.56119525542301,0.009448501094745461,0.36058827427309037,0.9270110580181167
link_noise,4,random,0.26666666666666666,0.9083333333333333,-0.148450722894352,-0.9885414974857876,0.08183810790214828,0.2928817748275643,40.29766157183459,0.047757642217384044,0.347053454504384,0.8996641391153624
link_noise,5,proposed_hybrid,0.24166666666666667,0.95,-0.12432523454993764,-0.9601133338553735,0.05042727403085035,0.2817642984712805,36.730334196951105,0.03570739694025618,0.28636311175867885,0.8808102260444384
link_noise,5,latency_first,0.275,0.95,-0.13528283345733896,-0.9664375960030852,0.05209079023155816,0.28457163198926405,33.90925612112578,0.03304132866819565,0.3057889767676694,0.8959757048299763
link_noise,5,pqc_trust,0.25833333333333336,0.95,-0.12621893795817646,-0.9624724955542022,0.04183013838817925,0.283298310494555,36.57714323790902,0.027572869891821717,0.28204653513008066,0.8837889323254712
link_noise,5,qkd_priority,0.275,0.95,-0.1241380777469934,-0.9554528128610341,0.06419283310009807,0.2833095029653696,34.633530673620285,0.04205392407460342,0.2923323066290256,0.8834300794632587
link_noise,5,max_margin_greedy,0.225,0.9416666666666667,-0.1340364815793621,-0.9753781866514366,0.0436814126666188,0.2809484857243631,38.8712101312401,0.0305557914349594,0.30079063332883454,0.8900056802982649
link_noise,5,shortest_path_pqc,0.15,0.9416666666666667,-0.1487215216854005,-0.9787408879641374,0.033000415616929464,0.28646856478619304,33.5031058192563,0.021585041873881994,0.3214268194654153,0.9115107435907303
link_noise,5,random,0.18333333333333332,0.9083333333333333,-0.16495942073730982,-0.9977636442592412,0.03593409719182397,0.27827041663170843,39.88996718969319,0.018398071176234033,0.3509775484691973,0.9213250380274803
link_noise,6,proposed_hybrid,0.3,0.95,-0.028045576942598172,-0.8396221983583588,0.13964149953537314,0.253136183700543,32.76226731416179,0.20363680765296166,0.2601803095533612,0.7623511742361118
link_noise,6,latency_first,0.30833333333333335,0.9666666666666667,-0.04389342345238128,-0.8624094577506909,0.14173831076367446,0.25863962997561996,32.26009338729996,0.19558477768790336,0.2840795830354463,0.7819455917958859
link_noise,6,pqc_trust,0.25833333333333336,0.9416666666666667,-0.05074065883074109,-0.8685542456730433,0.12676181465261102,0.26201354141683275,34.27167477523309,0.18435507145786686,0.28665478684242546,0.7914039204588835
link_noise,6,qkd_priority,0.31666666666666665,0.9666666666666667,-0.04205208049514531,-0.8600893886703929,0.14386001577101143,0.2603694618360104,32.38555295918476,0.19813281962680027,0.2829152399799158,0.7806428222329398
link_noise,6,max_margin_greedy,0.24166666666666667,0.9416666666666667,-0.051887001621597345,-0.8712567884983079,0.1308042534332245,0.2559098991896768,34.88130660772516,0.19076922308527436,0.29538011345139803,0.7895744151052604
link_noise,6,shortest_path_pqc,0.2916666666666667,0.9666666666666667,-0.04662279069957287,-0.8653979634984938,0.13806364059855405,0.25947790293978873,32.125942055502776,0.19311166069145924,0.2871092225857594,0.785424720187672
link_noise,6,random,0.26666666666666666,0.9416666666666667,-0.08043808523115877,-0.9113772371331972,0.12427676644998324,0.26450386594320335,38.3600077650956,0.16508284182617874,0.3272564007599666,0.823673256237097
link_noise,7,proposed_hybrid,0.35833333333333334,0.8416666666666667,-0.1095979221929155,-0.9094039184963225,0.1490668956135241,0.2729128398143193,31.523209195829892,0.08237121149425666,0.303334764302554,0.8636225024602119
link_noise,7,latency_first,0.2833333333333333,0.9166666666666666,-0.14005129066544267,-0.9581580147093924,0.10865533944493189,0.284088821648929,26.709280449496124,0.05896648593366957,0.3413279590494815,0.8986120306245982
link_noise,7,pqc_trust,0.30833333333333335,0.85,-0.12477157698610447,-0.9403168235968363,0.11605736399618798,0.2851619153141834,32.254427906674735,0.06107055241083062,0.312626151173138,0.8870807271220316
link_noise,7,qkd_priority,0.3,0.9166666666666666,-0.11622292797395327,-0.9354096804827252,0.13826932522525676,0.2838713550944861,27.792765011904983,0.07536525621862866,0.30968567552095383,0.8735149930167662
link_noise,7,max_margin_greedy,0.31666666666666665,0.8333333333333334,-0.11796734734138693,-0.9321052410539477,0.15095626051236255,0.2784817358120444,33.89907643946916,0.07229778357511107,0.3101351774085525,0.8763081634501172
link_noise,7,shortest_path_pqc,0.24166666666666667,0.9166666666666666,-0.14634039379954553,-0.9650889369760791,0.10095767884272222,0.2848587862815138,26.48103039083325,0.05593655710703541,0.35097767363837723,0.9056599261178555
link_noise,7,random,0.275,0.85,-0.16378664603776563,-0.9746803248589518,0.10850535689436308,0.2754840446839045,34.02623816402554,0.04964627581798442,0.37986128799089897,0.9203068893234987
link_noise,8,proposed_hybrid,0.23333333333333334,0.9666666666666667,-0.08133619843075826,-0.9151125578608827,0.09999371764275009,0.27315594044416686,33.32160768729862,0.18440292351797946,0.348387194547734,0.829297999447118
link_noise,8,latency_first,0.225,0.9416666666666667,-0.12200844288775528,-0.9511717346834115,0.10941770071191256,0.28421166388470814,32.09752262082041,0.1832737449071289,0.42925850879373223,0.8768937263730389
link_noise,8,pqc_trust,0.225,0.9666666666666667,-0.08517289655452837,-0.9222375744522364,0.09961360487662857,0.28406995720666617,33.640030466700885,0.18438819792814312,0.3561077474332406,0.8383186102836611
link_noise,8,qkd_priority,0.225,0.95,-0.11551816793380448,-0.9459499347328134,0.10941770071191256,0.2838568621933009,32.08400381342466,0.1832737449071289,0.41617327703173473,0.8695293497246959
link_noise,8,max_margin_greedy,0.23333333333333334,0.9583333333333334,-0.08946564775523175,-0.9372496193351075,0.10742165840778481,0.27534505907943874,36.95280428886221,0.1760363196512856,0.3564106094803819,0.8392686740988675
link_noise,8,shortest_path_pqc,0.19166666666666668,0.9333333333333333,-0.12909759402159432,-0.9590095042875605,0.11011324852698993,0.28536121007942156,32.66675327200453,0.18282413266848807,0.44310153997008955,0.8848970992547145
link_noise,8,random,0.23333333333333334,0.8916666666666667,-0.12858828436600955,-0.9565606138291547,0.10478861200139863,0.27718320391836154,38.460863088621906,0.1716557629104235,0.4309063362289911,0.8808198512379015
link_noise,9,proposed_hybrid,0.4583333333333333,0.95,0.0209913203132158,-0.8015958506395006,0.21337961678400408,0.26461290078961525,36.51223297860268,0.2751441434400519,0.23282293313114907,0.7215335865208033
link_noise,9,latency_first,0.44166666666666665,0.95,0.022405619218620283,-0.7975406812869421,0.22287868881597295,0.2699738736271675,33.83587403949906,0.29930099563358475,0.25412837624120516,0.7228662931851981
link_noise,9,pqc_trust,0.5166666666666667,0.9583333333333334,0.024023022298430594,-0.8031337889619069,0.20834791206079448,0.26973086942512303,37.07557582756837,0.2559029850274647,0.20746947232901594,0.7207359828496985
link_noise,9,qkd_priority,0.4166666666666667,0.9333333333333333,-0.012397335929404276,-0.8406182885718089,0.20761037206926247,0.2719157741781649,35.79170964245753,0.2448568418409501,0.2698514707308781,0.7621441193968345
link_noise,9,max_margin_greedy,0.425,0.95,0.006261347416193834,-0.8244585492451934,0.22037743883472996,0.2638864723280992,38.914757863391536,0.24655514474444665,0.23393146043760427,0.736204150995885
link_noise,9,shortest_path_pqc,0.44166666666666665,0.9416666666666667,0.023196571292973905,-0.7917772096938472,0.22624316674659234,0.2700532110280972,33.75374982989167,0.30086648836993385,0.2540992075373252,0.7215276831023736
link_noise,9,random,0.44166666666666665,0.9333333333333333,-0.03417008997005695,-0.8705905229590226,0.19356499494656046,0.26398865405975597,41.01525519944802,0.18884253537626197,0.25773384579976394,0.7757864508757447
link_noise,10,proposed_hybrid,0.2916666666666667,0.95,-0.10749068627194469,-0.9391188064689117,0.10047172698789623,0.27929619488699764,31.949065501838685,0.06975886501798718,0.2864739583081983,0.858345177448621
link_noise,10,latency_first,0.26666666666666666,0.9583333333333334,-0.14898609051908954,-0.978311114351909,0.09712226588599829,0.28297233862995885,29.341956916757912,0.05133755066342541,0.35171273316158985,0.9030456724469134
link_noise,10,pqc_trust,0.30833333333333335,0.9583333333333334,-0.10469248277237891,-0.9410263871416149,0.08601057457595082,0.279730346317704,32.50259071127289,0.0683482726189291,0.27942182659549947,0.8565917729317238
link_noise,10,qkd_priority,0.26666666666666666,0.9666666666666667,-0.13661420288977263,-0.9665858635103368,0.1026320943310608,0.28092754941744535,28.894047556281578,0.05373920176079352,0.32917106242565763,0.8894719535834925
link_noise,10,max_margin_greedy,0.24166666666666667,0.95,-0.12875505984957483,-0.9752093518440068,0.07931616545392946,0.2787712347657962,37.145788679876866,0.048902353007771515,0.30848916722062397,0.8807560389409633
link_noise,10,shortest_path_pqc,0.25833333333333336,0.95,-0.15108620989791818,-0.9789565996646916,0.09433522890736502,0.28320303401185265,29.555824994850678,0.05011841091717139,0.35472770506620005,0.9054404517798239
link_noise,10,random,0.23333333333333334,0.925,-0.1663133570326566,-1.0067123511854932,0.06897514270864025,0.2843226260414414,38.46373982678096,0.03660711382237137,0.37191630138821136,0.9208199692028657
link_noise,11,proposed_hybrid,0.21666666666666667,0.8833333333333333,-0.11070594739878317,-0.9294377755071529,0.16688942355445302,0.26332185321481283,28.410408282434506,0.06144774481815768,0.2846452194124786,0.8658119661636177
link_noise,11,latency_first,0.21666666666666667,0.925,-0.12437974061681789,-0.9551126100384607,0.14250192483741342,0.2843937309552617,25.716542558042086,0.045546801736322445,0.2963124078186166,0.89093665095982
link_noise,11,pqc_trust,0.225,0.9166666666666666,-0.108768925532091,-0.936532300172813,0.13194301750686616,0.28100049120716974,27.39826564469854,0.053174213155057486,0.2724664017278216,0.8740740234160204
link_noise,11,qkd_priority,0.175,0.8833333333333333,-0.12019566757593973,-0.9543608933962707,0.18471032112140218,0.27657412839786927,28.731692693168227,0.049635049469962327,0.2919650244214537,0.8812840668290202
link_noise,11,max_margin_greedy,0.21666666666666667,0.875,-0.10848106293447403,-0.9319393345288176,0.17455104330444693,0.26471724099798444,29.757265344001606,0.06276725327955252,0.28147907371195985,0.8647100928251814
link_noise,11,shortest_path_pqc,0.2,0.9333333333333333,-0.12763531195653013,-0.960202587606112,0.13444074519001697,0.28648854389694167,25.65882139857319,0.04385980808296671,0.30118906605984197,0.8954233784807253
link_noise,11,random,0.13333333333333333,0.7833333333333333,-0.20555603655983207,-1.0250966531527197,0.12925595227293193,0.2899654067612853,35.82060513068102,0.028146097492276322,0.4425735905564539,0.9754336138075421
link_noise,12,proposed_hybrid,0.21666666666666667,0.9833333333333333,-0.10281132039842769,-0.9573503396943078,0.046374177495017814,0.2868164913431092,29.637782994993643,0.03784672427041007,0.2451276121704659,0.8732025950371128
link_noise,12,latency_first,0.275,0.9916666666666667,-0.10145127769687415,-0.9515773273001545,0.05088461004694313,0.29621663465382964,24.560911825449004,0.03774344156083643,0.24228230788517946,0.8769714358287907
link_noise,12,pqc_trust,0.21666666666666667,0.975,-0.10409246878130579,-0.9573757665468672,0.03832806780263017,0.29218876033473185,29.33945005947532,0.030042326822473816,0.23990617517188065,0.878539542981284
link_noise,12,qkd_priority,0.2833333333333333,0.9916666666666667,-0.08786669579597997,-0.9407797561299898,0.06655602866731535,0.3066261333952941,25.071969750467165,0.06475924850106321,0.24190984486392608,0.8676733633233518
link_noise,12,max_margin_greedy,0.18333333333333332,0.975,-0.1092374726166856,-0.9644599634337044,0.043108522529576615,0.28526078980917097,31.184401789768387,0.029364294759199387,0.24960113471219456,0.8798637025235398
link_noise,12,shortest_path_pqc,0.15,0.9833333333333333,-0.1236957742392689,-0.9702325284441887,0.03634145490191952,0.2918071053944982,23.913312470573693,0.021008546578340215,0.2703951881897695,0.8976934393985199
link_noise,12,random,0.24166666666666667,0.975,-0.12734785192610446,-0.9880487845261683,0.05230694137159567,0.29185878204499394,32.13360783038081,0.03219767161099077,0.28894737307491103,0.9006362881903633
link_noise,13,proposed_hybrid,0.25,0.9666666666666667,-0.032810078774540605,-0.8653335564290819,0.12194395738451955,0.27555708661497286,31.23659825306762,0.1754515773218824,0.24160092968990785,0.7841741336313317
link_noise,13,latency_first,0.25833333333333336,0.975,-0.050012771088441856,-0.8837787158252266,0.11762074565751979,0.292027788328424,28.20543679332104,0.17753517447534448,0.27836737425042885,0.8097344229881457
link_noise,13,pqc_trust,0.25,0.9666666666666667,-0.03423948731987425,-0.8738328411738623,0.11294092691108289,0.29435702284587234,32.29110136783369,0.1731972528438841,0.24222847727911442,0.7950700279727384
link_noise,13,qkd_priority,0.26666666666666666,0.975,-0.04735744267473092,-0.8827238322374019,0.12220892584510322,0.29297260609307557,28.903902430684305,0.17804079018872418,0.2735195052587462,0.8072152149632701
link_noise,13,max_margin_greedy,0.25,0.9666666666666667,-0.031186437109863012,-0.8685437110560188,0.11931973060029015,0.27712888185383033,33.89518837427005,0.17648386786435352,0.23935974913423863,0.7835479119690273
link_noise,13,shortest_path_pqc,0.225,0.975,-0.05988158902186975,-0.8914025354912805,0.11389302552763526,0.2903069721736993,27.885981447014196,0.1738186540484751,0.2945476641732125,0.8188096801424506
link_noise,13,random,0.25833333333333336,0.95,-0.07818881491704227,-0.922364668847268,0.10295695233481371,0.28969514133536695,37.881910412674735,0.16351877090124292,0.32115751065334425,0.8374990467572199
link_noise,14,proposed_hybrid,0.23333333333333334,0.9333333333333333,-0.11960350761454541,-0.9678812376298888,0.1063331424629201,0.2800840435389153,39.534426756800535,0.06299086816905264,0.3041269722306361,0.8781610568703321
link_noise,14,latency_first,0.25,0.925,-0.14639442103130948,-0.9818309278930631,0.08195922764665844,0.28671541849106424,34.67080856400774,0.05096817301725168,0.34611821541908533,0.9077621497493867
link_noise,14,pqc_trust,0.25,0.9416666666666667,-0.12773116063854267,-0.9743957959188656,0.08377692680032077,0.28141676955915595,38.3750852316273,0.04395741323056432,0.3014799145179487,0.8870580648814292
link_noise,14,qkd_priority,0.275,0.925,-0.11592437464395253,-0.9503547189836082,0.12160864524874215,0.2917710169099879,35.49208650602765,0.0982077252927191,0.3319262225587524,0.8773314841192951
link_noise,14,max_margin_greedy,0.24166666666666667,0.9333333333333333,-0.12234743444494314,-0.9772870510897752,0.10357455394085127,0.28387098668070604,42.36839239836891,0.06190155081851406,0.3085697654252543,0.8841559263625149
link_noise,14,shortest_path_pqc,0.11666666666666667,0.925,-0.1759072957676981,-1.0116918838401259,0.04554117120031891,0.28514289974563717,33.166216166883345,0.018435579625594646,0.37308738560885696,0.9384783783500998
link_noise,14,random,0.23333333333333334,0.925,-0.1572003392965475,-1.0118084726692451,0.07974501567476659,0.2855797906180398,41.397603887178114,0.0540122856753538,0.37094845361194156,0.9203546314686689
link_noise,15,proposed_hybrid,0.35833333333333334,0.95,0.008183221410750629,-0.8266697204149771,0.1772715267089139,0.2844927524453971,32.01507194825471,0.24183842355745977,0.22533999329384966,0.7414810262701101
link_noise,15,latency_first,0.35,0.95,-0.009000118823187681,-0.8445432082621813,0.1718773909933298,0.2900377139982692,31.390927528999452,0.2215142038502952,0.23965960470349612,0.7612966983792812
link_noise,15,pqc_trust,0.35833333333333334,0.95,0.004703746410422151,-0.8318221531413831,0.16476463004071015,0.2933008190378318,32.04376206758672,0.23606155175624174,0.22657819205780996,0.7490408092342061
link_noise,15,qkd_priority,0.35,0.95,-0.0011075291071277421,-0.8375080355559313,0.1768076294764097,0.29727553502848764,31.48846004842828,0.23810789470888297,0.24034081629583404,0.7565825591394896
link_noise,15,max_margin_greedy,0.39166666666666666,0.95,0.025944952211904047,-0.8081133608095061,0.19678718852140653,0.2867510341510478,33.21476089236382,0.2835955259332033,0.23128715453823545,0.7232711677264075
link_noise,15,shortest_path_pqc,0.3333333333333333,0.95,-0.01201810502752049,-0.8475525078570402,0.17352384238630586,0.29121846814805075,31.31372334950337,0.22312746818051146,0.24735751863922215,0.7648205482459477
link_noise,15,random,0.30833333333333335,0.925,-0.08147811710742328,-0.9256450208089101,0.13907420834406417,0.2906293344544686,37.2114338446417,0.16145537397958407,0.3257257713735826,0.8365427169955821
link_noise,16,proposed_hybrid,0.45,0.9333333333333333,-0.03531670187944781,-0.856426966620887,0.17931795746885384,0.28593698628290826,31.52272004122024,0.17483179417625047,0.24603482215900815,0.7883962174626051
link_noise,16,latency_first,0.38333333333333336,0.9,-0.07583385885240425,-0.9007242531112238,0.1748817441761495,0.2950556753122942,28.738302338462745,0.12264952817116893,0.27554037263166137,0.8343895026671785
link_noise,16,pqc_trust,0.45,0.9333333333333333,-0.04995093780334407,-0.8718520185307472,0.15352580163131127,0.29328171858718466,32.61053191976006,0.1492664903248071,0.24997402621864598,0.8071265926878237
link_noise,16,qkd_priority,0.4083333333333333,0.9166666666666666,-0.06164160975537138,-0.8847441253123955,0.17798506110513088,0.2960549763531484,29.273840421525126,0.14830559089472406,0.2725830299176502,0.8203428517282163
link_noise,16,max_margin_greedy,0.45,0.9333333333333333,-0.03652379627895582,-0.857866586847291,0.17100291893601424,0.28738694546007854,32.29096529153607,0.1706478597377797,0.24428454578406164,0.790450473886495
link_noise,16,shortest_path_pqc,0.35,0.9,-0.08072680111172233,-0.9061365226783844,0.17008463821953895,0.294627779930301,28.63574440546898,0.11605418295696128,0.27880983035962725,0.8391929586746585
link_noise,16,random,0.39166666666666666,0.8583333333333333,-0.09061677061440623,-0.9035158435318401,0.15206194514144641,0.2883416633828876,33.69822758487689,0.11608822660717644,0.2987833286523503,0.8462845595449358
link_noise,17,proposed_hybrid,0.2833333333333333,0.9333333333333333,-0.08569647169754234,-0.8831984585811463,0.12032739075023619,0.25531656417002163,29.00958387910389,0.05997137248813841,0.23274651703963503,0.8200270853249094
link_noise,17,latency_first,0.25833333333333336,0.9333333333333333,-0.096846452255982,-0.8883612562939719,0.12162541614515368,0.2546654648155761,27.148327662041364,0.05557745948683824,0.2508324035513181,0.8292014552274344
link_noise,17,pqc_trust,0.275,0.925,-0.08939454252080621,-0.8800085697260508,0.0929495481649585,0.2579456767178418,29.51340268702379,0.06076771161047459,0.2409986441121,0.8255599212375005
link_noise,17,qkd_priority,0.25833333333333336,0.9333333333333333,-0.10421578753464918,-0.9204165794907188,0.17619757932537475,0.2717457621764005,30.864455978470833,0.05926370691357802,0.2693761817818223,0.8507357566047352
link_noise,17,max_margin_greedy,0.275,0.9166666666666666,-0.0924033597712673,-0.888101960385331,0.11912959637332161,0.2606378890225281,32.060283751355335,0.06336763655869239,0.2496647328717313,0.8308624610831344
link_noise,17,shortest_path_pqc,0.08333333333333333,0.9333333333333333,-0.13574221597571265,-0.9225515671792733,0.13602202286008377,0.2529534425252182,24.970224399783262,0.028065656927169905,0.30173947945884866,0.8661617566208771
link_noise,17,random,0.25833333333333336,0.9,-0.14496945864810823,-0.9568257357974573,0.1269497636423847,0.263938408597058,37.815591630243425,0.044991565628775355,0.3372686999999613,0.8882403608490893
link_noise,18,proposed_hybrid,0.325,0.9916666666666667,-0.0859644051747321,-0.9379014238626905,0.10644855202906015,0.28467334742678113,34.29201194443252,0.08269931253514719,0.25601464554871994,0.8462892209055197
link_noise,18,latency_first,0.31666666666666665,0.9833333333333333,-0.10901247857067015,-0.955805685507547,0.09789878857639692,0.3006656371051171,32.02859998738177,0.08260065143018812,0.3023838743549263,0.8754680172575618
link_noise,18,pqc_trust,0.325,0.9916666666666667,-0.08497824463522234,-0.9434235776517715,0.09241592252816162,0.2997264153394167,34.751856147333534,0.08825681000485756,0.25958391612425746,0.8541215748622971
link_noise,18,qkd_priority,0.3333333333333333,0.9916666666666667,-0.10338993120529617,-0.9543749217497316,0.10619668910181372,0.2984107941412309,33.29800321016058,0.08508418773425859,0.29353162968042024,0.8678920518714828
link_noise,18,max_margin_greedy,0.325,0.9916666666666667,-0.0849950615017077,-0.9439563079740635,0.10001674754089192,0.2856523092201101,36.5592818036414,0.08070767617555713,0.25206868726770976,0.8473694698464056
link_noise,18,shortest_path_pqc,0.125,0.975,-0.1665305586129527,-1.0159243789116705,0.04722815165059789,0.3029887435717258,31.669842605293784,0.02857891239969924,0.3643260063774265,0.9384155368750445
link_noise,18,random,0.26666666666666666,0.9583333333333334,-0.14988409346702375,-1.0053410006823835,0.07484243111972458,0.28781295778765886,38.97340450956516,0.043299322936636776,0.3454849952491847,0.9135355453559252
link_noise,19,proposed_hybrid,0.25,0.8916666666666667,-0.13246641343630836,-0.9422539939683143,0.12548589539236416,0.2811074311785185,28.93187431937434,0.04748513556971876,0.31455451749775976,0.8888944603686244
link_noise,19,latency_first,0.23333333333333334,0.9333333333333333,-0.14308956900333397,-0.9683585882394331,0.13247909407410072,0.28728112463892513,27.549650237480527,0.03501111173398463,0.32349814601489985,0.9041176983308595
link_noise,19,pqc_trust,0.24166666666666667,0.875,-0.13810992694976468,-0.9457731932683944,0.10436274803271266,0.29001751807253534,29.165785868185075,0.049864909863377105,0.32831234322983815,0.8992127244124467
link_noise,19,qkd_priority,0.24166666666666667,0.925,-0.1386701847658931,-0.9596199831861147,0.1381977964962122,0.28622201442025547,27.10723969774395,0.03975554246110474,0.31933252787621186,0.8985962253323735
link_noise,19,max_margin_greedy,0.25,0.875,-0.1345149599310749,-0.9415463749719972,0.1231758965282992,0.28905946710494196,30.555580225242565,0.05321433531286643,0.3244138513029369,0.8953646858972044
link_noise,19,shortest_path_pqc,0.15,0.8916666666666667,-0.1708351023914462,-0.9933457470531653,0.14392445420357464,0.28871491078945705,28.968738142919577,0.024332363144677654,0.3687579728048515,0.9332183095637792
link_noise,19,random,0.24166666666666667,0.875,-0.16156324896044627,-0.9718756887265271,0.09465315397101141,0.2867559067804588,33.230483564813724,0.045616260444699075,0.3713486172197924,0.9232784364815879
link_noise,20,proposed_hybrid,0.375,0.8666666666666667,-0.06059447537644444,-0.8361230576090499,0.17273991122963217,0.2871825825573203,34.55362456397973,0.23127628185350071,0.35344256285439685,0.7889884469920642
link_noise,20,latency_first,0.4083333333333333,0.925,-0.05708670219899927,-0.8551610405564902,0.1802757217092411,0.29015926385911067,31.217990258509104,0.19840184915010103,0.3134960068093738,0.7886920379181165
link_noise,20,pqc_trust,0.35,0.8416666666666667,-0.07188791150647285,-0.8404874227401224,0.16963089516163563,0.28963886855011817,35.57335840223142,0.22271549522839762,0.36765080068499606,0.8022130412262819
link_noise,20,qkd_priority,0.4,0.9333333333333333,-0.05620978329622044,-0.8579453766849395,0.1919843714524892,0.2896875362296216,31.816792982657425,0.197250336885305,0.31057651288574945,0.7865976162271171
link_noise,20,max_margin_greedy,0.35833333333333334,0.8333333333333334,-0.06700624486157002,-0.833483819065664,0.17571476072693482,0.28971346916957424,38.50512075240691,0.2290724143649121,0.36416564997291617,0.7981927220010663
link_noise,20,shortest_path_pqc,0.3416666666666667,0.925,-0.07418688095056586,-0.8735903281045407,0.16132335923256605,0.2908008094319348,30.951207147950793,0.1828623648285137,0.33243268932562225,0.8072176973576705
link_noise,20,random,0.30833333333333335,0.8583333333333333,-0.13507334362485748,-0.9362050834345125,0.1370413519913991,0.28650616675590185,38.45546188634479,0.11530735868606312,0.3876326482523081,0.8694688022616751
link_noise,21,proposed_hybrid,0.44166666666666665,0.975,0.04459746272198728,-0.7615764501020778,0.22359490204296714,0.26358276649844464,27.00027187114154,0.3057250405066659,0.21581080114782059,0.6751863258927361
link_noise,21,latency_first,0.44166666666666665,0.975,0.027632708944331893,-0.7805230652648071,0.21814170691801812,0.2705254712235677,25.230361251827002,0.30063160401813405,0.24492049727552936,0.696995431307121
link_noise,21,pqc_trust,0.45,0.975,0.042782342864071884,-0.7718904208285715,0.21252654832986836,0.26982070810594944,28.65299288676425,0.30574903677811127,0.2194943132618373,0.6828018718127425
link_noise,21,qkd_priority,0.44166666666666665,0.975,0.035582743779539454,-0.7713257115675434,0.22606890437680213,0.2769883102579453,25.9413495728827,0.30305462129327065,0.23131521851194115,0.6915462837039694
link_noise,21,max_margin_greedy,0.425,0.975,0.040720077669337384,-0.7796277826795892,0.22101527485964026,0.27287668621624767,30.947501173276745,0.30455428716903193,0.22245735638407757,0.6860448707805914
link_noise,21,shortest_path_pqc,0.4166666666666667,0.975,0.016627360747505197,-0.7929582945588061,0.2120109638831207,0.27173030560170414,25.251517206249854,0.2904407489171746,0.2569178441843012,0.7096574525213383
link_noise,21,random,0.39166666666666666,0.9666666666666667,-0.01818220878543549,-0.8475807468154729,0.18809281274460202,0.28151007391010174,33.159508405578094,0.2482832161016173,0.2849408951045114,0.7535410667169126
link_noise,22,proposed_hybrid,0.4166666666666667,0.9583333333333334,-0.02064083139437889,-0.8495607384783194,0.17105506070150098,0.2864660918450035,33.04640107144309,0.2386215049869352,0.2802360844110862,0.7696080250137373
link_noise,22,latency_first,0.4083333333333333,0.9666666666666667,-0.03247808993101863,-0.8619167175571788,0.16684018009376766,0.2877112749116234,31.28152357176181,0.23767096230642135,0.3031509823286363,0.7818944649605819
link_noise,22,pqc_trust,0.4083333333333333,0.95,-0.024948429655105367,-0.8555034600291653,0.16518812942122477,0.29004571246006716,34.931909053208,0.24060716315545813,0.2909064164923641,0.7761130519510264
link_noise,22,qkd_priority,0.4083333333333333,0.9666666666666667,-0.03365236721432877,-0.863079373721862,0.1686281518527795,0.2890916029148231,31.335207797100495,0.23526755714527736,0.30311507169029506,0.7835978503934403
link_noise,22,max_margin_greedy,0.4083333333333333,0.9333333333333333,-0.02899919381722308,-0.8559806985235243,0.16889645978826592,0.28728795761523895,37.40153499932638,0.2434540337090855,0.3019201502760675,0.7786966508658635
link_noise,22,shortest_path_pqc,0.3,0.9666666666666667,-0.09004528302069727,-0.9230093499229498,0.12229444036912378,0.28753356886055764,30.684821267613888,0.17002964412573904,0.35157255344166094,0.8429141308510452
link_noise,22,random,0.3416666666666667,0.9333333333333333,-0.11518368799974603,-0.962789875542177,0.1358744506830341,0.2879119750642717,39.26388340077417,0.11689651261067356,0.3491216900295164,0.8675980847301633
link_noise,23,proposed_hybrid,0.43333333333333335,0.9583333333333334,0.027633842166548343,-0.7801978892948476,0.177151329801738,0.2759535023572635,32.53057429229898,0.2727595584608578,0.21704616699604265,0.700148605596048
link_noise,23,latency_first,0.5,0.9666666666666667,0.02198742829123394,-0.7857991020219754,0.19000163757492214,0.28568807057440004,27.93790012374735,0.3124688065431054,0.2681393140204564,0.7114555370604536
link_noise,23,pqc_trust,0.44166666666666665,0.9583333333333334,0.011869353221261656,-0.8024886175410727,0.17272261483004808,0.2780015340650454,33.9852353265087,0.2481803973845762,0.2242502497610648,0.7182933763235417
link_noise,23,qkd_priority,0.5,0.9666666666666667,0.02033189438824205,-0.7922139607964196,0.19386964813348712,0.2890345818235636,28.64220353799067,0.3136030135622838,0.2726112910053442,0.7161885175611583
link_noise,23,max_margin_greedy,0.43333333333333335,0.9583333333333334,0.021001189977721733,-0.7946091170344489,0.18146071700703695,0.2784180895672233,34.40963334026096,0.2685462922926974,0.22620518346664553,0.7095139460823194
link_noise,23,shortest_path_pqc,0.4166666666666667,0.9666666666666667,0.005393595628722881,-0.7913689405613041,0.1678713543054337,0.27685826541385544,26.399512207771526,0.2847481863905117,0.27387400165518333,0.7206699747630086
link_noise,23,random,0.43333333333333335,0.9666666666666667,-0.04145240180274459,-0.8801928859540673,0.15792575742808665,0.28411748560761546,37.16851572310021,0.20006378171058303,0.28363717244192294,0.781298966337878
link_noise,24,proposed_hybrid,0.44166666666666665,0.9333333333333333,-0.04282375761889813,-0.872805868796851,0.185345292871384,0.2643578264064422,35.5474568819631,0.16767451520335333,0.25401273620919634,0.7851805155549085
link_noise,24,latency_first,0.425,0.9666666666666667,-0.00744412225705774,-0.8308652628240295,0.21372491759361972,0.26419555789302934,29.319501156250205,0.21788837200027644,0.23289668300240893,0.7481914906556814
link_noise,24,pqc_trust,0.49166666666666664,0.9416666666666667,-0.07435631252427027,-0.9112197300426099,0.11967917676215757,0.2792495480292414,36.97485123993193,0.10123329201066295,0.25114521242249815,0.8275220667864032
link_noise,24,qkd_priority,0.43333333333333335,0.9666666666666667,0.0016125581519743156,-0.8231919008648038,0.21900250290146542,0.2699244510144099,30.291162956688655,0.2290025643262422,0.22575143901984238,0.7419484949209807
link_noise,24,max_margin_greedy,0.4666666666666667,0.9333333333333333,-0.034559856284121525,-0.866224826955875,0.18011848789050025,0.26592371544964877,37.36912815060396,0.18148040911786575,0.2511575387229495,0.7780944422612946
link_noise,24,shortest_path_pqc,0.26666666666666666,0.975,-0.042712238635536956,-0.8699015117969735,0.1638677764847983,0.2718689254327806,28.04906590910393,0.16420901401616914,0.25032239836200976,0.7894592105697132
link_noise,24,random,0.45,0.9666666666666667,-0.05368089626882795,-0.8970177273839198,0.16158495939760803,0.27345295624790056,36.30940667859095,0.15528083951630856,0.2635084529615262,0.8006810863932812
link_noise,25,proposed_hybrid,0.18333333333333332,0.8833333333333333,-0.11789835768513734,-0.9310526177594194,0.1179365899077249,0.3004437081321775,38.757447281105925,0.1102633031020507,0.3479616048866019,0.8578765452216428
link_noise,25,latency_first,0.19166666666666668,0.9,-0.12819513496166132,-0.9476121249887357,0.09079439493066684,0.3087807674800619,33.82311846698919,0.09545800334483433,0.3539159367352805,0.8755887328996276
link_noise,25,pqc_trust,0.18333333333333332,0.8666666666666667,-0.13163538552893594,-0.9429988339652149,0.1155649810979659,0.31263953300163455,37.99460271837929,0.09905326465217103,0.3644471870895418,0.879527321477521
link_noise,25,qkd_priority,0.19166666666666668,0.8333333333333334,-0.13943888840083823,-0.9341277712289903,0.1333368915045675,0.3098608148995487,37.06336565565967,0.10049767438369193,0.38162446551441415,0.885295957469651
link_noise,25,max_margin_greedy,0.18333333333333332,0.85,-0.12328969477870162,-0.9256551076288744,0.12075501316856456,0.29627068181509675,40.50448454331065,0.11709023788596377,0.3656581709075397,0.8602737845200997
link_noise,25,shortest_path_pqc,0.03333333333333333,0.9083333333333333,-0.18059641182946953,-1.01384942478564,0.027878655793446085,0.3094978742982189,33.64155290615924,0.008564929156657441,0.3726705981676848,0.934743888170772
link_noise,25,random,0.19166666666666668,0.8333333333333334,-0.16891905093855356,-0.9809085830934718,0.0936409673386164,0.30289233462627496,42.42697768372602,0.09793786317842061,0.4385004658771173,0.9146847217599471
link_noise,26,proposed_hybrid,0.48333333333333334,0.9666666666666667,-0.016433411987277404,-0.8496986287148893,0.19116435745307794,0.2909256594522252,35.695491115275956,0.2542053525289642,0.28733723153557184,0.7635603232398784
link_noise,26,latency_first,0.5,0.9666666666666667,-0.026629450133744497,-0.8565617983626326,0.18664895228747105,0.29569529105796294,33.92313976480345,0.23799550082736384,0.29168390835507446,0.7768214822538837
link_noise,26,pqc_trust,0.49166666666666664,0.9666666666666667,-0.06713363475191618,-0.9096445700153282,0.1349567759974088,0.29491093258387757,36.68063706702964,0.152569307760175,0.28791937782452215,0.8198398408637868
link_noise,26,qkd_priority,0.49166666666666664,0.9666666666666667,-0.023043520022201173,-0.854175719597961,0.19598748468562135,0.2953795679053368,34.642398096971775,0.24627679137411515,0.29273550109629487,0.7727061719727304
link_noise,26,max_margin_greedy,0.4583333333333333,0.9666666666666667,-0.03982716993783147,-0.8803925204031363,0.18986925886972078,0.2895744160141781,37.90565476659463,0.21616277701573605,0.2964594906000737,0.7869533096859699
link_noise,26,shortest_path_pqc,0.4166666666666667,0.9666666666666667,-0.05200952393574632,-0.8824736764392955,0.1575962039300455,0.2979086725869253,32.727340207624884,0.19378046904140947,0.29863838020218836,0.8051123631330261
link_noise,26,random,0.4666666666666667,0.9583333333333334,-0.07703733488264965,-0.9207977632315936,0.14591229618667936,0.2878117711161058,39.644830133471935,0.15561205633515843,0.3109292637598553,0.8256022201813709
link_noise,27,proposed_hybrid,0.49166666666666664,0.9916666666666667,0.05512941017126649,-0.7758217860352375,0.19182419170748524,0.24387870767802322,36.77314195454908,0.2920212533830853,0.1808732490055319,0.6802132597493988
link_noise,27,latency_first,0.5583333333333333,0.9916666666666667,0.03937865420387315,-0.7827208365943754,0.20110066314262787,0.24389518783146943,32.40548110746824,0.30274118899380714,0.2233487410021274,0.696794543406457
link_noise,27,pqc_trust,0.5,0.9916666666666667,0.04752150338477478,-0.7854903169241194,0.17998584970364664,0.2473680916285663,36.9267852006223,0.2742941659399221,0.1784846833093278,0.6903361190030375
link_noise,27,qkd_priority,0.55,0.9916666666666667,0.04809655360802133,-0.7766733014977064,0.20437583767532547,0.2564389455878484,32.92171619899719,0.32309461475888157,0.22612575667819343,0.6938246753074531
link_noise,27,max_margin_greedy,0.48333333333333334,0.975,0.048449768047647404,-0.7846322413721485,0.1917656979414201,0.24106803283058545,39.73378133148323,0.2829956774684253,0.18531469350139426,0.6865893166967206
link_noise,27,shortest_path_pqc,0.5083333333333333,0.9916666666666667,0.029980866750076177,-0.7922046977362359,0.19857162537634637,0.24343454058952751,32.288140056321396,0.2955660769954354,0.23512078112834633,0.706238649843741
link_noise,27,random,0.5083333333333333,0.9833333333333333,-0.006246026457949306,-0.8467886766255678,0.16915357041456147,0.24932015120602216,39.65830614186517,0.228197752606261,0.2407905478843846,0.7482023995797493
link_noise,28,proposed_hybrid,0.4166666666666667,0.9666666666666667,0.0654780363091885,-0.7446113155006132,0.20165043510500258,0.2716023862123015,29.555126759059767,0.3522553117990475,0.2202431418208449,0.6682107241535901
link_noise,28,latency_first,0.425,0.9583333333333334,0.055213178938177995,-0.7517513417274315,0.20397632986090386,0.28352769291817403,27.973069466130585,0.3429005943348112,0.2315837013142911,0.6850450619771007
link_noise,28,pqc_trust,0.44166666666666665,0.9666666666666667,0.05458703479465231,-0.7585891248620994,0.18737795281876532,0.2848162657478683,28.912046216588656,0.3286666351446615,0.21861212951028186,0.6860165931229927
link_noise,28,qkd_priority,0.425,0.9333333333333333,0.04045694689029748,-0.7560087857438189,0.20958050973337058,0.2835530048515094,28.65573809397316,0.34049893679371035,0.25893251161165903,0.7002535354365408
link_noise,28,max_margin_greedy,0.4166666666666667,0.9666666666666667,0.06586954515202442,-0.7453936895362278,0.19961653540991417,0.26888960664149847,30.351305521802058,0.35243772700913967,0.21963622468650987,0.6665857033341905
link_noise,28,shortest_path_pqc,0.425,0.9583333333333334,0.05066417461907773,-0.7570869824133929,0.20216091874512335,0.2836788520643248,27.97037919192594,0.3337292146592059,0.2315837013142911,0.689740342588831
link_noise,28,random,0.425,0.9333333333333333,-0.015735963127589424,-0.8312772534867469,0.18989993561963533,0.2829768331292698,36.487721368813126,0.2817925789164846,0.31351831102856004,0.7583006540686681
link_noise,29,proposed_hybrid,0.3333333333333333,0.975,-0.01448985354851328,-0.8444293340315631,0.16021220552006912,0.2516524607254007,31.28242541962239,0.2152300605631695,0.2444434749754947,0.7566464935626181
link_noise,29,latency_first,0.3416666666666667,0.9833333333333333,-0.03421055099300473,-0.8619268644672656,0.1501441594791519,0.2623851476167371,28.86199030799415,0.20587749387552048,0.27485037894206227,0.7832124746557003
link_noise,29,pqc_trust,0.325,0.975,-0.01675418817273764,-0.8503537762498232,0.14588327978703833,0.2590222436501844,32.176256952802106,0.19861296564710265,0.2323915708340737,0.7629449367815354
link_noise,29,qkd_priority,0.3416666666666667,0.9833333333333333,-0.021970681478270453,-0.8483871589090815,0.1589110849417788,0.2647610664522153,28.585519419896073,0.2365441616617653,0.28083989044860086,0.7724104901001565
link_noise,29,max_margin_greedy,0.325,0.975,-0.022785958706146404,-0.8601222331879376,0.1568092421586791,0.24980820760750097,34.43871497952243,0.20615350526993415,0.25209293814522926,0.7646218608603691
link_noise,29,shortest_path_pqc,0.20833333333333334,0.9833333333333333,-0.07895532758051099,-0.9134857972953218,0.10252524366316801,0.2737359441221609,28.598480905816118,0.13734618779193122,0.2965303159784453,0.8364060050996712
link_noise,29,random,0.275,0.9166666666666666,-0.10726558071875326,-0.9299011503175793,0.12413327365915322,0.27165677730683135,37.205087834352234,0.14382320584038943,0.36008445728948874,0.862405209538233
link_noise,30,proposed_hybrid,0.475,0.9416666666666667,-0.00817636022021842,-0.8234730615870072,0.19916743139042042,0.2871046783883518,29.74498614375981,0.22252124042404345,0.23900583764222572,0.7468896192253107
link_noise,30,latency_first,0.475,0.9666666666666667,-0.02939874897676787,-0.8476243266242252,0.1697211725063282,0.28527344743946986,27.867440638465407,0.2007197380748015,0.25999140939893034,0.7690447451360792
link_noise,30,pqc_trust,0.4666666666666667,0.9583333333333334,-0.013823085436419722,-0.8333435858475465,0.16653249413392532,0.290704051150585,29.409334414273,0.208145921124716,0.23601504498846548,0.7547678714840614
link_noise,30,qkd_priority,0.48333333333333334,0.9583333333333334,0.0013890055018225766,-0.8205553812195708,0.19754004653479298,0.2937890527694525,29.312138962903724,0.2523551967947597,0.24955478247656904,0.7408899880854384
link_noise,30,max_margin_greedy,0.45,0.9416666666666667,-0.008193692426874693,-0.8303265453990886,0.1988136421094813,0.288774687809504,32.17321855833107,0.2224123989216693,0.23893194010488442,0.7476527183059031
link_noise,30,shortest_path_pqc,0.3,0.9666666666666667,-0.058148358095414625,-0.8741116624666773,0.1529126740183731,0.28092958000672963,26.481922233937798,0.17215902088753107,0.2893936138218347,0.7968608038744218
link_noise,30,random,0.4166666666666667,0.9416666666666667,-0.06061849240652076,-0.8897238199449853,0.17103701568001153,0.28235229760024877,33.87566515198794,0.1496701454100586,0.2718848478425601,0.7995629578689614
traffic_load,1,proposed_hybrid,0.45,0.825,0.11981584350815375,-0.6619873451362639,0.37052334250019936,0.24140158685876684,35.550709755628574,0.40181515642203297,0.16025095580075524,0.5944923294799476
traffic_load,1,latency_first,0.4666666666666667,0.8333333333333334,0.10361662059228435,-0.6692300847516411,0.3558782336592684,0.24747186196845752,32.982045111588356,0.37599628218753617,0.16709180518696284,0.6147057953633952
traffic_load,1,pqc_trust,0.49166666666666664,0.7916666666666666,0.10214505865411244,-0.6256720817954856,0.3132755625229048,0.24632638136565146,37.340419284782755,0.4128788214624479,0.20694120320818898,0.6173729994173667
traffic_load,1,qkd_priority,0.4083333333333333,0.7916666666666666,0.08215337260331615,-0.6918056845280335,0.4146640069194831,0.24052915449971263,37.06575169505249,0.3415227565039883,0.17589095690052833,0.6306670248391015
traffic_load,1,max_margin_greedy,0.4083333333333333,0.7666666666666667,0.11659951476156737,-0.6662728765306245,0.3972407365689278,0.24022588917646306,36.08681278473494,0.3869742994904352,0.15189463263243644,0.5962183148803392
traffic_load,1,shortest_path_pqc,0.4666666666666667,0.8333333333333334,0.10361662059228435,-0.6692300847516411,0.3558782336592684,0.24747186196845752,32.982045111588356,0.37599628218753617,0.16709180518696284,0.6147057953633952
traffic_load,1,random,0.4083333333333333,0.7333333333333333,0.023966035469823375,-0.714910172751484,0.3673242743041499,0.23913929533700115,41.28118393029138,0.2886390176303702,0.2403203977315328,0.690862119731746
traffic_load,2,proposed_hybrid,0.44166666666666665,0.725,-0.0019239362952296257,-0.6799562372011655,0.28669762937902044,0.24700832733305933,38.82399080553055,0.2800567827023189,0.2839356865233464,0.698130321030239
traffic_load,2,latency_first,0.475,0.725,-0.00985598498832533,-0.6845908752221628,0.28354640806839043,0.2580893152009261,33.67179096982512,0.27470807688954196,0.2945790143660043,0.7131526918711216
traffic_load,2,pqc_trust,0.49166666666666664,0.75,-0.000777563251630269,-0.6931037830020637,0.23872139245742247,0.25984913632687673,38.392198971096775,0.2697273812213523,0.2712950490673811,0.7062946779965027
traffic_load,2,qkd_priority,0.4166666666666667,0.725,-0.01425379268199179,-0.6918448369561786,0.27945776423890845,0.2551364371677313,39.26067583799361,0.2718159602480164,0.3005534454939676,0.7145592761854076
traffic_load,2,max_margin_greedy,0.4083333333333333,0.725,-0.009266883821083715,-0.6948397299708584,0.26310531931645303,0.250703667769219,42.96222394874794,0.26969083782291353,0.28837407133316295,0.707514366131752
traffic_load,2,shortest_path_pqc,0.475,0.725,-0.00985598498832533,-0.6845908752221628,0.28354640806839043,0.2580893152009261,33.67179096982512,0.27470807688954196,0.2945790143660043,0.7131526918711216
traffic_load,2,random,0.39166666666666666,0.6916666666666667,-0.06815145938874405,-0.7547950524194051,0.2341154880181553,0.2526583866659294,42.93054323586431,0.19040995368131083,0.3278120895457141,0.772675506115571
traffic_load,3,proposed_hybrid,0.675,0.9083333333333333,0.21055108745844192,-0.5775568325598051,0.4469027727784021,0.22079549880221083,33.79851629246913,0.4983263555243272,0.07382819532585559,0.49162474876331985
traffic_load,3,latency_first,0.575,0.8,0.13973784738255604,-0.6106886510021575,0.5011481421322878,0.21166895292926957,29.75598029561154,0.38038043924268083,0.09865090822946303,0.5588179524737004
traffic_load,3,pqc_trust,0.6833333333333333,0.9166666666666666,0.19968377678848018,-0.590426624920976,0.42614631718623086,0.22255382072977437,35.313748329480084,0.4767131460835206,0.07412488642932676,0.5043133204730912
traffic_load,3,qkd_priority,0.5,0.7333333333333333,0.14047911130238472,-0.6424718090614374,0.5215874697796469,0.21944731253881572,33.88127014791959,0.37475048284721096,0.09152646812466107,0.5611536195360185
traffic_load,3,max_margin_greedy,0.6416666666666667,0.875,0.20411702322478328,-0.5917436383653291,0.4533169217352204,0.22110212023300557,35.42691783003224,0.4840505650110483,0.07252430850946912,0.4983950370378557
traffic_load,3,shortest_path_pqc,0.5583333333333333,0.8,0.14285268592198871,-0.6099247339643785,0.5020583402709196,0.21500526832600925,29.741181008959963,0.387255952375261,0.09924650495189664,0.5572044558628005
traffic_load,3,random,0.5833333333333334,0.8083333333333333,0.08479880831382515,-0.6398920615683015,0.3835394738572525,0.21968511941750551,41.597404637702375,0.37364760705916883,0.20268226771677944,0.620584249125969
traffic_load,4,proposed_hybrid,0.5,0.8083333333333333,0.10496456250301207,-0.6700143484321881,0.38029666719927896,0.23586202190412645,38.92146166794438,0.3727104656140969,0.16108836379350802,0.5949269458254872
traffic_load,4,latency_first,0.575,0.8833333333333333,0.049274368674350096,-0.734689141537431,0.3270254086729541,0.2332616363222904,36.93199822557023,0.2692569137092001,0.16991342847865554,0.6538279482117945
traffic_load,4,pqc_trust,0.5916666666666667,0.8416666666666667,0.06228161202011937,-0.7108120338948013,0.3249385619974395,0.23433053913511578,40.973642956915896,0.2919530364119751,0.16638527024237956,0.6394296545148053
traffic_load,4,qkd_priority,0.48333333333333334,0.7916666666666666,0.09833524150594235,-0.6800896624923835,0.3883050252180163,0.24019847843299624,39.659733526953694,0.3611056735412828,0.16284913824704425,0.6036318504436434
traffic_load,4,max_margin_greedy,0.49166666666666664,0.7916666666666666,0.10194772765657932,-0.6716437153650733,0.3840970914129002,0.23722684276550446,40.02489828498932,0.36833394967198646,0.1627941761708185,0.5987714901157124
traffic_load,4,shortest_path_pqc,0.55,0.875,0.03753403341637811,-0.7465144002306929,0.321311626235597,0.23435028911055433,36.622711217424694,0.2594499021408017,0.18377644767229748,0.6668945244392298
traffic_load,4,random,0.5083333333333333,0.8166666666666667,0.0231858064100755,-0.7317751395291736,0.3125425133876609,0.23277766414529316,42.97696431177133,0.25930983269599955,0.21256425525633119,0.6792914913884344
traffic_load,5,proposed_hybrid,0.5416666666666666,0.8916666666666667,0.1148887149313816,-0.6661785643528296,0.3365361967258706,0.22886670429269138,39.4786326104731,0.37778393540730315,0.14615346175532415,0.6001465240966195
traffic_load,5,latency_first,0.5583333333333333,0.8916666666666667,0.11105823432256887,-0.6687762019330442,0.321236200547672,0.23086647773801022,37.827946761213006,0.3836431333334109,0.15973540284436072,0.6068827101744448
traffic_load,5,pqc_trust,0.5333333333333333,0.8833333333333333,0.11613320044169045,-0.6554477578613335,0.30781883485120465,0.22794603557281792,39.135722233530714,0.3857143111453099,0.1515747941257727,0.5993592791651331
traffic_load,5,qkd_priority,0.45,0.7916666666666666,0.07811328069359937,-0.6759906730392042,0.3785923329955428,0.23276338137940406,40.84294255440198,0.3632583778696296,0.2057719248583406,0.6388176518348446
traffic_load,5,max_margin_greedy,0.4666666666666667,0.85,0.08283756141841589,-0.722061943862642,0.325819747786023,0.23369958427731571,43.92855179398898,0.32147792008700055,0.1544667075498717,0.6361339736061652
traffic_load,5,shortest_path_pqc,0.5416666666666666,0.8916666666666667,0.1214515291496444,-0.6532625810548987,0.32359910424825955,0.22987946928196573,36.78378644208122,0.4020955100588916,0.1572335561281569,0.5956365560048827
traffic_load,5,random,0.45,0.8083333333333333,0.015522549292960961,-0.7521482516142333,0.3216703395697136,0.22804353778720005,44.95227673600493,0.26820530598675996,0.2369098437025645,0.7013142447278408
traffic_load,6,proposed_hybrid,0.4,0.675,0.07772117014380266,-0.674256561226069,0.4138559685381679,0.2078561351080806,36.39580971784371,0.2737744021447838,0.11707849459679458,0.6132696620320768
traffic_load,6,latency_first,0.49166666666666664,0.7416666666666667,0.06578442404893566,-0.659484648823892,0.3743960953763158,0.21105475506307433,34.95892592237531,0.2901046422838573,0.15747475508842249,0.6280822421616539
traffic_load,6,pqc_trust,0.5916666666666667,0.8416666666666667,0.09905444181859764,-0.671924011965506,0.339434047546127,0.2196002249271026,37.34120391018923,0.31030900360765823,0.11060246768306621,0.6009440088672572
traffic_load,6,qkd_priority,0.36666666666666664,0.65,0.0665269701693639,-0.6871293483978386,0.42104298318781735,0.2081899546104462,36.80829499539041,0.2558498984769973,0.12172294249037653,0.6247482632209543
traffic_load,6,max_margin_greedy,0.375,0.6916666666666667,0.04390618831230016,-0.7303180771981299,0.38634561192484845,0.21639357356377945,40.43864880836916,0.22828311746641608,0.13976257651419802,0.6544067845045686
traffic_load,6,shortest_path_pqc,0.4583333333333333,0.9166666666666666,0.07675459038527356,-0.7071597260693255,0.30200718467490767,0.21854526427076612,38.09358898365938,0.3126674205181233,0.1579202624832976,0.6222431690221635
traffic_load,6,random,0.5,0.7833333333333333,0.01989502605862672,-0.7216735733511763,0.31565414513165524,0.21992657990182304,43.660823973845744,0.2425299955823097,0.20241905594798162,0.6822615968203251
traffic_load,7,proposed_hybrid,0.525,0.725,0.14735830061648247,-0.5095720990663208,0.3825415327252221,0.22943640830306483,32.08183108121513,0.5129963329813353,0.21590298496423352,0.5646113284461515
traffic_load,7,latency_first,0.4166666666666667,0.625,0.09992248818640508,-0.5325741149452736,0.39210594993098924,0.22426523756787045,28.70984747393193,0.46506956546528083,0.2636129360572061,0.6075059895896165
traffic_load,7,pqc_trust,0.475,0.7833333333333333,0.12307997469378561,-0.6213860665239864,0.3821929105071215,0.22854172395553396,33.79252023408594,0.42721903270292166,0.17907392243319264,0.5909338637031134
traffic_load,7,qkd_priority,0.39166666666666666,0.5916666666666667,0.10438751000885334,-0.5322475973844233,0.44529955030225127,0.2298505100294496,32.24863006333347,0.45085233335264213,0.24039364381866357,0.6067210242298791
traffic_load,7,max_margin_greedy,0.5333333333333333,0.7333333333333333,0.14785231033484852,-0.513329274150586,0.38576542758771676,0.22911550881540588,33.906649585581654,0.5117217943313451,0.2136324589788279,0.5641212466375306
traffic_load,7,shortest_path_pqc,0.44166666666666665,0.65,0.10377266251535024,-0.5294083952174606,0.3884897404301596,0.22525701259580663,28.69979574368323,0.4728320137091219,0.2636129360572061,0.6040726768651634
traffic_load,7,random,0.4166666666666667,0.675,0.04170501640698091,-0.6345642268137436,0.36554866074305997,0.2221082132538081,40.01095186206437,0.3604936885598627,0.2764109941909496,0.6684514869282817
traffic_load,8,proposed_hybrid,0.525,0.7583333333333333,0.0950213108923977,-0.6054281520412154,0.3565283721385166,0.229601697908958,34.498868094065564,0.36955220177512266,0.1779769782017401,0.6075399263396152
traffic_load,8,latency_first,0.525,0.7583333333333333,0.08077298405513651,-0.6177268180872395,0.36548621514968743,0.23198797325436324,33.36272461725468,0.3464824002609423,0.18363364208526387,0.6231712442282926
traffic_load,8,pqc_trust,0.525,0.7583333333333333,0.08778685729902362,-0.6115282035383688,0.3338333475975793,0.22858714150944806,35.651060601004126,0.35907445126510895,0.18208481961385167,0.6152021689662208
traffic_load,8,qkd_priority,0.525,0.7583333333333333,0.07866039788817357,-0.6111276573349107,0.38176986199046564,0.23098089205147676,36.16559181784587,0.3554214436368877,0.19683193176557,0.6244988559871852
traffic_load,8,max_margin_greedy,0.5166666666666667,0.75,0.08948185163531637,-0.6254359987646467,0.3603074316206136,0.22925922302197826,37.6935346028777,0.3562099273025807,0.17580296836041062,0.6132794560487586
traffic_load,8,shortest_path_pqc,0.525,0.7583333333333333,0.08077298405513651,-0.6177268180872395,0.36548621514968743,0.23198797325436324,33.36272461725468,0.3464824002609423,0.18363364208526387,0.6231712442282926
traffic_load,8,random,0.5083333333333333,0.75,0.02658810908580473,-0.6771647865883289,0.32344770791799765,0.2233989097444594,40.23230602193299,0.27395091474452254,0.22034585610378724,0.6757448549513702
traffic_load,9,proposed_hybrid,0.4,0.825,0.1329662412946188,-0.6650898561179108,0.37412312443417195,0.2204019839818564,40.657028866122545,0.40532959817251907,0.13725249878820706,0.566743301869087
traffic_load,9,latency_first,0.36666666666666664,0.7666666666666667,0.12695438835644163,-0.6705363210916817,0.3806436513557486,0.2200976447943902,37.89215417394786,0.4035165080892745,0.14756007995128737,0.5711558754870414
traffic_load,9,pqc_trust,0.4083333333333333,0.8333333333333334,0.10931925835263705,-0.6604780283809173,0.3201029941191711,0.22438306405265157,41.17868678920105,0.39039059017438804,0.16998885962471658,0.5954808322188307
traffic_load,9,qkd_priority,0.35,0.7666666666666667,0.11790517934055472,-0.6903481743991766,0.4007577911200873,0.2194549672139665,40.17956929012894,0.3767743855375419,0.13906233041545574,0.5794032147915082
traffic_load,9,max_margin_greedy,0.4083333333333333,0.8333333333333334,0.13418723597960583,-0.6660945753029057,0.3729919910375075,0.2175015026063113,42.04491702958841,0.40864784399118764,0.13810906177424043,0.5643856262058196
traffic_load,9,shortest_path_pqc,0.36666666666666664,0.7666666666666667,0.1278152014452297,-0.6622175957079814,0.37534120044052904,0.22019004345640839,37.72586300404683,0.41278619500107494,0.15509425660343443,0.5703143058473584
traffic_load,9,random,0.35,0.75,0.06362838935482279,-0.704895983920008,0.3188665455354163,0.2201553814407261,44.836323983648334,0.3348096771091911,0.20652663405511285,0.6386341332875838
traffic_load,10,proposed_hybrid,0.525,0.8833333333333333,0.08720026309834818,-0.6707912223818197,0.3503708197069548,0.2171448756634914,32.75298098169061,0.37282792178172325,0.19702093972860188,0.6212944354476676
traffic_load,10,latency_first,0.475,0.8416666666666667,0.031213718383723353,-0.7143512179679122,0.3456903169928161,0.22033729608066613,30.797262078822598,0.31449769721824045,0.2515668133800885,0.6814160859938018
traffic_load,10,pqc_trust,0.575,0.95,0.046239359392890124,-0.7378670396774438,0.24541957563937591,0.2142435195182042,34.19229872830161,0.2834926122023346,0.19026809729731423,0.6645636180234237
traffic_load,10,qkd_priority,0.5083333333333333,0.8333333333333334,0.0545820719710639,-0.677899910131265,0.36662169171855497,0.22020330894245121,36.225681246449675,0.3315178189685046,0.2214733190268435,0.6550928694557062
traffic_load,10,max_margin_greedy,0.4583333333333333,0.8,0.03895625043044177,-0.6878472902934517,0.34123892637333647,0.22085383856325994,40.801022912894844,0.31000314073600066,0.23146231325527133,0.6720456718622864
traffic_load,10,shortest_path_pqc,0.4666666666666667,0.8416666666666667,0.029383262738767502,-0.7165528216004262,0.34419088525799346,0.22053421244266988,30.739759040579695,0.311102130665534,0.25186168159543826,0.6834746066380412
traffic_load,10,random,0.45,0.8333333333333334,-0.03853381763011957,-0.7867844664687899,0.2527105388313657,0.22023789599518057,42.018968096780654,0.19194678143094057,0.26963592987876234,0.7520710293271977
traffic_load,11,proposed_hybrid,0.44166666666666665,0.825,0.08900690540734892,-0.70897434102115,0.3335427904755185,0.22344856850114034,28.223627844352443,0.350980717302172,0.1715313112389685,0.6268112381176477
traffic_load,11,latency_first,0.4166666666666667,0.85,0.046373718477012334,-0.7672201864425308,0.2923392852056972,0.23615710261806247,30.415187457141233,0.29819148616023977,0.204696086004973,0.6765078538784814
traffic_load,11,pqc_trust,0.44166666666666665,0.8166666666666667,0.08158074107977958,-0.6985167790306338,0.31607644412601865,0.22796118735691387,28.919406622563706,0.33376246363690926,0.1692851630728375,0.6369391049621614
traffic_load,11,qkd_priority,0.44166666666666665,0.7583333333333333,0.06877043129664948,-0.6920132760277983,0.37457587358092276,0.2265717181056604,28.761847185934553,0.32955195972417667,0.19090189662609305,0.6472248154971214
traffic_load,11,max_margin_greedy,0.425,0.8083333333333333,0.08701151443355719,-0.7128248409156895,0.3342521053478456,0.2182529277724507,29.480962975217317,0.3472783834611013,0.17185194307086496,0.626519137836411
traffic_load,11,shortest_path_pqc,0.4166666666666667,0.85,0.04628436404993543,-0.7672483986478638,0.2923392852056972,0.23666972909233314,30.413246310478847,0.2981036349035133,0.20478838480283704,0.6768278902189803
traffic_load,11,random,0.36666666666666664,0.6666666666666666,-0.030254190685606953,-0.7415747039686054,0.2830292149820602,0.23468581492811164,37.08914002729723,0.2618444531847767,0.3228408053735004,0.751899890127681
traffic_load,12,proposed_hybrid,0.5333333333333333,0.9083333333333333,0.10390192003324052,-0.692677351949676,0.28546005230008276,0.23621325939384427,30.626929425602647,0.39058207482406776,0.18110239733769565,0.618799360372323
traffic_load,12,latency_first,0.5583333333333333,0.925,0.06720757804135392,-0.7140591025379518,0.26081998444620125,0.23299524541622274,26.2013723863792,0.32010818547383685,0.18460903619691363,0.6555996812547461
traffic_load,12,pqc_trust,0.55,0.9083333333333333,0.05906223948205098,-0.7292278101507428,0.2320033723438914,0.2315466862593992,30.503212894510895,0.30828002944384936,0.18920293371390784,0.6636762199245948
traffic_load,12,qkd_priority,0.5333333333333333,0.9083333333333333,0.09610267128297258,-0.6892237354911204,0.3005117039983156,0.2344934369701402,28.404846625178234,0.3745680661578026,0.1808126805066482,0.6262815066532395
traffic_load,12,max_margin_greedy,0.5583333333333333,0.9083333333333333,0.09738280512667125,-0.6909203618430232,0.27837690170235635,0.228070766144738,32.53268387080995,0.3870717873743917,0.19073548671578033,0.6219990897189771
traffic_load,12,shortest_path_pqc,0.5166666666666667,0.925,0.0567564794738517,-0.7251182833858213,0.25424750256884193,0.2340367736888799,26.059880656449074,0.3025579715199014,0.18812958548391004,0.6667775119609277
traffic_load,12,random,0.525,0.8833333333333333,0.02075757172926077,-0.7679975736988528,0.234595733175144,0.23523540577967203,35.06674618322465,0.24642645587323023,0.20457651287068837,0.7035732210353399
traffic_load,13,proposed_hybrid,0.5,0.7916666666666666,0.0931383496327654,-0.6552891594369264,0.3882355935074964,0.2236819524146482,33.88448639115703,0.3069822234730697,0.11920329276184909,0.6149884526356301
traffic_load,13,latency_first,0.525,0.825,0.08368464984886179,-0.6921036470169726,0.36222852441603176,0.22869733374282403,32.46527495209858,0.29983527974318314,0.1311162276285424,0.6300201640457094
traffic_load,13,pqc_trust,0.5666666666666667,0.85,0.0864688001001427,-0.6701653508506256,0.3187671410181412,0.22482825777428386,33.93992264972658,0.31030440324547887,0.13597214497906215,0.6246604582181111
traffic_load,13,qkd_priority,0.4666666666666667,0.7916666666666666,0.07520233122743128,-0.6783810913912511,0.3787394441491108,0.22718130217907817,36.133326916403995,0.3057821483480363,0.1541645450669248,0.6346719252302824
traffic_load,13,max_margin_greedy,0.425,0.775,0.06944064508822796,-0.6950756989596142,0.3793455127661866,0.22359692789297542,38.25184839996787,0.2823302447280339,0.14232894414692918,0.6393459618831125
traffic_load,13,shortest_path_pqc,0.4083333333333333,0.9416666666666667,0.04386929891789339,-0.7622434297344373,0.254622560083861,0.24027589037014382,37.015986412680014,0.27168949140796855,0.1832433242347964,0.6788286037507377
traffic_load,13,random,0.5416666666666666,0.8416666666666667,0.020650500482087778,-0.7444879552575159,0.30360112401873746,0.22395024125039517,39.3593750145534,0.2252924047985466,0.18365833124595024,0.6925521918604043
traffic_load,14,proposed_hybrid,0.4166666666666667,0.7416666666666667,0.0789714844987797,-0.703084903590681,0.3603102350194382,0.21738490105445282,37.06911125613922,0.30405793164542666,0.14484122902691918,0.632577412054488
traffic_load,14,latency_first,0.4166666666666667,0.7416666666666667,0.06517005418311499,-0.7223030666613852,0.3426375218661651,0.2226914396980028,36.408002155031305,0.2799845631432853,0.14859332487087598,0.6493366944239606
traffic_load,14,pqc_trust,0.425,0.7416666666666667,0.05267764043934977,-0.7087864006864477,0.3119260866605218,0.22036398221484912,39.758657816777216,0.27554380273097,0.16933888249034545,0.6622239054497503
traffic_load,14,qkd_priority,0.4083333333333333,0.7333333333333333,0.07579906950403181,-0.7107563863937559,0.365936691713537,0.22149038618137074,37.90807307319428,0.2969942500007599,0.14417354535553442,0.6373770456315248
traffic_load,14,max_margin_greedy,0.4083333333333333,0.7333333333333333,0.07854128117456358,-0.7092609053291454,0.3604066056525775,0.21376099653942843,38.401590303451286,0.29996101067645303,0.1416116534696716,0.6315008758629143
traffic_load,14,shortest_path_pqc,0.39166666666666666,0.7333333333333333,0.06484836702144546,-0.7210276925469553,0.3455299855781908,0.22267889829475565,35.37675521007358,0.27622471723812697,0.14548204179166435,0.6495752553936301
traffic_load,14,random,0.4666666666666667,0.7333333333333333,0.051219968468919096,-0.7022297596138213,0.33699723031834977,0.21699279572196412,39.69489280013451,0.2752139228272478,0.17194785736571738,0.6605339615709058
traffic_load,15,proposed_hybrid,0.5166666666666667,0.8916666666666667,0.1272038704467225,-0.6482287875908398,0.28202354924499023,0.21980691553981885,34.19787266679728,0.4301997278221293,0.17374031159889847,0.5759744991443501
traffic_load,15,latency_first,0.5166666666666667,0.8916666666666667,0.1264979018576768,-0.6476036387386199,0.27116090079097366,0.23282184577486537,32.83867343998261,0.4402142930659869,0.18517820061099333,0.5829478815110326
traffic_load,15,pqc_trust,0.5166666666666667,0.8916666666666667,0.12257559971261843,-0.6475468675399378,0.2790062460924491,0.2335805329213446,33.73816315099018,0.42481257129703226,0.177684346069979,0.5869317589697991
traffic_load,15,qkd_priority,0.5,0.875,0.12219582921511864,-0.6561160952179652,0.28519971880556866,0.2384333687052652,33.26757816770091,0.42864455001082086,0.1822819911093719,0.5893282107990008
traffic_load,15,max_margin_greedy,0.5166666666666667,0.8916666666666667,0.1413691381158202,-0.6320043557745219,0.29275434371709513,0.21756143084048515,35.06169992266071,0.45901729574485,0.17399887212424472,0.5596906068601426
traffic_load,15,shortest_path_pqc,0.5166666666666667,0.8916666666666667,0.12633820229115025,-0.6477391281797801,0.27116090079097366,0.23413205974529408,32.83616364297062,0.4402142930659869,0.1855001755435065,0.5837034739680607
traffic_load,15,random,0.49166666666666664,0.8166666666666667,0.08319351098417396,-0.6564802413025617,0.275993903306541,0.23096301563527816,38.635651649781614,0.3979979716176467,0.2302691188269734,0.6269803839080446
traffic_load,16,proposed_hybrid,0.5583333333333333,0.7833333333333333,0.16324022511051411,-0.5439618203795269,0.3774512599224368,0.2342708756983214,36.34708587925889,0.5115180265104801,0.18240466943283065,0.5416046087574649
traffic_load,16,latency_first,0.55,0.825,0.11937738685564751,-0.624946298855163,0.3672397865949043,0.2397163376634964,32.48535935935647,0.4419460636813674,0.2012658482465942,0.5892528441738777
traffic_load,16,pqc_trust,0.575,0.8416666666666667,0.15412251115598347,-0.5992958217627486,0.3649030985961899,0.23761446855641,35.02271287527898,0.484109133797548,0.17337826453145225,0.553046102528285
traffic_load,16,qkd_priority,0.55,0.775,0.13708578759793363,-0.5608054103075494,0.39589863595792263,0.24051811762785646,35.294685379237826,0.47092047177086355,0.19453783548470704,0.5709074638025193
traffic_load,16,max_margin_greedy,0.5583333333333333,0.7833333333333333,0.15765825944040046,-0.5498985290476257,0.37928627373699497,0.23402656145681539,37.72424863561699,0.5010155231450958,0.18315612911203027,0.5473095104777485
traffic_load,16,shortest_path_pqc,0.4583333333333333,0.8666666666666667,0.0798005497089621,-0.6865392775101145,0.3333773086213557,0.2406980796980241,31.172817594309695,0.4007159468729829,0.23982774181459157,0.6311682270022307
traffic_load,16,random,0.55,0.7916666666666666,0.07463161451014429,-0.6284014031633047,0.32735280940070055,0.23669162057834794,39.56261684911216,0.409232248798099,0.2587652840599048,0.6347268262664624
traffic_load,17,proposed_hybrid,0.38333333333333336,0.925,0.10711944830703607,-0.6556878356489901,0.30447932269648725,0.20664314277790813,29.615197428106853,0.30245921667807885,0.08649258702679648,0.5828747283427224
traffic_load,17,latency_first,0.38333333333333336,0.925,0.08323494519965152,-0.6809414351400492,0.2835596040751722,0.20517143911816818,29.39732227421583,0.25760345466303286,0.08979106514760637,0.6062600057812839
traffic_load,17,pqc_trust,0.4,0.9083333333333333,0.09171839542109525,-0.6550415538100612,0.28706079243874155,0.20698991739917366,30.505505923963874,0.3053559471324045,0.12043982733180923,0.5994175391859996
traffic_load,17,qkd_priority,0.375,0.9166666666666666,0.09841506666381547,-0.6654268323294724,0.31008614784393923,0.20728044068499607,30.450179992875896,0.2871939002160853,0.08877642710355411,0.5917767021771849
traffic_load,17,max_margin_greedy,0.375,0.9166666666666666,0.10451318608888534,-0.6581453384592514,0.30853607145720297,0.20696119142790223,30.47119234899413,0.2975066463966894,0.08679457766909797,0.5857700992781638
traffic_load,17,shortest_path_pqc,0.35,0.925,0.07577001547252295,-0.6867374043148324,0.27064707788933545,0.20334510187244764,29.00054937418441,0.24435825040119416,0.09159612243239791,0.6123017593280025
traffic_load,17,random,0.35833333333333334,0.8666666666666667,0.020973792532048022,-0.7219877110312531,0.29093944143332234,0.2042457377382221,35.64756222209658,0.2115182306711778,0.1692323586307584,0.6684410477653686
traffic_load,18,proposed_hybrid,0.6416666666666667,0.925,0.1415404311813484,-0.6495108650218172,0.3167862181868666,0.23657187540925287,35.34288459348874,0.38226491434483006,0.09690114180178895,0.5744596797059686
traffic_load,18,latency_first,0.55,0.9083333333333333,0.0781418685906033,-0.7078616374645896,0.2828049573934398,0.24050357140201647,34.54280666717655,0.28689585936318346,0.12935176946277357,0.6415422240204129
traffic_load,18,pqc_trust,0.6,0.9083333333333333,0.11462004290126737,-0.6689124509982313,0.2973835349967591,0.23866195552558925,35.2565343452135,0.3439318068519261,0.11284301068001602,0.6033157408547257
traffic_load,18,qkd_priority,0.6166666666666667,0.9,0.12670682501683084,-0.6563267823788417,0.3295842314762465,0.23633991548383507,35.93074451740251,0.3595919403204371,0.104134631818762,0.5888711896548765
traffic_load,18,max_margin_greedy,0.625,0.9083333333333333,0.1385712317439098,-0.649459526164622,0.3239542294250002,0.23542920373603923,37.04613391725375,0.3787896878664198,0.09941220451176287,0.5768201667774597
traffic_load,18,shortest_path_pqc,0.525,0.9,0.05501310942277073,-0.7237054464951265,0.2811920920648459,0.2403057287547888,34.51444407541715,0.26259363839401384,0.15168011133197606,0.6649980646713073
traffic_load,18,random,0.525,0.8416666666666667,0.03857165231383756,-0.7164691437044116,0.26881769791556526,0.23404243946532105,40.03210400971074,0.27031448093727756,0.19254905288518573,0.6782959166738848
traffic_load,19,proposed_hybrid,0.4,0.75,0.10476635642329085,-0.6827011478847489,0.34526650064300785,0.22924205484855237,31.77925071786566,0.4092579618458661,0.1980354690569733,0.6109902535517935
traffic_load,19,latency_first,0.425,0.8666666666666667,0.03155938405569221,-0.7660167491813176,0.2685958855887438,0.23358365287137683,34.282954493564226,0.3315625950468747,0.26793480461201136,0.6908197964657453
traffic_load,19,pqc_trust,0.4,0.7416666666666667,0.10219111384119292,-0.6730101418915585,0.33239701055808435,0.22874468314368177,31.581602213172957,0.4104116066567259,0.20438113520270784,0.6137827603353813
traffic_load,19,qkd_priority,0.4,0.75,0.09414458307582217,-0.6850185818620481,0.35660830208354743,0.23014061591655455,32.612847707337785,0.39707675383368785,0.20726912666469152,0.622148654556442
traffic_load,19,max_margin_greedy,0.38333333333333336,0.725,0.10678341077394833,-0.6769741828243795,0.3493482851057645,0.22892724758890157,32.033660613498206,0.41720460256962166,0.20191546794472578,0.6089438063706444
traffic_load,19,shortest_path_pqc,0.4166666666666667,0.8666666666666667,0.03781774274952679,-0.7659848725628158,0.2712592502558432,0.23436922809029123,34.13397516483398,0.33933173075508866,0.2630862816633008,0.6849098346922656
traffic_load,19,random,0.45,0.7083333333333334,0.013604886997340323,-0.6643626583534525,0.27199343666985576,0.22828068228409473,38.85808482147435,0.3429522731866788,0.31552306553075077,0.7054002197884032
traffic_load,20,proposed_hybrid,0.6333333333333333,0.75,0.1680420652851461,-0.5110580499818353,0.46938779096494276,0.2203563493096416,38.87294621227619,0.45276747144137813,0.11397298497938997,0.5242405547148496
traffic_load,20,latency_first,0.625,0.7416666666666667,0.08935023959960509,-0.5419557276339877,0.41474776438162575,0.22287985266850782,35.64171294027717,0.3874069660111692,0.2072653539151912,0.6079567071838926
traffic_load,20,pqc_trust,0.6333333333333333,0.75,0.14749761483852133,-0.5234240495996374,0.41179229898601183,0.21978241433435783,37.63150004325314,0.4310201559424076,0.13364593247764692,0.5467874906456484
traffic_load,20,qkd_priority,0.6083333333333333,0.725,0.15094217604910423,-0.528364752940639,0.4884788871007076,0.22040138715470345,40.48737033673288,0.4253358364336551,0.12101693310884809,0.5414166825412976
traffic_load,20,max_margin_greedy,0.6083333333333333,0.725,0.1609547677143448,-0.5241190195021725,0.48022564138730606,0.21924201674779623,42.217213958686195,0.43652193181418547,0.1120163517449418,0.530927127404392
traffic_load,20,shortest_path_pqc,0.625,0.7416666666666667,0.08935023959960509,-0.5419557276339877,0.41474776438162575,0.22287985266850782,35.64171294027717,0.3874069660111692,0.2072653539151912,0.6079567071838926
traffic_load,20,random,0.6,0.7166666666666667,0.08096913411532207,-0.5657043199946428,0.42480409313070183,0.21966459202863015,42.51602210144319,0.3579798280871708,0.19473560608047305,0.6146943275268156
traffic_load,21,proposed_hybrid,0.5166666666666667,0.7416666666666667,0.11400244043753875,-0.5551021269482926,0.4260385595527481,0.22237490220064984,30.443699784064776,0.39501011799966307,0.1651664880852704,0.5617937134667885
traffic_load,21,latency_first,0.575,0.825,0.09263563240226454,-0.6193793875274327,0.35996382353165707,0.22784566618045238,28.693382457176185,0.36439637609289316,0.1776309881851017,0.5899122456137296
traffic_load,21,pqc_trust,0.625,0.85,0.12290661066181689,-0.5796172178154293,0.3453353061468937,0.22521945553669023,29.845129003153268,0.40958407667578145,0.1617884906640538,0.5576507180548347
traffic_load,21,qkd_priority,0.5166666666666667,0.7416666666666667,0.10840643439730156,-0.5592560859126688,0.4494239457540866,0.22602502685340267,30.8562213939106,0.3951382336109801,0.1765768739390011,0.5687110035467019
traffic_load,21,max_margin_greedy,0.5166666666666667,0.7416666666666667,0.11835415833467536,-0.5624695082986602,0.41996214865507564,0.22518851225408554,35.98853653702253,0.39867061846651586,0.16005336375950913,0.5590915313097223
traffic_load,21,shortest_path_pqc,0.49166666666666664,0.875,0.07607367938956333,-0.6625756292316283,0.3152839412070832,0.23260946527171586,29.761578970882113,0.3338361843186271,0.18046183071063657,0.6114926519482732
traffic_load,21,random,0.5166666666666667,0.7416666666666667,0.031008366859382366,-0.6228630066697606,0.32069820813290323,0.23328376076349516,37.68690325687869,0.3137845568712563,0.2512676882031467,0.6597910783097514
traffic_load,22,proposed_hybrid,0.5583333333333333,0.8583333333333333,0.12520071176923767,-0.6128888164525141,0.35199476883466463,0.2245971654485007,36.260449841971344,0.4775599255178066,0.2251391356604725,0.5764045723202554
traffic_load,22,latency_first,0.55,0.8583333333333333,0.0925695150682746,-0.6289415088067646,0.3236361800692256,0.2311915087768224,33.02616937402738,0.44574872279712396,0.2591166359659252,0.6135914645368704
traffic_load,22,pqc_trust,0.6,0.8666666666666667,0.11199122151296516,-0.6216838067964497,0.2914183785686089,0.23100357278464412,37.08994651293637,0.4546736928287716,0.2288849397784387,0.5954310811390372
traffic_load,22,qkd_priority,0.55,0.8416666666666667,0.11895726034979705,-0.6117558230895704,0.36349594245981365,0.23000003899176638,35.86602465417173,0.46871231774092337,0.2288791315518163,0.5849763745378458
traffic_load,22,max_margin_greedy,0.5916666666666667,0.8333333333333334,0.13630392855424797,-0.5822107194821666,0.3572131362231431,0.22278267954346262,39.238815803370436,0.49359474009906457,0.21878843253001626,0.5642933670532988
traffic_load,22,shortest_path_pqc,0.55,0.8583333333333333,0.0925695150682746,-0.6289415088067646,0.3236361800692256,0.2311915087768224,33.02616937402738,0.44574872279712396,0.2591166359659252,0.6135914645368704
traffic_load,22,random,0.55,0.8333333333333334,0.036665525140462604,-0.703722419187037,0.2994080310304658,0.2300651320485962,39.79190510754386,0.3354010552024138,0.2614786254837393,0.6722156498441504
traffic_load,23,proposed_hybrid,0.5333333333333333,0.925,0.13719567624368925,-0.6297033955335244,0.2745726308496049,0.21482980969960075,37.93679023089339,0.467660294492284,0.191056108517104,0.5674241763731067
traffic_load,23,latency_first,0.5166666666666667,0.8916666666666667,0.14606445612652502,-0.6370494654954946,0.30743463744605365,0.22642216808749321,35.697988175379884,0.4994074303599341,0.2049226397822627,0.563873145392503
traffic_load,23,pqc_trust,0.5583333333333333,0.8666666666666667,0.13442987830160621,-0.600074467910022,0.27750595512932075,0.22010474384555892,38.68757948638217,0.476566358775193,0.20553837832840635,0.5741359233783001
traffic_load,23,qkd_priority,0.5166666666666667,0.8916666666666667,0.14606445612652502,-0.6370494654954946,0.30743463744605365,0.22642216808749321,35.697988175379884,0.4994074303599341,0.2049226397822627,0.563873145392503
traffic_load,23,max_margin_greedy,0.5583333333333333,0.8583333333333333,0.1353500904399883,-0.5989045293591863,0.27590511959999814,0.2093360180888738,41.30711125631864,0.48164894956762216,0.20876570271280706,0.5684323387482716
traffic_load,23,shortest_path_pqc,0.35,0.8916666666666667,0.07470038983079548,-0.6936359038777877,0.22150851236755523,0.2114634575080481,32.422647540063465,0.3620958917885662,0.2114902671297043,0.6217898631728243
traffic_load,23,random,0.5083333333333333,0.875,0.060573188984497345,-0.6856269333067052,0.23779741055492984,0.21766705739801137,42.393613753001674,0.3643332179033569,0.24220985301525735,0.6471977891688669
traffic_load,24,proposed_hybrid,0.6083333333333333,0.8916666666666667,0.15704536816821577,-0.5787045313712617,0.35464526046542516,0.2194669496537821,35.705291747062155,0.48350327350818817,0.16687954736259178,0.5391769556856724
traffic_load,24,latency_first,0.5416666666666666,0.9333333333333333,0.06220178968652939,-0.7269618068385818,0.3204285006939008,0.22985637785271792,31.334316993587517,0.3011044071460895,0.17569757310066736,0.6435072919378733
traffic_load,24,pqc_trust,0.6083333333333333,0.8583333333333333,0.11936765398784255,-0.6017691606400932,0.30265531931056106,0.22864427203445678,36.18224980397568,0.4369462313080123,0.19628563859058779,0.5859172280793099
traffic_load,24,qkd_priority,0.5416666666666666,0.8416666666666667,0.11511965591289557,-0.6258771321382798,0.39479432433012923,0.2219185954292414,34.53352491066312,0.4012530969809081,0.16915701651136061,0.5806811239816086
traffic_load,24,max_margin_greedy,0.6083333333333333,0.875,0.15043009068728636,-0.5803028187644043,0.35285843212483586,0.22180084590412025,37.630420019134924,0.47689540928375435,0.17360893612390282,0.5477954985900368
traffic_load,24,shortest_path_pqc,0.5166666666666667,0.9333333333333333,0.06220271603736558,-0.7250793114316059,0.3157021153964595,0.22874844210759296,30.519091097120366,0.30958520680437435,0.18417650511613734,0.6431289486502273
traffic_load,24,random,0.5833333333333334,0.9083333333333333,0.07388203266286775,-0.6871139072990176,0.3133857245872234,0.22889739816936402,38.47157560139671,0.3541642635150845,0.20520855250123823,0.630493604438066
traffic_load,25,proposed_hybrid,0.525,0.725,0.004303747299773931,-0.7359880738235003,0.3230857464460506,0.24078702276750263,38.54410235895158,0.15801758665105045,0.14934067677247398,0.6854454029401091
traffic_load,25,latency_first,0.5333333333333333,0.8,-0.03361751353224349,-0.7885124086730597,0.2204659261779726,0.2493349509180679,35.79596839412982,0.12752960369211644,0.1953068487168009,0.7338250225413093
traffic_load,25,pqc_trust,0.525,0.75,-0.011799896669956449,-0.7632514839227578,0.2741801987178016,0.24488465444645216,38.02107786774981,0.13997843291708392,0.1637685471710284,0.7063870882934692
traffic_load,25,qkd_priority,0.525,0.725,-0.000730662161360024,-0.7360076261876042,0.33406271164289575,0.24060626524559686,38.81415518409898,0.1579267610714942,0.15939987026778457,0.6903900820393389
traffic_load,25,max_margin_greedy,0.5166666666666667,0.725,0.0016244016882249717,-0.7407675561061731,0.3150625933530688,0.24105219042784345,40.081960935519795,0.15700351470429258,0.15372851130061319,0.6882876724764779
traffic_load,25,shortest_path_pqc,0.4,0.7916666666666666,-0.07517407334300981,-0.841754502584696,0.1938972527844325,0.2515619245098083,36.94502324249454,0.07965943342813787,0.23122006516807703,0.7797634315525883
traffic_load,25,random,0.5083333333333333,0.7416666666666667,-0.057608641546467595,-0.8028408320894198,0.2433946754819389,0.2419789252054549,42.69207008585618,0.10947630867418952,0.225622763404971,0.7537130055380638
traffic_load,26,proposed_hybrid,0.5166666666666667,0.8583333333333333,0.14641081485396898,-0.608744689157832,0.320214400179044,0.21721076236391718,40.642302976466546,0.5214647184723004,0.22628162400865323,0.5582076639755194
traffic_load,26,latency_first,0.525,0.8583333333333333,0.09884306670415706,-0.6501244304387108,0.29378020819975675,0.233310130974005,36.3430542131662,0.44043985881440567,0.24115948239473417,0.6154320288171129
traffic_load,26,pqc_trust,0.5333333333333333,0.875,0.12218191598647428,-0.6368920853211277,0.2943102448524339,0.22969035539267763,38.881113852804994,0.4792182123305495,0.23288370429330296,0.5920736296834773
traffic_load,26,qkd_priority,0.5,0.8416666666666667,0.13459327812510563,-0.6281883031556353,0.32816383345059064,0.23127035996114945,40.61937003518351,0.49835152929786036,0.2269941137230506,0.5776886448080805
traffic_load,26,max_margin_greedy,0.5,0.8416666666666667,0.14204014715713936,-0.619351708546517,0.32532327796291216,0.2247228398985321,41.40452776687051,0.5123917291883865,0.22602046475867002,0.5672004060035792
traffic_load,26,shortest_path_pqc,0.525,0.8583333333333333,0.09884306670415706,-0.6501244304387108,0.29378020819975675,0.233310130974005,36.3430542131662,0.44043985881440567,0.24115948239473417,0.6154320288171129
traffic_load,26,random,0.5333333333333333,0.875,0.09674795776777406,-0.6633587798927072,0.2877517017534269,0.22325651890581877,43.32964027731294,0.44150420134317314,0.2464478348758867,0.6129914202920269
traffic_load,27,proposed_hybrid,0.7833333333333333,0.9666666666666667,0.2146671519899936,-0.5686001480604347,0.39268421141547094,0.20301269010433193,40.17245396858092,0.5047767959445261,0.07198011854534553,0.4799994070946541
traffic_load,27,latency_first,0.7833333333333333,0.9583333333333334,0.19973453247252737,-0.5821838758682751,0.3819465353479435,0.20466558445972097,38.660140132965,0.4846821545749256,0.08199156491257205,0.4958312819882747
traffic_load,27,pqc_trust,0.7833333333333333,0.9583333333333334,0.20065386802934046,-0.5834847123606862,0.36860920575256273,0.2061826730695468,39.61681001702631,0.4731253454328453,0.06858125666401366,0.49704738431824846
traffic_load,27,qkd_priority,0.7583333333333333,0.95,0.19746309818120877,-0.5832452680121258,0.41389441547621353,0.20596163053224897,40.5027110875717,0.47493163070116856,0.07682054565840893,0.49822277352038713
traffic_load,27,max_margin_greedy,0.75,0.9416666666666667,0.206519353816023,-0.5773659642612539,0.4017203957854393,0.19851951182027427,43.18478348964098,0.4897248143203141,0.07335514936865495,0.486287527744824
traffic_load,27,shortest_path_pqc,0.6583333333333333,0.9583333333333334,0.19234675260963777,-0.5832004563252893,0.36700924083227915,0.19843308993363873,36.02441977088446,0.5011558050750353,0.11335993287818502,0.5006205134331593
traffic_load,27,random,0.7666666666666667,0.95,0.15648292835319003,-0.6296354869971773,0.3683790829310118,0.2029649525842711,44.323378297228246,0.4126358070332094,0.09714603212758428,0.5402784171884906
traffic_load,28,proposed_hybrid,0.525,0.8666666666666667,0.18366969270968822,-0.5814034058374963,0.3899895947815055,0.22405197988914535,33.538296221801914,0.4778115691004962,0.10750976928257638,0.5019542541429118
traffic_load,28,latency_first,0.5333333333333333,0.8666666666666667,0.17323425725147484,-0.5891211935092028,0.3602873043767547,0.23117435184130003,29.431858301956037,0.4797088512348222,0.1304462358084617,0.5173995306517721
traffic_load,28,pqc_trust,0.625,0.9583333333333334,0.18095718448933085,-0.5916757221367428,0.31965794199593306,0.23797330378552684,31.090757140426224,0.4945412371041001,0.12970820385948145,0.5170633023809595
traffic_load,28,qkd_priority,0.55,0.8916666666666667,0.18485063546795721,-0.5811244667164362,0.3902617912997169,0.23304348814613654,33.95193050805982,0.49285972146912105,0.12017698867082027,0.5044677782188114
traffic_load,28,max_margin_greedy,0.5416666666666666,0.8833333333333333,0.1874724572716157,-0.5781378366391783,0.39080865941881837,0.2201185490908251,35.43521839334022,0.48858645255350835,0.11061778869944443,0.4966532587442301
traffic_load,28,shortest_path_pqc,0.5,0.8666666666666667,0.16628740504351194,-0.5966150443933594,0.3491424365548092,0.23170763219096085,28.570823116979103,0.4763247038052038,0.14106783879812332,0.525209729842539
traffic_load,28,random,0.5916666666666667,0.8916666666666667,0.11430058332967626,-0.6392768276393098,0.3328332600669054,0.2341122561959708,37.7089373491209,0.41042515751301223,0.17998043305801978,0.5821204264085508
traffic_load,29,proposed_hybrid,0.5083333333333333,0.925,0.12443455748694535,-0.6565814050652926,0.35790258731886726,0.21645326361529324,33.41581902964727,0.3319407388081826,0.08106461484256704,0.5788884830335701
traffic_load,29,latency_first,0.44166666666666665,0.8416666666666667,0.0610203387654409,-0.7166139534983422,0.35671643124991026,0.22458938283368868,32.853752059146,0.21988003093121536,0.0968551543879878,0.6490086932540192
traffic_load,29,pqc_trust,0.5583333333333333,0.95,0.09038477291338251,-0.6967562061062622,0.29894065891850435,0.21042284309849876,34.98382306009389,0.26358391523399977,0.08135655048927692,0.6146884913108986
traffic_load,29,qkd_priority,0.48333333333333334,0.9083333333333333,0.10907127045720827,-0.6730893648974786,0.36949651901350106,0.2193074262860887,33.91712872624175,0.31389511881159843,0.09399336385754953,0.5956267811491103
traffic_load,29,max_margin_greedy,0.4666666666666667,0.8833333333333333,0.11349925337508002,-0.6645016392098557,0.37754822666404675,0.2165317011825754,36.20883606330093,0.3191386772077773,0.09030953733866438,0.5901138254186392
traffic_load,29,shortest_path_pqc,0.425,0.8416666666666667,0.05144917688673714,-0.7282272404773565,0.3492842284425341,0.22591178497369915,33.13515785428958,0.20473707741097938,0.10100889820384806,0.6598039411492124
traffic_load,29,random,0.45,0.825,0.030742582104320217,-0.7200868754253049,0.33159789893389824,0.21545590917749358,38.39947630561663,0.23829078667813822,0.17630977437104103,0.6754895328934067
traffic_load,30,proposed_hybrid,0.45,0.825,0.12304527950954755,-0.6461919101744019,0.3629309408483697,0.23955428074805382,30.838524268854382,0.43200523246788486,0.1839300721663777,0.5665564419143109
traffic_load,30,latency_first,0.44166666666666665,0.8166666666666667,0.07900840466455188,-0.6923389481414173,0.34189610111681046,0.23224228634576088,28.250395821033706,0.35026159144834557,0.19097045301174917,0.6091914011566126
traffic_load,30,pqc_trust,0.5333333333333333,0.9166666666666666,0.15148524209985226,-0.6173410541484678,0.30418671772111866,0.243610466627002,31.404426992527537,0.5037187443666777,0.19830494981052396,0.541727499327245
traffic_load,30,qkd_priority,0.48333333333333334,0.8166666666666667,0.1027102400368349,-0.6454127698387078,0.37123890664302245,0.24283816464048805,34.04488513618031,0.42433128647107315,0.21725418962261575,0.5891627833000621
traffic_load,30,max_margin_greedy,0.45,0.7916666666666666,0.10326946133908445,-0.6620510249453235,0.35898600387344565,0.2384290469885847,37.52365867702783,0.41749816255057687,0.209293603399197,0.5869031112980279
traffic_load,30,shortest_path_pqc,0.4166666666666667,0.8166666666666667,0.07309007617252909,-0.6995967487478653,0.34465803908562853,0.23184760205443986,28.13426634679992,0.3396092557067287,0.19225023116533943,0.6150793196806417
traffic_load,30,random,0.4583333333333333,0.8416666666666667,0.05848393448915227,-0.7146828553314397,0.3051749293308257,0.23662082263987153,38.094794202849606,0.342513266189781,0.2246021079455224,0.6349373367765061
